gpkg_file;geojson_file;idsls;similarity_percentage;status;common_count;only_in_gpkg_count;only_in_geojson_count
200 PAKISJAYA\desa_3215200001.gpkg;3215_SLS\desa_3215200001.geojson;32152000010011;100.0%;sama;11;0;0
200 PAKISJAYA\desa_3215200001.gpkg;3215_SLS\desa_3215200001.geojson;32152000010005;100.0%;sama;11;0;0
200 PAKISJAYA\desa_3215200001.gpkg;3215_SLS\desa_3215200001.geojson;32152000010008;100.0%;sama;11;0;0
200 PAKISJAYA\desa_3215200001.gpkg;3215_SLS\desa_3215200001.geojson;32152000010002;100.0%;sama;11;0;0
200 PAKISJAYA\desa_3215200001.gpkg;3215_SLS\desa_3215200001.geojson;32152000010006;100.0%;sama;11;0;0
200 PAKISJAYA\desa_3215200001.gpkg;3215_SLS\desa_3215200001.geojson;32152000010007;100.0%;sama;11;0;0
200 PAKISJAYA\desa_3215200001.gpkg;3215_SLS\desa_3215200001.geojson;32152000010004;100.0%;sama;11;0;0
200 PAKISJAYA\desa_3215200001.gpkg;3215_SLS\desa_3215200001.geojson;32152000010010;100.0%;sama;11;0;0
200 PAKISJAYA\desa_3215200001.gpkg;3215_SLS\desa_3215200001.geojson;32152000010003;100.0%;sama;11;0;0
200 PAKISJAYA\desa_3215200001.gpkg;3215_SLS\desa_3215200001.geojson;32152000010001;100.0%;sama;11;0;0
200 PAKISJAYA\desa_3215200001.gpkg;3215_SLS\desa_3215200001.geojson;32152000010009;100.0%;sama;11;0;0
190 BATUJAYA\desa_3215190009.gpkg;3215_SLS\desa_3215190009.geojson;32151900091003;100.0%;sama;22;0;0
190 BATUJAYA\desa_3215190009.gpkg;3215_SLS\desa_3215190009.geojson;32151900090010;100.0%;sama;22;0;0
190 BATUJAYA\desa_3215190009.gpkg;3215_SLS\desa_3215190009.geojson;32151900090013;100.0%;sama;22;0;0
190 BATUJAYA\desa_3215190009.gpkg;3215_SLS\desa_3215190009.geojson;32151900091005;100.0%;sama;22;0;0
190 BATUJAYA\desa_3215190009.gpkg;3215_SLS\desa_3215190009.geojson;32151900090009;100.0%;sama;22;0;0
190 BATUJAYA\desa_3215190009.gpkg;3215_SLS\desa_3215190009.geojson;32151900090005;100.0%;sama;22;0;0
190 BATUJAYA\desa_3215190009.gpkg;3215_SLS\desa_3215190009.geojson;32151900091002;100.0%;sama;22;0;0
190 BATUJAYA\desa_3215190009.gpkg;3215_SLS\desa_3215190009.geojson;32151900090002;100.0%;sama;22;0;0
190 BATUJAYA\desa_3215190009.gpkg;3215_SLS\desa_3215190009.geojson;32151900091004;99.62%;sama;22;0;0
190 BATUJAYA\desa_3215190009.gpkg;3215_SLS\desa_3215190009.geojson;32151900090012;96.9%;sama;22;0;0
190 BATUJAYA\desa_3215190009.gpkg;3215_SLS\desa_3215190009.geojson;32151900090003;100.0%;sama;22;0;0
190 BATUJAYA\desa_3215190009.gpkg;3215_SLS\desa_3215190009.geojson;32151900091006;100.0%;sama;22;0;0
190 BATUJAYA\desa_3215190009.gpkg;3215_SLS\desa_3215190009.geojson;32151900090008;100.0%;sama;22;0;0
190 BATUJAYA\desa_3215190009.gpkg;3215_SLS\desa_3215190009.geojson;32151900090011;100.0%;sama;22;0;0
190 BATUJAYA\desa_3215190009.gpkg;3215_SLS\desa_3215190009.geojson;32151900090014;100.0%;sama;22;0;0
190 BATUJAYA\desa_3215190009.gpkg;3215_SLS\desa_3215190009.geojson;32151900091007;100.0%;sama;22;0;0
190 BATUJAYA\desa_3215190009.gpkg;3215_SLS\desa_3215190009.geojson;32151900090015;100.0%;sama;22;0;0
190 BATUJAYA\desa_3215190009.gpkg;3215_SLS\desa_3215190009.geojson;32151900090006;100.0%;sama;22;0;0
190 BATUJAYA\desa_3215190009.gpkg;3215_SLS\desa_3215190009.geojson;32151900091001;100.0%;sama;22;0;0
190 BATUJAYA\desa_3215190009.gpkg;3215_SLS\desa_3215190009.geojson;32151900090007;100.0%;sama;22;0;0
190 BATUJAYA\desa_3215190009.gpkg;3215_SLS\desa_3215190009.geojson;32151900090004;100.0%;sama;22;0;0
190 BATUJAYA\desa_3215190009.gpkg;3215_SLS\desa_3215190009.geojson;32151900090001;100.0%;sama;22;0;0
190 BATUJAYA\desa_3215190010.gpkg;3215_SLS\desa_3215190010.geojson;32151900100001;100.0%;sama;24;0;0
190 BATUJAYA\desa_3215190010.gpkg;3215_SLS\desa_3215190010.geojson;32151900101006;100.0%;sama;24;0;0
190 BATUJAYA\desa_3215190010.gpkg;3215_SLS\desa_3215190010.geojson;32151900100014;94.58%;sama;24;0;0
190 BATUJAYA\desa_3215190010.gpkg;3215_SLS\desa_3215190010.geojson;32151900100010;100.0%;sama;24;0;0
190 BATUJAYA\desa_3215190010.gpkg;3215_SLS\desa_3215190010.geojson;32151900100003;100.0%;sama;24;0;0
190 BATUJAYA\desa_3215190010.gpkg;3215_SLS\desa_3215190010.geojson;32151900100009;100.0%;sama;24;0;0
190 BATUJAYA\desa_3215190010.gpkg;3215_SLS\desa_3215190010.geojson;32151900100007;100.0%;sama;24;0;0
190 BATUJAYA\desa_3215190010.gpkg;3215_SLS\desa_3215190010.geojson;32151900100002;100.0%;sama;24;0;0
190 BATUJAYA\desa_3215190010.gpkg;3215_SLS\desa_3215190010.geojson;32151900100016;100.0%;sama;24;0;0
190 BATUJAYA\desa_3215190010.gpkg;3215_SLS\desa_3215190010.geojson;32151900101005;100.0%;sama;24;0;0
190 BATUJAYA\desa_3215190010.gpkg;3215_SLS\desa_3215190010.geojson;32151900101001;99.98%;sama;24;0;0
190 BATUJAYA\desa_3215190010.gpkg;3215_SLS\desa_3215190010.geojson;32151900100008;100.0%;sama;24;0;0
190 BATUJAYA\desa_3215190010.gpkg;3215_SLS\desa_3215190010.geojson;32151900100017;100.0%;sama;24;0;0
190 BATUJAYA\desa_3215190010.gpkg;3215_SLS\desa_3215190010.geojson;32151900101007;100.0%;sama;24;0;0
190 BATUJAYA\desa_3215190010.gpkg;3215_SLS\desa_3215190010.geojson;32151900103004;100.0%;sama;24;0;0
190 BATUJAYA\desa_3215190010.gpkg;3215_SLS\desa_3215190010.geojson;32151900100011;100.0%;sama;24;0;0
190 BATUJAYA\desa_3215190010.gpkg;3215_SLS\desa_3215190010.geojson;32151900100004;100.0%;sama;24;0;0
190 BATUJAYA\desa_3215190010.gpkg;3215_SLS\desa_3215190010.geojson;32151900101003;100.0%;sama;24;0;0
190 BATUJAYA\desa_3215190010.gpkg;3215_SLS\desa_3215190010.geojson;32151900100012;100.0%;sama;24;0;0
190 BATUJAYA\desa_3215190010.gpkg;3215_SLS\desa_3215190010.geojson;32151900100013;100.0%;sama;24;0;0
190 BATUJAYA\desa_3215190010.gpkg;3215_SLS\desa_3215190010.geojson;32151900100006;100.0%;sama;24;0;0
190 BATUJAYA\desa_3215190010.gpkg;3215_SLS\desa_3215190010.geojson;32151900100015;100.0%;sama;24;0;0
190 BATUJAYA\desa_3215190010.gpkg;3215_SLS\desa_3215190010.geojson;32151900101002;100.0%;sama;24;0;0
190 BATUJAYA\desa_3215190010.gpkg;3215_SLS\desa_3215190010.geojson;32151900100005;92.95%;sama;24;0;0
151 JAYAKERTA\desa_3215151006.gpkg;3215_SLS\desa_3215151006.geojson;32151510060023;100.0%;sama;31;0;0
151 JAYAKERTA\desa_3215151006.gpkg;3215_SLS\desa_3215151006.geojson;32151510060004;93.92%;sama;31;0;0
151 JAYAKERTA\desa_3215151006.gpkg;3215_SLS\desa_3215151006.geojson;32151510060008;100.0%;sama;31;0;0
151 JAYAKERTA\desa_3215151006.gpkg;3215_SLS\desa_3215151006.geojson;32151510060007;100.0%;sama;31;0;0
151 JAYAKERTA\desa_3215151006.gpkg;3215_SLS\desa_3215151006.geojson;32151510060027;100.0%;sama;31;0;0
151 JAYAKERTA\desa_3215151006.gpkg;3215_SLS\desa_3215151006.geojson;32151510060021;91.69%;sama;31;0;0
151 JAYAKERTA\desa_3215151006.gpkg;3215_SLS\desa_3215151006.geojson;32151510060030;100.0%;sama;31;0;0
151 JAYAKERTA\desa_3215151006.gpkg;3215_SLS\desa_3215151006.geojson;32151510060014;100.0%;sama;31;0;0
151 JAYAKERTA\desa_3215151006.gpkg;3215_SLS\desa_3215151006.geojson;32151510060005;93.21%;sama;31;0;0
151 JAYAKERTA\desa_3215151006.gpkg;3215_SLS\desa_3215151006.geojson;32151510060017;100.0%;sama;31;0;0
151 JAYAKERTA\desa_3215151006.gpkg;3215_SLS\desa_3215151006.geojson;32151510060020;94.28%;sama;31;0;0
151 JAYAKERTA\desa_3215151006.gpkg;3215_SLS\desa_3215151006.geojson;32151510060011;100.0%;sama;31;0;0
151 JAYAKERTA\desa_3215151006.gpkg;3215_SLS\desa_3215151006.geojson;32151510060018;100.0%;sama;31;0;0
151 JAYAKERTA\desa_3215151006.gpkg;3215_SLS\desa_3215151006.geojson;32151510060025;100.0%;sama;31;0;0
151 JAYAKERTA\desa_3215151006.gpkg;3215_SLS\desa_3215151006.geojson;32151510060024;100.0%;sama;31;0;0
151 JAYAKERTA\desa_3215151006.gpkg;3215_SLS\desa_3215151006.geojson;32151510060029;100.0%;sama;31;0;0
151 JAYAKERTA\desa_3215151006.gpkg;3215_SLS\desa_3215151006.geojson;32151510060031;100.0%;sama;31;0;0
151 JAYAKERTA\desa_3215151006.gpkg;3215_SLS\desa_3215151006.geojson;32151510060028;100.0%;sama;31;0;0
151 JAYAKERTA\desa_3215151006.gpkg;3215_SLS\desa_3215151006.geojson;32151510060001;100.0%;sama;31;0;0
151 JAYAKERTA\desa_3215151006.gpkg;3215_SLS\desa_3215151006.geojson;32151510060006;89.85%;sama;31;0;0
151 JAYAKERTA\desa_3215151006.gpkg;3215_SLS\desa_3215151006.geojson;32151510060026;100.0%;sama;31;0;0
151 JAYAKERTA\desa_3215151006.gpkg;3215_SLS\desa_3215151006.geojson;32151510060015;100.0%;sama;31;0;0
151 JAYAKERTA\desa_3215151006.gpkg;3215_SLS\desa_3215151006.geojson;32151510060003;80.3%;sama;31;0;0
151 JAYAKERTA\desa_3215151006.gpkg;3215_SLS\desa_3215151006.geojson;32151510060016;100.0%;sama;31;0;0
151 JAYAKERTA\desa_3215151006.gpkg;3215_SLS\desa_3215151006.geojson;32151510060012;100.0%;sama;31;0;0
151 JAYAKERTA\desa_3215151006.gpkg;3215_SLS\desa_3215151006.geojson;32151510060002;100.0%;sama;31;0;0
151 JAYAKERTA\desa_3215151006.gpkg;3215_SLS\desa_3215151006.geojson;32151510060022;96.98%;sama;31;0;0
151 JAYAKERTA\desa_3215151006.gpkg;3215_SLS\desa_3215151006.geojson;32151510060010;100.0%;sama;31;0;0
151 JAYAKERTA\desa_3215151006.gpkg;3215_SLS\desa_3215151006.geojson;32151510060019;74.42%;sama;31;0;0
151 JAYAKERTA\desa_3215151006.gpkg;3215_SLS\desa_3215151006.geojson;32151510060013;100.0%;sama;31;0;0
151 JAYAKERTA\desa_3215151006.gpkg;3215_SLS\desa_3215151006.geojson;32151510060009;100.0%;sama;31;0;0
151 JAYAKERTA\desa_3215151003.gpkg;3215_SLS\desa_3215151003.geojson;32151510030008;70.57%;sama;24;0;0
151 JAYAKERTA\desa_3215151003.gpkg;3215_SLS\desa_3215151003.geojson;32151510030005;100.0%;sama;24;0;0
151 JAYAKERTA\desa_3215151003.gpkg;3215_SLS\desa_3215151003.geojson;32151510030004;96.72%;sama;24;0;0
151 JAYAKERTA\desa_3215151003.gpkg;3215_SLS\desa_3215151003.geojson;32151510030013;96.64%;sama;24;0;0
151 JAYAKERTA\desa_3215151003.gpkg;3215_SLS\desa_3215151003.geojson;32151510030014;100.0%;sama;24;0;0
151 JAYAKERTA\desa_3215151003.gpkg;3215_SLS\desa_3215151003.geojson;32151510031001;99.62%;sama;24;0;0
151 JAYAKERTA\desa_3215151003.gpkg;3215_SLS\desa_3215151003.geojson;32151510030023;100.0%;sama;24;0;0
151 JAYAKERTA\desa_3215151003.gpkg;3215_SLS\desa_3215151003.geojson;32151510030007;75.14%;sama;24;0;0
151 JAYAKERTA\desa_3215151003.gpkg;3215_SLS\desa_3215151003.geojson;32151510030010;100.0%;sama;24;0;0
151 JAYAKERTA\desa_3215151003.gpkg;3215_SLS\desa_3215151003.geojson;32151510030018;73.51%;sama;24;0;0
151 JAYAKERTA\desa_3215151003.gpkg;3215_SLS\desa_3215151003.geojson;32151510030019;96.92%;sama;24;0;0
151 JAYAKERTA\desa_3215151003.gpkg;3215_SLS\desa_3215151003.geojson;32151510030016;100.0%;sama;24;0;0
151 JAYAKERTA\desa_3215151003.gpkg;3215_SLS\desa_3215151003.geojson;32151510030022;89.64%;sama;24;0;0
151 JAYAKERTA\desa_3215151003.gpkg;3215_SLS\desa_3215151003.geojson;32151510030011;100.0%;sama;24;0;0
151 JAYAKERTA\desa_3215151003.gpkg;3215_SLS\desa_3215151003.geojson;32151510030003;87.52%;sama;24;0;0
151 JAYAKERTA\desa_3215151003.gpkg;3215_SLS\desa_3215151003.geojson;32151510030015;100.0%;sama;24;0;0
151 JAYAKERTA\desa_3215151003.gpkg;3215_SLS\desa_3215151003.geojson;32151510030002;76.41%;sama;24;0;0
151 JAYAKERTA\desa_3215151003.gpkg;3215_SLS\desa_3215151003.geojson;32151510030020;97.53%;sama;24;0;0
151 JAYAKERTA\desa_3215151003.gpkg;3215_SLS\desa_3215151003.geojson;32151510030001;96.81%;sama;24;0;0
151 JAYAKERTA\desa_3215151003.gpkg;3215_SLS\desa_3215151003.geojson;32151510030021;88.37%;sama;24;0;0
151 JAYAKERTA\desa_3215151003.gpkg;3215_SLS\desa_3215151003.geojson;32151510030009;100.0%;sama;24;0;0
151 JAYAKERTA\desa_3215151003.gpkg;3215_SLS\desa_3215151003.geojson;32151510030012;89.15%;sama;24;0;0
151 JAYAKERTA\desa_3215151003.gpkg;3215_SLS\desa_3215151003.geojson;32151510030006;83.83%;sama;24;0;0
151 JAYAKERTA\desa_3215151003.gpkg;3215_SLS\desa_3215151003.geojson;32151510030017;52.09%;sama;24;0;0
151 JAYAKERTA\desa_3215151008.gpkg;3215_SLS\desa_3215151008.geojson;32151510080010;74.84%;sama;12;1;0
151 JAYAKERTA\desa_3215151008.gpkg;3215_SLS\desa_3215151008.geojson;32151510080001;10.01%;sama;12;1;0
151 JAYAKERTA\desa_3215151008.gpkg;3215_SLS\desa_3215151008.geojson;32151510080011;100.0%;sama;12;1;0
151 JAYAKERTA\desa_3215151008.gpkg;3215_SLS\desa_3215151008.geojson;32151510080007;100.0%;sama;12;1;0
151 JAYAKERTA\desa_3215151008.gpkg;3215_SLS\desa_3215151008.geojson;32151510080006;98.34%;sama;12;1;0
151 JAYAKERTA\desa_3215151008.gpkg;3215_SLS\desa_3215151008.geojson;32151510080004;98.89%;sama;12;1;0
151 JAYAKERTA\desa_3215151008.gpkg;3215_SLS\desa_3215151008.geojson;32151510080005;95.71%;sama;12;1;0
151 JAYAKERTA\desa_3215151008.gpkg;3215_SLS\desa_3215151008.geojson;32151510080002;96.22%;sama;12;1;0
151 JAYAKERTA\desa_3215151008.gpkg;3215_SLS\desa_3215151008.geojson;32151510081001;0.0%;hanya_di_gpkg;12;1;0
151 JAYAKERTA\desa_3215151008.gpkg;3215_SLS\desa_3215151008.geojson;32151510080008;100.0%;sama;12;1;0
151 JAYAKERTA\desa_3215151008.gpkg;3215_SLS\desa_3215151008.geojson;32151510080012;10.39%;sama;12;1;0
151 JAYAKERTA\desa_3215151008.gpkg;3215_SLS\desa_3215151008.geojson;32151510080003;84.59%;sama;12;1;0
151 JAYAKERTA\desa_3215151008.gpkg;3215_SLS\desa_3215151008.geojson;32151510080009;100.0%;sama;12;1;0
151 JAYAKERTA\desa_3215151007.gpkg;3215_SLS\desa_3215151007.geojson;32151510070006;100.0%;sama;18;0;0
151 JAYAKERTA\desa_3215151007.gpkg;3215_SLS\desa_3215151007.geojson;32151510070004;100.0%;sama;18;0;0
151 JAYAKERTA\desa_3215151007.gpkg;3215_SLS\desa_3215151007.geojson;32151510070009;100.0%;sama;18;0;0
151 JAYAKERTA\desa_3215151007.gpkg;3215_SLS\desa_3215151007.geojson;32151510070001;100.0%;sama;18;0;0
151 JAYAKERTA\desa_3215151007.gpkg;3215_SLS\desa_3215151007.geojson;32151510070008;100.0%;sama;18;0;0
151 JAYAKERTA\desa_3215151007.gpkg;3215_SLS\desa_3215151007.geojson;32151510070010;100.0%;sama;18;0;0
151 JAYAKERTA\desa_3215151007.gpkg;3215_SLS\desa_3215151007.geojson;32151510070012;100.0%;sama;18;0;0
151 JAYAKERTA\desa_3215151007.gpkg;3215_SLS\desa_3215151007.geojson;32151510070005;100.0%;sama;18;0;0
151 JAYAKERTA\desa_3215151007.gpkg;3215_SLS\desa_3215151007.geojson;32151510070014;100.0%;sama;18;0;0
151 JAYAKERTA\desa_3215151007.gpkg;3215_SLS\desa_3215151007.geojson;32151510070003;100.0%;sama;18;0;0
151 JAYAKERTA\desa_3215151007.gpkg;3215_SLS\desa_3215151007.geojson;32151510070007;100.0%;sama;18;0;0
151 JAYAKERTA\desa_3215151007.gpkg;3215_SLS\desa_3215151007.geojson;32151510071003;100.0%;sama;18;0;0
151 JAYAKERTA\desa_3215151007.gpkg;3215_SLS\desa_3215151007.geojson;32151510071004;100.0%;sama;18;0;0
151 JAYAKERTA\desa_3215151007.gpkg;3215_SLS\desa_3215151007.geojson;32151510071001;100.0%;sama;18;0;0
151 JAYAKERTA\desa_3215151007.gpkg;3215_SLS\desa_3215151007.geojson;32151510070013;100.0%;sama;18;0;0
151 JAYAKERTA\desa_3215151007.gpkg;3215_SLS\desa_3215151007.geojson;32151510071002;38.31%;sama;18;0;0
151 JAYAKERTA\desa_3215151007.gpkg;3215_SLS\desa_3215151007.geojson;32151510070002;100.0%;sama;18;0;0
151 JAYAKERTA\desa_3215151007.gpkg;3215_SLS\desa_3215151007.geojson;32151510070011;100.0%;sama;18;0;0
180 TIRTAJAYA\desa_3215180010.gpkg;3215_SLS\desa_3215180010.geojson;32151800100001;38.49%;sama;16;4;0
180 TIRTAJAYA\desa_3215180010.gpkg;3215_SLS\desa_3215180010.geojson;32151800100010;73.92%;sama;16;4;0
180 TIRTAJAYA\desa_3215180010.gpkg;3215_SLS\desa_3215180010.geojson;32151800100003;10.32%;sama;16;4;0
180 TIRTAJAYA\desa_3215180010.gpkg;3215_SLS\desa_3215180010.geojson;32151800100005;25.81%;sama;16;4;0
180 TIRTAJAYA\desa_3215180010.gpkg;3215_SLS\desa_3215180010.geojson;32151800100002;24.21%;sama;16;4;0
180 TIRTAJAYA\desa_3215180010.gpkg;3215_SLS\desa_3215180010.geojson;32151800101004;0.0%;hanya_di_gpkg;16;4;0
180 TIRTAJAYA\desa_3215180010.gpkg;3215_SLS\desa_3215180010.geojson;32151800100013;3.07%;sama;16;4;0
180 TIRTAJAYA\desa_3215180010.gpkg;3215_SLS\desa_3215180010.geojson;32151800100016;11.48%;sama;16;4;0
180 TIRTAJAYA\desa_3215180010.gpkg;3215_SLS\desa_3215180010.geojson;32151800100006;8.1%;sama;16;4;0
180 TIRTAJAYA\desa_3215180010.gpkg;3215_SLS\desa_3215180010.geojson;32151800100012;5.81%;sama;16;4;0
180 TIRTAJAYA\desa_3215180010.gpkg;3215_SLS\desa_3215180010.geojson;32151800100004;30.26%;sama;16;4;0
180 TIRTAJAYA\desa_3215180010.gpkg;3215_SLS\desa_3215180010.geojson;32151800100015;1.6%;sama;16;4;0
180 TIRTAJAYA\desa_3215180010.gpkg;3215_SLS\desa_3215180010.geojson;32151800100008;21.89%;sama;16;4;0
180 TIRTAJAYA\desa_3215180010.gpkg;3215_SLS\desa_3215180010.geojson;32151800100007;28.95%;sama;16;4;0
180 TIRTAJAYA\desa_3215180010.gpkg;3215_SLS\desa_3215180010.geojson;32151800101001;0.0%;hanya_di_gpkg;16;4;0
180 TIRTAJAYA\desa_3215180010.gpkg;3215_SLS\desa_3215180010.geojson;32151800100014;23.23%;sama;16;4;0
180 TIRTAJAYA\desa_3215180010.gpkg;3215_SLS\desa_3215180010.geojson;32151800100011;32.3%;sama;16;4;0
180 TIRTAJAYA\desa_3215180010.gpkg;3215_SLS\desa_3215180010.geojson;32151800101003;0.0%;hanya_di_gpkg;16;4;0
180 TIRTAJAYA\desa_3215180010.gpkg;3215_SLS\desa_3215180010.geojson;32151800100009;9.7%;sama;16;4;0
180 TIRTAJAYA\desa_3215180010.gpkg;3215_SLS\desa_3215180010.geojson;32151800101002;0.0%;hanya_di_gpkg;16;4;0
180 TIRTAJAYA\desa_3215180003.gpkg;3215_SLS\desa_3215180003.geojson;32151800031002;0.0%;hanya_di_gpkg;15;2;0
180 TIRTAJAYA\desa_3215180003.gpkg;3215_SLS\desa_3215180003.geojson;32151800030012;100.0%;sama;15;2;0
180 TIRTAJAYA\desa_3215180003.gpkg;3215_SLS\desa_3215180003.geojson;32151800030005;9.48%;sama;15;2;0
180 TIRTAJAYA\desa_3215180003.gpkg;3215_SLS\desa_3215180003.geojson;32151800030006;28.68%;sama;15;2;0
180 TIRTAJAYA\desa_3215180003.gpkg;3215_SLS\desa_3215180003.geojson;32151800031001;0.0%;hanya_di_gpkg;15;2;0
180 TIRTAJAYA\desa_3215180003.gpkg;3215_SLS\desa_3215180003.geojson;32151800030011;18.37%;sama;15;2;0
180 TIRTAJAYA\desa_3215180003.gpkg;3215_SLS\desa_3215180003.geojson;32151800030009;48.34%;sama;15;2;0
180 TIRTAJAYA\desa_3215180003.gpkg;3215_SLS\desa_3215180003.geojson;32151800030002;100.0%;sama;15;2;0
180 TIRTAJAYA\desa_3215180003.gpkg;3215_SLS\desa_3215180003.geojson;32151800030007;44.78%;sama;15;2;0
180 TIRTAJAYA\desa_3215180003.gpkg;3215_SLS\desa_3215180003.geojson;32151800030004;10.02%;sama;15;2;0
180 TIRTAJAYA\desa_3215180003.gpkg;3215_SLS\desa_3215180003.geojson;32151800030015;6.43%;sama;15;2;0
180 TIRTAJAYA\desa_3215180003.gpkg;3215_SLS\desa_3215180003.geojson;32151800030003;98.17%;sama;15;2;0
180 TIRTAJAYA\desa_3215180003.gpkg;3215_SLS\desa_3215180003.geojson;32151800030001;91.86%;sama;15;2;0
180 TIRTAJAYA\desa_3215180003.gpkg;3215_SLS\desa_3215180003.geojson;32151800030008;43.46%;sama;15;2;0
180 TIRTAJAYA\desa_3215180003.gpkg;3215_SLS\desa_3215180003.geojson;32151800030014;100.0%;sama;15;2;0
180 TIRTAJAYA\desa_3215180003.gpkg;3215_SLS\desa_3215180003.geojson;32151800030010;29.23%;sama;15;2;0
180 TIRTAJAYA\desa_3215180003.gpkg;3215_SLS\desa_3215180003.geojson;32151800030013;21.26%;sama;15;2;0
180 TIRTAJAYA\desa_3215180002.gpkg;3215_SLS\desa_3215180002.geojson;32151800020007;19.81%;sama;12;3;0
180 TIRTAJAYA\desa_3215180002.gpkg;3215_SLS\desa_3215180002.geojson;32151800020006;15.22%;sama;12;3;0
180 TIRTAJAYA\desa_3215180002.gpkg;3215_SLS\desa_3215180002.geojson;32151800021002;0.0%;hanya_di_gpkg;12;3;0
180 TIRTAJAYA\desa_3215180002.gpkg;3215_SLS\desa_3215180002.geojson;32151800020010;18.75%;sama;12;3;0
180 TIRTAJAYA\desa_3215180002.gpkg;3215_SLS\desa_3215180002.geojson;32151800020011;3.59%;sama;12;3;0
180 TIRTAJAYA\desa_3215180002.gpkg;3215_SLS\desa_3215180002.geojson;32151800020001;52.92%;sama;12;3;0
180 TIRTAJAYA\desa_3215180002.gpkg;3215_SLS\desa_3215180002.geojson;32151800020009;18.36%;sama;12;3;0
180 TIRTAJAYA\desa_3215180002.gpkg;3215_SLS\desa_3215180002.geojson;32151800021003;0.0%;hanya_di_gpkg;12;3;0
180 TIRTAJAYA\desa_3215180002.gpkg;3215_SLS\desa_3215180002.geojson;32151800020008;15.65%;sama;12;3;0
180 TIRTAJAYA\desa_3215180002.gpkg;3215_SLS\desa_3215180002.geojson;32151800020005;24.2%;sama;12;3;0
180 TIRTAJAYA\desa_3215180002.gpkg;3215_SLS\desa_3215180002.geojson;32151800020002;74.65%;sama;12;3;0
180 TIRTAJAYA\desa_3215180002.gpkg;3215_SLS\desa_3215180002.geojson;32151800020012;90.37%;sama;12;3;0
180 TIRTAJAYA\desa_3215180002.gpkg;3215_SLS\desa_3215180002.geojson;32151800021001;0.0%;hanya_di_gpkg;12;3;0
180 TIRTAJAYA\desa_3215180002.gpkg;3215_SLS\desa_3215180002.geojson;32151800020003;84.32%;sama;12;3;0
180 TIRTAJAYA\desa_3215180002.gpkg;3215_SLS\desa_3215180002.geojson;32151800020004;23.63%;sama;12;3;0
180 TIRTAJAYA\desa_3215180001.gpkg;3215_SLS\desa_3215180001.geojson;32151800010005;45.84%;sama;13;3;0
180 TIRTAJAYA\desa_3215180001.gpkg;3215_SLS\desa_3215180001.geojson;32151800010001;20.38%;sama;13;3;0
180 TIRTAJAYA\desa_3215180001.gpkg;3215_SLS\desa_3215180001.geojson;32151800010009;23.58%;sama;13;3;0
180 TIRTAJAYA\desa_3215180001.gpkg;3215_SLS\desa_3215180001.geojson;32151800010007;10.44%;sama;13;3;0
180 TIRTAJAYA\desa_3215180001.gpkg;3215_SLS\desa_3215180001.geojson;32151800010013;23.77%;sama;13;3;0
180 TIRTAJAYA\desa_3215180001.gpkg;3215_SLS\desa_3215180001.geojson;32151800010008;24.43%;sama;13;3;0
180 TIRTAJAYA\desa_3215180001.gpkg;3215_SLS\desa_3215180001.geojson;32151800011003;0.0%;hanya_di_gpkg;13;3;0
180 TIRTAJAYA\desa_3215180001.gpkg;3215_SLS\desa_3215180001.geojson;32151800010003;15.85%;sama;13;3;0
180 TIRTAJAYA\desa_3215180001.gpkg;3215_SLS\desa_3215180001.geojson;32151800010010;73.11%;sama;13;3;0
180 TIRTAJAYA\desa_3215180001.gpkg;3215_SLS\desa_3215180001.geojson;32151800010012;19.13%;sama;13;3;0
180 TIRTAJAYA\desa_3215180001.gpkg;3215_SLS\desa_3215180001.geojson;32151800011002;0.0%;hanya_di_gpkg;13;3;0
180 TIRTAJAYA\desa_3215180001.gpkg;3215_SLS\desa_3215180001.geojson;32151800010006;48.57%;sama;13;3;0
180 TIRTAJAYA\desa_3215180001.gpkg;3215_SLS\desa_3215180001.geojson;32151800010002;12.09%;sama;13;3;0
180 TIRTAJAYA\desa_3215180001.gpkg;3215_SLS\desa_3215180001.geojson;32151800011001;0.0%;hanya_di_gpkg;13;3;0
180 TIRTAJAYA\desa_3215180001.gpkg;3215_SLS\desa_3215180001.geojson;32151800010011;12.25%;sama;13;3;0
180 TIRTAJAYA\desa_3215180001.gpkg;3215_SLS\desa_3215180001.geojson;32151800010004;15.88%;sama;13;3;0
180 TIRTAJAYA\desa_3215180007.gpkg;3215_SLS\desa_3215180007.geojson;32151800070010;99.88%;sama;13;1;0
180 TIRTAJAYA\desa_3215180007.gpkg;3215_SLS\desa_3215180007.geojson;32151800070007;75.87%;sama;13;1;0
180 TIRTAJAYA\desa_3215180007.gpkg;3215_SLS\desa_3215180007.geojson;32151800070004;100.0%;sama;13;1;0
180 TIRTAJAYA\desa_3215180007.gpkg;3215_SLS\desa_3215180007.geojson;32151800070002;100.0%;sama;13;1;0
180 TIRTAJAYA\desa_3215180007.gpkg;3215_SLS\desa_3215180007.geojson;32151800070006;79.25%;sama;13;1;0
180 TIRTAJAYA\desa_3215180007.gpkg;3215_SLS\desa_3215180007.geojson;32151800070008;47.57%;sama;13;1;0
180 TIRTAJAYA\desa_3215180007.gpkg;3215_SLS\desa_3215180007.geojson;32151800070009;96.15%;sama;13;1;0
180 TIRTAJAYA\desa_3215180007.gpkg;3215_SLS\desa_3215180007.geojson;32151800070003;92.58%;sama;13;1;0
180 TIRTAJAYA\desa_3215180007.gpkg;3215_SLS\desa_3215180007.geojson;32151800070001;99.24%;sama;13;1;0
180 TIRTAJAYA\desa_3215180007.gpkg;3215_SLS\desa_3215180007.geojson;32151800071002;0.0%;hanya_di_gpkg;13;1;0
180 TIRTAJAYA\desa_3215180007.gpkg;3215_SLS\desa_3215180007.geojson;32151800070012;99.85%;sama;13;1;0
180 TIRTAJAYA\desa_3215180007.gpkg;3215_SLS\desa_3215180007.geojson;32151800071001;65.97%;sama;13;1;0
180 TIRTAJAYA\desa_3215180007.gpkg;3215_SLS\desa_3215180007.geojson;32151800070011;100.0%;sama;13;1;0
180 TIRTAJAYA\desa_3215180007.gpkg;3215_SLS\desa_3215180007.geojson;32151800070005;79.9%;sama;13;1;0
180 TIRTAJAYA\desa_3215180006.gpkg;3215_SLS\desa_3215180006.geojson;32151800060004;100.0%;sama;12;0;0
180 TIRTAJAYA\desa_3215180006.gpkg;3215_SLS\desa_3215180006.geojson;32151800060010;68.22%;sama;12;0;0
180 TIRTAJAYA\desa_3215180006.gpkg;3215_SLS\desa_3215180006.geojson;32151800060003;99.45%;sama;12;0;0
180 TIRTAJAYA\desa_3215180006.gpkg;3215_SLS\desa_3215180006.geojson;32151800060006;99.57%;sama;12;0;0
180 TIRTAJAYA\desa_3215180006.gpkg;3215_SLS\desa_3215180006.geojson;32151800060009;99.85%;sama;12;0;0
180 TIRTAJAYA\desa_3215180006.gpkg;3215_SLS\desa_3215180006.geojson;32151800060001;48.66%;sama;12;0;0
180 TIRTAJAYA\desa_3215180006.gpkg;3215_SLS\desa_3215180006.geojson;32151800060002;47.16%;sama;12;0;0
180 TIRTAJAYA\desa_3215180006.gpkg;3215_SLS\desa_3215180006.geojson;32151800060005;99.74%;sama;12;0;0
180 TIRTAJAYA\desa_3215180006.gpkg;3215_SLS\desa_3215180006.geojson;32151800061002;99.94%;sama;12;0;0
180 TIRTAJAYA\desa_3215180006.gpkg;3215_SLS\desa_3215180006.geojson;32151800060007;100.0%;sama;12;0;0
180 TIRTAJAYA\desa_3215180006.gpkg;3215_SLS\desa_3215180006.geojson;32151800061001;93.84%;sama;12;0;0
180 TIRTAJAYA\desa_3215180006.gpkg;3215_SLS\desa_3215180006.geojson;32151800060008;98.75%;sama;12;0;0
180 TIRTAJAYA\desa_3215180011.gpkg;3215_SLS\desa_3215180011.geojson;32151800110010;10.59%;sama;17;3;0
180 TIRTAJAYA\desa_3215180011.gpkg;3215_SLS\desa_3215180011.geojson;32151800110002;25.99%;sama;17;3;0
180 TIRTAJAYA\desa_3215180011.gpkg;3215_SLS\desa_3215180011.geojson;32151800110009;13.58%;sama;17;3;0
180 TIRTAJAYA\desa_3215180011.gpkg;3215_SLS\desa_3215180011.geojson;32151800110003;19.98%;sama;17;3;0
180 TIRTAJAYA\desa_3215180011.gpkg;3215_SLS\desa_3215180011.geojson;32151800111002;0.0%;hanya_di_gpkg;17;3;0
180 TIRTAJAYA\desa_3215180011.gpkg;3215_SLS\desa_3215180011.geojson;32151800110012;34.16%;sama;17;3;0
180 TIRTAJAYA\desa_3215180011.gpkg;3215_SLS\desa_3215180011.geojson;32151800110017;2.36%;sama;17;3;0
180 TIRTAJAYA\desa_3215180011.gpkg;3215_SLS\desa_3215180011.geojson;32151800110014;2.96%;sama;17;3;0
180 TIRTAJAYA\desa_3215180011.gpkg;3215_SLS\desa_3215180011.geojson;32151800110015;18.58%;sama;17;3;0
180 TIRTAJAYA\desa_3215180011.gpkg;3215_SLS\desa_3215180011.geojson;32151800110013;50.13%;sama;17;3;0
180 TIRTAJAYA\desa_3215180011.gpkg;3215_SLS\desa_3215180011.geojson;32151800110011;32.74%;sama;17;3;0
180 TIRTAJAYA\desa_3215180011.gpkg;3215_SLS\desa_3215180011.geojson;32151800111003;0.0%;hanya_di_gpkg;17;3;0
180 TIRTAJAYA\desa_3215180011.gpkg;3215_SLS\desa_3215180011.geojson;32151800110006;9.02%;sama;17;3;0
180 TIRTAJAYA\desa_3215180011.gpkg;3215_SLS\desa_3215180011.geojson;32151800110007;15.07%;sama;17;3;0
180 TIRTAJAYA\desa_3215180011.gpkg;3215_SLS\desa_3215180011.geojson;32151800110016;1.64%;sama;17;3;0
180 TIRTAJAYA\desa_3215180011.gpkg;3215_SLS\desa_3215180011.geojson;32151800111001;0.0%;hanya_di_gpkg;17;3;0
180 TIRTAJAYA\desa_3215180011.gpkg;3215_SLS\desa_3215180011.geojson;32151800110004;17.98%;sama;17;3;0
180 TIRTAJAYA\desa_3215180011.gpkg;3215_SLS\desa_3215180011.geojson;32151800110005;22.01%;sama;17;3;0
180 TIRTAJAYA\desa_3215180011.gpkg;3215_SLS\desa_3215180011.geojson;32151800110008;12.48%;sama;17;3;0
180 TIRTAJAYA\desa_3215180011.gpkg;3215_SLS\desa_3215180011.geojson;32151800110001;10.27%;sama;17;3;0
180 TIRTAJAYA\desa_3215180005.gpkg;3215_SLS\desa_3215180005.geojson;32151800051003;0.0%;hanya_di_gpkg;13;3;0
180 TIRTAJAYA\desa_3215180005.gpkg;3215_SLS\desa_3215180005.geojson;32151800051002;0.0%;hanya_di_gpkg;13;3;0
180 TIRTAJAYA\desa_3215180005.gpkg;3215_SLS\desa_3215180005.geojson;32151800050004;47.01%;sama;13;3;0
180 TIRTAJAYA\desa_3215180005.gpkg;3215_SLS\desa_3215180005.geojson;32151800050006;54.27%;sama;13;3;0
180 TIRTAJAYA\desa_3215180005.gpkg;3215_SLS\desa_3215180005.geojson;32151800050009;6.32%;sama;13;3;0
180 TIRTAJAYA\desa_3215180005.gpkg;3215_SLS\desa_3215180005.geojson;32151800050012;20.7%;sama;13;3;0
180 TIRTAJAYA\desa_3215180005.gpkg;3215_SLS\desa_3215180005.geojson;32151800050008;99.64%;sama;13;3;0
180 TIRTAJAYA\desa_3215180005.gpkg;3215_SLS\desa_3215180005.geojson;32151800050011;11.55%;sama;13;3;0
180 TIRTAJAYA\desa_3215180005.gpkg;3215_SLS\desa_3215180005.geojson;32151800050010;19.53%;sama;13;3;0
180 TIRTAJAYA\desa_3215180005.gpkg;3215_SLS\desa_3215180005.geojson;32151800050003;47.32%;sama;13;3;0
180 TIRTAJAYA\desa_3215180005.gpkg;3215_SLS\desa_3215180005.geojson;32151800050002;27.96%;sama;13;3;0
180 TIRTAJAYA\desa_3215180005.gpkg;3215_SLS\desa_3215180005.geojson;32151800050001;47.95%;sama;13;3;0
180 TIRTAJAYA\desa_3215180005.gpkg;3215_SLS\desa_3215180005.geojson;32151800050007;34.26%;sama;13;3;0
180 TIRTAJAYA\desa_3215180005.gpkg;3215_SLS\desa_3215180005.geojson;32151800050013;7.78%;sama;13;3;0
180 TIRTAJAYA\desa_3215180005.gpkg;3215_SLS\desa_3215180005.geojson;32151800051001;0.0%;hanya_di_gpkg;13;3;0
180 TIRTAJAYA\desa_3215180005.gpkg;3215_SLS\desa_3215180005.geojson;32151800050005;34.98%;sama;13;3;0
180 TIRTAJAYA\desa_3215180004.gpkg;3215_SLS\desa_3215180004.geojson;32151800040005;15.09%;sama;10;1;0
180 TIRTAJAYA\desa_3215180004.gpkg;3215_SLS\desa_3215180004.geojson;32151800040002;13.81%;sama;10;1;0
180 TIRTAJAYA\desa_3215180004.gpkg;3215_SLS\desa_3215180004.geojson;32151800040007;35.43%;sama;10;1;0
180 TIRTAJAYA\desa_3215180004.gpkg;3215_SLS\desa_3215180004.geojson;32151800040010;3.72%;sama;10;1;0
180 TIRTAJAYA\desa_3215180004.gpkg;3215_SLS\desa_3215180004.geojson;32151800041001;0.0%;hanya_di_gpkg;10;1;0
180 TIRTAJAYA\desa_3215180004.gpkg;3215_SLS\desa_3215180004.geojson;32151800040001;30.22%;sama;10;1;0
180 TIRTAJAYA\desa_3215180004.gpkg;3215_SLS\desa_3215180004.geojson;32151800040006;23.06%;sama;10;1;0
180 TIRTAJAYA\desa_3215180004.gpkg;3215_SLS\desa_3215180004.geojson;32151800040004;20.53%;sama;10;1;0
180 TIRTAJAYA\desa_3215180004.gpkg;3215_SLS\desa_3215180004.geojson;32151800040009;27.42%;sama;10;1;0
180 TIRTAJAYA\desa_3215180004.gpkg;3215_SLS\desa_3215180004.geojson;32151800040003;17.5%;sama;10;1;0
180 TIRTAJAYA\desa_3215180004.gpkg;3215_SLS\desa_3215180004.geojson;32151800040008;5.68%;sama;10;1;0
180 TIRTAJAYA\desa_3215180009.gpkg;3215_SLS\desa_3215180009.geojson;32151800091001;0.0%;hanya_di_gpkg;9;3;0
180 TIRTAJAYA\desa_3215180009.gpkg;3215_SLS\desa_3215180009.geojson;32151800091002;0.0%;hanya_di_gpkg;9;3;0
180 TIRTAJAYA\desa_3215180009.gpkg;3215_SLS\desa_3215180009.geojson;32151800090003;98.77%;sama;9;3;0
180 TIRTAJAYA\desa_3215180009.gpkg;3215_SLS\desa_3215180009.geojson;32151800090006;42.09%;sama;9;3;0
180 TIRTAJAYA\desa_3215180009.gpkg;3215_SLS\desa_3215180009.geojson;32151800090005;54.24%;sama;9;3;0
180 TIRTAJAYA\desa_3215180009.gpkg;3215_SLS\desa_3215180009.geojson;32151800090004;13.22%;sama;9;3;0
180 TIRTAJAYA\desa_3215180009.gpkg;3215_SLS\desa_3215180009.geojson;32151800090009;4.34%;sama;9;3;0
180 TIRTAJAYA\desa_3215180009.gpkg;3215_SLS\desa_3215180009.geojson;32151800090001;8.56%;sama;9;3;0
180 TIRTAJAYA\desa_3215180009.gpkg;3215_SLS\desa_3215180009.geojson;32151800090002;8.34%;sama;9;3;0
180 TIRTAJAYA\desa_3215180009.gpkg;3215_SLS\desa_3215180009.geojson;32151800090008;8.94%;sama;9;3;0
180 TIRTAJAYA\desa_3215180009.gpkg;3215_SLS\desa_3215180009.geojson;32151800090007;10.6%;sama;9;3;0
180 TIRTAJAYA\desa_3215180009.gpkg;3215_SLS\desa_3215180009.geojson;32151800091003;0.0%;hanya_di_gpkg;9;3;0
180 TIRTAJAYA\desa_3215180008.gpkg;3215_SLS\desa_3215180008.geojson;32151800080006;26.83%;sama;8;2;0
180 TIRTAJAYA\desa_3215180008.gpkg;3215_SLS\desa_3215180008.geojson;32151800080005;28.68%;sama;8;2;0
180 TIRTAJAYA\desa_3215180008.gpkg;3215_SLS\desa_3215180008.geojson;32151800081002;0.0%;hanya_di_gpkg;8;2;0
180 TIRTAJAYA\desa_3215180008.gpkg;3215_SLS\desa_3215180008.geojson;32151800080008;17.72%;sama;8;2;0
180 TIRTAJAYA\desa_3215180008.gpkg;3215_SLS\desa_3215180008.geojson;32151800080002;9.49%;sama;8;2;0
180 TIRTAJAYA\desa_3215180008.gpkg;3215_SLS\desa_3215180008.geojson;32151800080007;9.26%;sama;8;2;0
180 TIRTAJAYA\desa_3215180008.gpkg;3215_SLS\desa_3215180008.geojson;32151800080001;100.0%;sama;8;2;0
180 TIRTAJAYA\desa_3215180008.gpkg;3215_SLS\desa_3215180008.geojson;32151800080003;58.91%;sama;8;2;0
180 TIRTAJAYA\desa_3215180008.gpkg;3215_SLS\desa_3215180008.geojson;32151800080004;17.88%;sama;8;2;0
180 TIRTAJAYA\desa_3215180008.gpkg;3215_SLS\desa_3215180008.geojson;32151800081001;0.0%;hanya_di_gpkg;8;2;0
150 RENGASDENGKLOK\desa_3215150006.gpkg;3215_SLS\desa_3215150006.geojson;32151500060017;100.0%;sama;60;0;0
150 RENGASDENGKLOK\desa_3215150006.gpkg;3215_SLS\desa_3215150006.geojson;32151500060037;100.0%;sama;60;0;0
150 RENGASDENGKLOK\desa_3215150006.gpkg;3215_SLS\desa_3215150006.geojson;32151500060033;100.0%;sama;60;0;0
150 RENGASDENGKLOK\desa_3215150006.gpkg;3215_SLS\desa_3215150006.geojson;32151500060009;100.0%;sama;60;0;0
150 RENGASDENGKLOK\desa_3215150006.gpkg;3215_SLS\desa_3215150006.geojson;32151500060001;100.0%;sama;60;0;0
150 RENGASDENGKLOK\desa_3215150006.gpkg;3215_SLS\desa_3215150006.geojson;32151500060026;100.0%;sama;60;0;0
150 RENGASDENGKLOK\desa_3215150006.gpkg;3215_SLS\desa_3215150006.geojson;32151500060038;100.0%;sama;60;0;0
150 RENGASDENGKLOK\desa_3215150006.gpkg;3215_SLS\desa_3215150006.geojson;32151500060027;100.0%;sama;60;0;0
150 RENGASDENGKLOK\desa_3215150006.gpkg;3215_SLS\desa_3215150006.geojson;32151500060020;100.0%;sama;60;0;0
150 RENGASDENGKLOK\desa_3215150006.gpkg;3215_SLS\desa_3215150006.geojson;32151500060005;100.0%;sama;60;0;0
150 RENGASDENGKLOK\desa_3215150006.gpkg;3215_SLS\desa_3215150006.geojson;32151500060050;100.0%;sama;60;0;0
150 RENGASDENGKLOK\desa_3215150006.gpkg;3215_SLS\desa_3215150006.geojson;32151500060012;100.0%;sama;60;0;0
150 RENGASDENGKLOK\desa_3215150006.gpkg;3215_SLS\desa_3215150006.geojson;32151500060016;100.0%;sama;60;0;0
150 RENGASDENGKLOK\desa_3215150006.gpkg;3215_SLS\desa_3215150006.geojson;32151500060015;53.88%;sama;60;0;0
150 RENGASDENGKLOK\desa_3215150006.gpkg;3215_SLS\desa_3215150006.geojson;32151500060006;100.0%;sama;60;0;0
150 RENGASDENGKLOK\desa_3215150006.gpkg;3215_SLS\desa_3215150006.geojson;32151500060029;100.0%;sama;60;0;0
150 RENGASDENGKLOK\desa_3215150006.gpkg;3215_SLS\desa_3215150006.geojson;32151500060053;100.0%;sama;60;0;0
150 RENGASDENGKLOK\desa_3215150006.gpkg;3215_SLS\desa_3215150006.geojson;32151500065002;100.0%;sama;60;0;0
150 RENGASDENGKLOK\desa_3215150006.gpkg;3215_SLS\desa_3215150006.geojson;32151500060023;100.0%;sama;60;0;0
150 RENGASDENGKLOK\desa_3215150006.gpkg;3215_SLS\desa_3215150006.geojson;32151500060054;100.0%;sama;60;0;0
150 RENGASDENGKLOK\desa_3215150006.gpkg;3215_SLS\desa_3215150006.geojson;32151500060052;100.0%;sama;60;0;0
150 RENGASDENGKLOK\desa_3215150006.gpkg;3215_SLS\desa_3215150006.geojson;32151500060004;100.0%;sama;60;0;0
150 RENGASDENGKLOK\desa_3215150006.gpkg;3215_SLS\desa_3215150006.geojson;32151500060019;100.0%;sama;60;0;0
150 RENGASDENGKLOK\desa_3215150006.gpkg;3215_SLS\desa_3215150006.geojson;32151500060030;100.0%;sama;60;0;0
150 RENGASDENGKLOK\desa_3215150006.gpkg;3215_SLS\desa_3215150006.geojson;32151500060042;100.0%;sama;60;0;0
150 RENGASDENGKLOK\desa_3215150006.gpkg;3215_SLS\desa_3215150006.geojson;32151500060010;100.0%;sama;60;0;0
150 RENGASDENGKLOK\desa_3215150006.gpkg;3215_SLS\desa_3215150006.geojson;32151500060013;100.0%;sama;60;0;0
150 RENGASDENGKLOK\desa_3215150006.gpkg;3215_SLS\desa_3215150006.geojson;32151500060057;100.0%;sama;60;0;0
150 RENGASDENGKLOK\desa_3215150006.gpkg;3215_SLS\desa_3215150006.geojson;32151500060039;100.0%;sama;60;0;0
150 RENGASDENGKLOK\desa_3215150006.gpkg;3215_SLS\desa_3215150006.geojson;32151500060040;100.0%;sama;60;0;0
150 RENGASDENGKLOK\desa_3215150006.gpkg;3215_SLS\desa_3215150006.geojson;32151500060003;100.0%;sama;60;0;0
150 RENGASDENGKLOK\desa_3215150006.gpkg;3215_SLS\desa_3215150006.geojson;32151500060056;100.0%;sama;60;0;0
150 RENGASDENGKLOK\desa_3215150006.gpkg;3215_SLS\desa_3215150006.geojson;32151500060036;100.0%;sama;60;0;0
150 RENGASDENGKLOK\desa_3215150006.gpkg;3215_SLS\desa_3215150006.geojson;32151500060044;100.0%;sama;60;0;0
150 RENGASDENGKLOK\desa_3215150006.gpkg;3215_SLS\desa_3215150006.geojson;32151500060028;100.0%;sama;60;0;0
150 RENGASDENGKLOK\desa_3215150006.gpkg;3215_SLS\desa_3215150006.geojson;32151500060041;100.0%;sama;60;0;0
150 RENGASDENGKLOK\desa_3215150006.gpkg;3215_SLS\desa_3215150006.geojson;32151500061001;95.18%;sama;60;0;0
150 RENGASDENGKLOK\desa_3215150006.gpkg;3215_SLS\desa_3215150006.geojson;32151500060011;72.0%;sama;60;0;0
150 RENGASDENGKLOK\desa_3215150006.gpkg;3215_SLS\desa_3215150006.geojson;32151500060007;100.0%;sama;60;0;0
150 RENGASDENGKLOK\desa_3215150006.gpkg;3215_SLS\desa_3215150006.geojson;32151500060046;100.0%;sama;60;0;0
150 RENGASDENGKLOK\desa_3215150006.gpkg;3215_SLS\desa_3215150006.geojson;32151500060002;100.0%;sama;60;0;0
150 RENGASDENGKLOK\desa_3215150006.gpkg;3215_SLS\desa_3215150006.geojson;32151500060049;100.0%;sama;60;0;0
150 RENGASDENGKLOK\desa_3215150006.gpkg;3215_SLS\desa_3215150006.geojson;32151500060051;100.0%;sama;60;0;0
150 RENGASDENGKLOK\desa_3215150006.gpkg;3215_SLS\desa_3215150006.geojson;32151500060008;100.0%;sama;60;0;0
150 RENGASDENGKLOK\desa_3215150006.gpkg;3215_SLS\desa_3215150006.geojson;32151500060034;100.0%;sama;60;0;0
150 RENGASDENGKLOK\desa_3215150006.gpkg;3215_SLS\desa_3215150006.geojson;32151500060045;100.0%;sama;60;0;0
150 RENGASDENGKLOK\desa_3215150006.gpkg;3215_SLS\desa_3215150006.geojson;32151500060018;100.0%;sama;60;0;0
150 RENGASDENGKLOK\desa_3215150006.gpkg;3215_SLS\desa_3215150006.geojson;32151500060025;100.0%;sama;60;0;0
150 RENGASDENGKLOK\desa_3215150006.gpkg;3215_SLS\desa_3215150006.geojson;32151500060032;100.0%;sama;60;0;0
150 RENGASDENGKLOK\desa_3215150006.gpkg;3215_SLS\desa_3215150006.geojson;32151500060055;100.0%;sama;60;0;0
150 RENGASDENGKLOK\desa_3215150006.gpkg;3215_SLS\desa_3215150006.geojson;32151500060047;100.0%;sama;60;0;0
150 RENGASDENGKLOK\desa_3215150006.gpkg;3215_SLS\desa_3215150006.geojson;32151500060014;100.0%;sama;60;0;0
150 RENGASDENGKLOK\desa_3215150006.gpkg;3215_SLS\desa_3215150006.geojson;32151500060024;100.0%;sama;60;0;0
150 RENGASDENGKLOK\desa_3215150006.gpkg;3215_SLS\desa_3215150006.geojson;32151500060043;100.0%;sama;60;0;0
150 RENGASDENGKLOK\desa_3215150006.gpkg;3215_SLS\desa_3215150006.geojson;32151500060022;100.0%;sama;60;0;0
150 RENGASDENGKLOK\desa_3215150006.gpkg;3215_SLS\desa_3215150006.geojson;32151500065003;100.0%;sama;60;0;0
150 RENGASDENGKLOK\desa_3215150006.gpkg;3215_SLS\desa_3215150006.geojson;32151500060021;100.0%;sama;60;0;0
150 RENGASDENGKLOK\desa_3215150006.gpkg;3215_SLS\desa_3215150006.geojson;32151500060035;100.0%;sama;60;0;0
150 RENGASDENGKLOK\desa_3215150006.gpkg;3215_SLS\desa_3215150006.geojson;32151500060031;100.0%;sama;60;0;0
150 RENGASDENGKLOK\desa_3215150006.gpkg;3215_SLS\desa_3215150006.geojson;32151500060048;80.53%;sama;60;0;0
170 CIBUAYA\desa_3215170010.gpkg;3215_SLS\desa_3215170010.geojson;32151700100009;1.84%;sama;13;3;0
170 CIBUAYA\desa_3215170010.gpkg;3215_SLS\desa_3215170010.geojson;32151700100003;99.62%;sama;13;3;0
170 CIBUAYA\desa_3215170010.gpkg;3215_SLS\desa_3215170010.geojson;32151700100006;99.78%;sama;13;3;0
170 CIBUAYA\desa_3215170010.gpkg;3215_SLS\desa_3215170010.geojson;32151700100011;91.19%;sama;13;3;0
170 CIBUAYA\desa_3215170010.gpkg;3215_SLS\desa_3215170010.geojson;32151700100010;13.66%;sama;13;3;0
170 CIBUAYA\desa_3215170010.gpkg;3215_SLS\desa_3215170010.geojson;32151700100012;27.84%;sama;13;3;0
170 CIBUAYA\desa_3215170010.gpkg;3215_SLS\desa_3215170010.geojson;32151700100004;10.23%;sama;13;3;0
170 CIBUAYA\desa_3215170010.gpkg;3215_SLS\desa_3215170010.geojson;32151700106002;0.0%;hanya_di_gpkg;13;3;0
170 CIBUAYA\desa_3215170010.gpkg;3215_SLS\desa_3215170010.geojson;32151700100013;100.0%;sama;13;3;0
170 CIBUAYA\desa_3215170010.gpkg;3215_SLS\desa_3215170010.geojson;32151700106001;0.0%;hanya_di_gpkg;13;3;0
170 CIBUAYA\desa_3215170010.gpkg;3215_SLS\desa_3215170010.geojson;32151700100007;97.07%;sama;13;3;0
170 CIBUAYA\desa_3215170010.gpkg;3215_SLS\desa_3215170010.geojson;32151700100005;12.42%;sama;13;3;0
170 CIBUAYA\desa_3215170010.gpkg;3215_SLS\desa_3215170010.geojson;32151700106003;0.0%;hanya_di_gpkg;13;3;0
170 CIBUAYA\desa_3215170010.gpkg;3215_SLS\desa_3215170010.geojson;32151700100001;99.1%;sama;13;3;0
170 CIBUAYA\desa_3215170010.gpkg;3215_SLS\desa_3215170010.geojson;32151700100002;100.0%;sama;13;3;0
170 CIBUAYA\desa_3215170010.gpkg;3215_SLS\desa_3215170010.geojson;32151700100008;100.0%;sama;13;3;0
170 CIBUAYA\desa_3215170008.gpkg;3215_SLS\desa_3215170008.geojson;32151700080012;100.0%;sama;22;0;1
170 CIBUAYA\desa_3215170008.gpkg;3215_SLS\desa_3215170008.geojson;32151700080014;100.0%;sama;22;0;1
170 CIBUAYA\desa_3215170008.gpkg;3215_SLS\desa_3215170008.geojson;32151700081006;100.0%;sama;22;0;1
170 CIBUAYA\desa_3215170008.gpkg;3215_SLS\desa_3215170008.geojson;32151700081001;100.0%;sama;22;0;1
170 CIBUAYA\desa_3215170008.gpkg;3215_SLS\desa_3215170008.geojson;32151700080009;100.0%;sama;22;0;1
170 CIBUAYA\desa_3215170008.gpkg;3215_SLS\desa_3215170008.geojson;32151700080007;0.0%;hanya_di_geojson;22;0;1
170 CIBUAYA\desa_3215170008.gpkg;3215_SLS\desa_3215170008.geojson;32151700080008;100.0%;sama;22;0;1
170 CIBUAYA\desa_3215170008.gpkg;3215_SLS\desa_3215170008.geojson;32151700081005;99.76%;sama;22;0;1
170 CIBUAYA\desa_3215170008.gpkg;3215_SLS\desa_3215170008.geojson;32151700080017;100.0%;sama;22;0;1
170 CIBUAYA\desa_3215170008.gpkg;3215_SLS\desa_3215170008.geojson;32151700080003;100.0%;sama;22;0;1
170 CIBUAYA\desa_3215170008.gpkg;3215_SLS\desa_3215170008.geojson;32151700080015;100.0%;sama;22;0;1
170 CIBUAYA\desa_3215170008.gpkg;3215_SLS\desa_3215170008.geojson;32151700081004;99.74%;sama;22;0;1
170 CIBUAYA\desa_3215170008.gpkg;3215_SLS\desa_3215170008.geojson;32151700080016;100.0%;sama;22;0;1
170 CIBUAYA\desa_3215170008.gpkg;3215_SLS\desa_3215170008.geojson;32151700080010;100.0%;sama;22;0;1
170 CIBUAYA\desa_3215170008.gpkg;3215_SLS\desa_3215170008.geojson;32151700080011;100.0%;sama;22;0;1
170 CIBUAYA\desa_3215170008.gpkg;3215_SLS\desa_3215170008.geojson;32151700080005;96.15%;sama;22;0;1
170 CIBUAYA\desa_3215170008.gpkg;3215_SLS\desa_3215170008.geojson;32151700080004;100.0%;sama;22;0;1
170 CIBUAYA\desa_3215170008.gpkg;3215_SLS\desa_3215170008.geojson;32151700081002;100.0%;sama;22;0;1
170 CIBUAYA\desa_3215170008.gpkg;3215_SLS\desa_3215170008.geojson;32151700080001;100.0%;sama;22;0;1
170 CIBUAYA\desa_3215170008.gpkg;3215_SLS\desa_3215170008.geojson;32151700080013;100.0%;sama;22;0;1
170 CIBUAYA\desa_3215170008.gpkg;3215_SLS\desa_3215170008.geojson;32151700080006;93.72%;sama;22;0;1
170 CIBUAYA\desa_3215170008.gpkg;3215_SLS\desa_3215170008.geojson;32151700080002;92.28%;sama;22;0;1
170 CIBUAYA\desa_3215170008.gpkg;3215_SLS\desa_3215170008.geojson;32151700081003;100.0%;sama;22;0;1
170 CIBUAYA\desa_3215170011.gpkg;3215_SLS\desa_3215170011.geojson;32151700110002;78.73%;sama;14;3;2
170 CIBUAYA\desa_3215170011.gpkg;3215_SLS\desa_3215170011.geojson;32151700110001;67.14%;sama;14;3;2
170 CIBUAYA\desa_3215170011.gpkg;3215_SLS\desa_3215170011.geojson;32151700110015;0.0%;hanya_di_geojson;14;3;2
170 CIBUAYA\desa_3215170011.gpkg;3215_SLS\desa_3215170011.geojson;32151700110010;22.46%;sama;14;3;2
170 CIBUAYA\desa_3215170011.gpkg;3215_SLS\desa_3215170011.geojson;32151700110007;8.95%;sama;14;3;2
170 CIBUAYA\desa_3215170011.gpkg;3215_SLS\desa_3215170011.geojson;32151700110013;2.63%;sama;14;3;2
170 CIBUAYA\desa_3215170011.gpkg;3215_SLS\desa_3215170011.geojson;32151700110012;99.97%;sama;14;3;2
170 CIBUAYA\desa_3215170011.gpkg;3215_SLS\desa_3215170011.geojson;32151700110008;0.0%;hanya_di_geojson;14;3;2
170 CIBUAYA\desa_3215170011.gpkg;3215_SLS\desa_3215170011.geojson;32151700110009;3.02%;sama;14;3;2
170 CIBUAYA\desa_3215170011.gpkg;3215_SLS\desa_3215170011.geojson;32151700110014;18.88%;sama;14;3;2
170 CIBUAYA\desa_3215170011.gpkg;3215_SLS\desa_3215170011.geojson;32151700116001;0.0%;hanya_di_gpkg;14;3;2
170 CIBUAYA\desa_3215170011.gpkg;3215_SLS\desa_3215170011.geojson;32151700111001;0.0%;hanya_di_gpkg;14;3;2
170 CIBUAYA\desa_3215170011.gpkg;3215_SLS\desa_3215170011.geojson;32151700110005;2.43%;sama;14;3;2
170 CIBUAYA\desa_3215170011.gpkg;3215_SLS\desa_3215170011.geojson;32151700116002;0.0%;hanya_di_gpkg;14;3;2
170 CIBUAYA\desa_3215170011.gpkg;3215_SLS\desa_3215170011.geojson;32151700110003;38.59%;sama;14;3;2
170 CIBUAYA\desa_3215170011.gpkg;3215_SLS\desa_3215170011.geojson;32151700110016;84.33%;sama;14;3;2
170 CIBUAYA\desa_3215170011.gpkg;3215_SLS\desa_3215170011.geojson;32151700110006;7.6%;sama;14;3;2
170 CIBUAYA\desa_3215170011.gpkg;3215_SLS\desa_3215170011.geojson;32151700110011;5.44%;sama;14;3;2
170 CIBUAYA\desa_3215170011.gpkg;3215_SLS\desa_3215170011.geojson;32151700110004;1.94%;sama;14;3;2
170 CIBUAYA\desa_3215170008 (1).gpkg;3215_SLS\desa_3215170008.geojson;32151700080012;100.0%;sama;23;0;0
170 CIBUAYA\desa_3215170008 (1).gpkg;3215_SLS\desa_3215170008.geojson;32151700080014;100.0%;sama;23;0;0
170 CIBUAYA\desa_3215170008 (1).gpkg;3215_SLS\desa_3215170008.geojson;32151700081006;100.0%;sama;23;0;0
170 CIBUAYA\desa_3215170008 (1).gpkg;3215_SLS\desa_3215170008.geojson;32151700081001;100.0%;sama;23;0;0
170 CIBUAYA\desa_3215170008 (1).gpkg;3215_SLS\desa_3215170008.geojson;32151700080009;100.0%;sama;23;0;0
170 CIBUAYA\desa_3215170008 (1).gpkg;3215_SLS\desa_3215170008.geojson;32151700080007;82.7%;sama;23;0;0
170 CIBUAYA\desa_3215170008 (1).gpkg;3215_SLS\desa_3215170008.geojson;32151700080008;100.0%;sama;23;0;0
170 CIBUAYA\desa_3215170008 (1).gpkg;3215_SLS\desa_3215170008.geojson;32151700081005;99.89%;sama;23;0;0
170 CIBUAYA\desa_3215170008 (1).gpkg;3215_SLS\desa_3215170008.geojson;32151700080017;100.0%;sama;23;0;0
170 CIBUAYA\desa_3215170008 (1).gpkg;3215_SLS\desa_3215170008.geojson;32151700080003;100.0%;sama;23;0;0
170 CIBUAYA\desa_3215170008 (1).gpkg;3215_SLS\desa_3215170008.geojson;32151700080015;100.0%;sama;23;0;0
170 CIBUAYA\desa_3215170008 (1).gpkg;3215_SLS\desa_3215170008.geojson;32151700081004;99.74%;sama;23;0;0
170 CIBUAYA\desa_3215170008 (1).gpkg;3215_SLS\desa_3215170008.geojson;32151700080016;97.56%;sama;23;0;0
170 CIBUAYA\desa_3215170008 (1).gpkg;3215_SLS\desa_3215170008.geojson;32151700080010;77.71%;sama;23;0;0
170 CIBUAYA\desa_3215170008 (1).gpkg;3215_SLS\desa_3215170008.geojson;32151700080011;96.97%;sama;23;0;0
170 CIBUAYA\desa_3215170008 (1).gpkg;3215_SLS\desa_3215170008.geojson;32151700080005;96.32%;sama;23;0;0
170 CIBUAYA\desa_3215170008 (1).gpkg;3215_SLS\desa_3215170008.geojson;32151700080004;100.0%;sama;23;0;0
170 CIBUAYA\desa_3215170008 (1).gpkg;3215_SLS\desa_3215170008.geojson;32151700081002;99.97%;sama;23;0;0
170 CIBUAYA\desa_3215170008 (1).gpkg;3215_SLS\desa_3215170008.geojson;32151700080001;100.0%;sama;23;0;0
170 CIBUAYA\desa_3215170008 (1).gpkg;3215_SLS\desa_3215170008.geojson;32151700080013;98.99%;sama;23;0;0
170 CIBUAYA\desa_3215170008 (1).gpkg;3215_SLS\desa_3215170008.geojson;32151700080006;80.76%;sama;23;0;0
170 CIBUAYA\desa_3215170008 (1).gpkg;3215_SLS\desa_3215170008.geojson;32151700080002;92.23%;sama;23;0;0
170 CIBUAYA\desa_3215170008 (1).gpkg;3215_SLS\desa_3215170008.geojson;32151700081003;99.25%;sama;23;0;0
170 CIBUAYA\desa_3215170007.gpkg;3215_SLS\desa_3215170007.geojson;32151700070011;15.3%;sama;14;5;0
170 CIBUAYA\desa_3215170007.gpkg;3215_SLS\desa_3215170007.geojson;32151700070010;7.77%;sama;14;5;0
170 CIBUAYA\desa_3215170007.gpkg;3215_SLS\desa_3215170007.geojson;32151700070006;17.46%;sama;14;5;0
170 CIBUAYA\desa_3215170007.gpkg;3215_SLS\desa_3215170007.geojson;32151700070001;32.68%;sama;14;5;0
170 CIBUAYA\desa_3215170007.gpkg;3215_SLS\desa_3215170007.geojson;32151700070008;25.33%;sama;14;5;0
170 CIBUAYA\desa_3215170007.gpkg;3215_SLS\desa_3215170007.geojson;32151700070014;14.01%;sama;14;5;0
170 CIBUAYA\desa_3215170007.gpkg;3215_SLS\desa_3215170007.geojson;32151700070002;12.08%;sama;14;5;0
170 CIBUAYA\desa_3215170007.gpkg;3215_SLS\desa_3215170007.geojson;32151700071005;0.0%;hanya_di_gpkg;14;5;0
170 CIBUAYA\desa_3215170007.gpkg;3215_SLS\desa_3215170007.geojson;32151700070012;6.8%;sama;14;5;0
170 CIBUAYA\desa_3215170007.gpkg;3215_SLS\desa_3215170007.geojson;32151700070003;15.36%;sama;14;5;0
170 CIBUAYA\desa_3215170007.gpkg;3215_SLS\desa_3215170007.geojson;32151700071004;0.0%;hanya_di_gpkg;14;5;0
170 CIBUAYA\desa_3215170007.gpkg;3215_SLS\desa_3215170007.geojson;32151700071003;0.0%;hanya_di_gpkg;14;5;0
170 CIBUAYA\desa_3215170007.gpkg;3215_SLS\desa_3215170007.geojson;32151700070007;24.91%;sama;14;5;0
170 CIBUAYA\desa_3215170007.gpkg;3215_SLS\desa_3215170007.geojson;32151700070013;8.85%;sama;14;5;0
170 CIBUAYA\desa_3215170007.gpkg;3215_SLS\desa_3215170007.geojson;32151700071002;0.0%;hanya_di_gpkg;14;5;0
170 CIBUAYA\desa_3215170007.gpkg;3215_SLS\desa_3215170007.geojson;32151700070004;10.75%;sama;14;5;0
170 CIBUAYA\desa_3215170007.gpkg;3215_SLS\desa_3215170007.geojson;32151700070005;12.98%;sama;14;5;0
170 CIBUAYA\desa_3215170007.gpkg;3215_SLS\desa_3215170007.geojson;32151700071001;0.0%;hanya_di_gpkg;14;5;0
170 CIBUAYA\desa_3215170007.gpkg;3215_SLS\desa_3215170007.geojson;32151700070009;5.05%;sama;14;5;0
161 CILEBAR\desa_3215161010.gpkg;3215_SLS\desa_3215161010.geojson;32151610100002;98.8%;sama;17;0;0
161 CILEBAR\desa_3215161010.gpkg;3215_SLS\desa_3215161010.geojson;32151610100012;100.0%;sama;17;0;0
161 CILEBAR\desa_3215161010.gpkg;3215_SLS\desa_3215161010.geojson;32151610100011;100.0%;sama;17;0;0
161 CILEBAR\desa_3215161010.gpkg;3215_SLS\desa_3215161010.geojson;32151610100008;100.0%;sama;17;0;0
161 CILEBAR\desa_3215161010.gpkg;3215_SLS\desa_3215161010.geojson;32151610100004;100.0%;sama;17;0;0
161 CILEBAR\desa_3215161010.gpkg;3215_SLS\desa_3215161010.geojson;32151610100001;90.01%;sama;17;0;0
161 CILEBAR\desa_3215161010.gpkg;3215_SLS\desa_3215161010.geojson;32151610106003;100.0%;sama;17;0;0
161 CILEBAR\desa_3215161010.gpkg;3215_SLS\desa_3215161010.geojson;32151610100014;100.0%;sama;17;0;0
161 CILEBAR\desa_3215161010.gpkg;3215_SLS\desa_3215161010.geojson;32151610100003;100.0%;sama;17;0;0
161 CILEBAR\desa_3215161010.gpkg;3215_SLS\desa_3215161010.geojson;32151610100007;100.0%;sama;17;0;0
161 CILEBAR\desa_3215161010.gpkg;3215_SLS\desa_3215161010.geojson;32151610101001;100.0%;sama;17;0;0
161 CILEBAR\desa_3215161010.gpkg;3215_SLS\desa_3215161010.geojson;32151610100005;100.0%;sama;17;0;0
161 CILEBAR\desa_3215161010.gpkg;3215_SLS\desa_3215161010.geojson;32151610100013;100.0%;sama;17;0;0
161 CILEBAR\desa_3215161010.gpkg;3215_SLS\desa_3215161010.geojson;32151610100006;100.0%;sama;17;0;0
161 CILEBAR\desa_3215161010.gpkg;3215_SLS\desa_3215161010.geojson;32151610100009;100.0%;sama;17;0;0
161 CILEBAR\desa_3215161010.gpkg;3215_SLS\desa_3215161010.geojson;32151610106002;100.0%;sama;17;0;0
161 CILEBAR\desa_3215161010.gpkg;3215_SLS\desa_3215161010.geojson;32151610100010;100.0%;sama;17;0;0
161 CILEBAR\desa_3215161009.gpkg;3215_SLS\desa_3215161009.geojson;32151610090007;100.0%;sama;11;0;0
161 CILEBAR\desa_3215161009.gpkg;3215_SLS\desa_3215161009.geojson;32151610090004;100.0%;sama;11;0;0
161 CILEBAR\desa_3215161009.gpkg;3215_SLS\desa_3215161009.geojson;32151610091003;100.0%;sama;11;0;0
161 CILEBAR\desa_3215161009.gpkg;3215_SLS\desa_3215161009.geojson;32151610090006;100.0%;sama;11;0;0
161 CILEBAR\desa_3215161009.gpkg;3215_SLS\desa_3215161009.geojson;32151610091001;100.0%;sama;11;0;0
161 CILEBAR\desa_3215161009.gpkg;3215_SLS\desa_3215161009.geojson;32151610090005;92.87%;sama;11;0;0
161 CILEBAR\desa_3215161009.gpkg;3215_SLS\desa_3215161009.geojson;32151610090001;100.0%;sama;11;0;0
161 CILEBAR\desa_3215161009.gpkg;3215_SLS\desa_3215161009.geojson;32151610090008;100.0%;sama;11;0;0
161 CILEBAR\desa_3215161009.gpkg;3215_SLS\desa_3215161009.geojson;32151610090002;100.0%;sama;11;0;0
161 CILEBAR\desa_3215161009.gpkg;3215_SLS\desa_3215161009.geojson;32151610090003;100.0%;sama;11;0;0
161 CILEBAR\desa_3215161009.gpkg;3215_SLS\desa_3215161009.geojson;32151610091002;100.0%;sama;11;0;0
160 PEDES\desa_3215160001.gpkg;3215_SLS\desa_3215160001.geojson;32151600010004;42.84%;sama;20;8;0
160 PEDES\desa_3215160001.gpkg;3215_SLS\desa_3215160001.geojson;32151600011005;0.0%;hanya_di_gpkg;20;8;0
160 PEDES\desa_3215160001.gpkg;3215_SLS\desa_3215160001.geojson;32151600010015;98.79%;sama;20;8;0
160 PEDES\desa_3215160001.gpkg;3215_SLS\desa_3215160001.geojson;32151600010019;67.4%;sama;20;8;0
160 PEDES\desa_3215160001.gpkg;3215_SLS\desa_3215160001.geojson;32151600010010;61.92%;sama;20;8;0
160 PEDES\desa_3215160001.gpkg;3215_SLS\desa_3215160001.geojson;32151600010005;30.86%;sama;20;8;0
160 PEDES\desa_3215160001.gpkg;3215_SLS\desa_3215160001.geojson;32151600011002;0.0%;hanya_di_gpkg;20;8;0
160 PEDES\desa_3215160001.gpkg;3215_SLS\desa_3215160001.geojson;32151600010008;100.0%;sama;20;8;0
160 PEDES\desa_3215160001.gpkg;3215_SLS\desa_3215160001.geojson;32151600010002;11.57%;sama;20;8;0
160 PEDES\desa_3215160001.gpkg;3215_SLS\desa_3215160001.geojson;32151600010001;1.11%;sama;20;8;0
160 PEDES\desa_3215160001.gpkg;3215_SLS\desa_3215160001.geojson;32151600010012;57.3%;sama;20;8;0
160 PEDES\desa_3215160001.gpkg;3215_SLS\desa_3215160001.geojson;32151600011008;0.0%;hanya_di_gpkg;20;8;0
160 PEDES\desa_3215160001.gpkg;3215_SLS\desa_3215160001.geojson;32151600011006;0.0%;hanya_di_gpkg;20;8;0
160 PEDES\desa_3215160001.gpkg;3215_SLS\desa_3215160001.geojson;32151600010016;51.14%;sama;20;8;0
160 PEDES\desa_3215160001.gpkg;3215_SLS\desa_3215160001.geojson;32151600011007;0.0%;hanya_di_gpkg;20;8;0
160 PEDES\desa_3215160001.gpkg;3215_SLS\desa_3215160001.geojson;32151600010013;100.0%;sama;20;8;0
160 PEDES\desa_3215160001.gpkg;3215_SLS\desa_3215160001.geojson;32151600010017;21.26%;sama;20;8;0
160 PEDES\desa_3215160001.gpkg;3215_SLS\desa_3215160001.geojson;32151600010020;9.77%;sama;20;8;0
160 PEDES\desa_3215160001.gpkg;3215_SLS\desa_3215160001.geojson;32151600010011;68.81%;sama;20;8;0
160 PEDES\desa_3215160001.gpkg;3215_SLS\desa_3215160001.geojson;32151600011004;0.0%;hanya_di_gpkg;20;8;0
160 PEDES\desa_3215160001.gpkg;3215_SLS\desa_3215160001.geojson;32151600010003;19.5%;sama;20;8;0
160 PEDES\desa_3215160001.gpkg;3215_SLS\desa_3215160001.geojson;32151600010018;18.25%;sama;20;8;0
160 PEDES\desa_3215160001.gpkg;3215_SLS\desa_3215160001.geojson;32151600010014;34.16%;sama;20;8;0
160 PEDES\desa_3215160001.gpkg;3215_SLS\desa_3215160001.geojson;32151600010007;100.0%;sama;20;8;0
160 PEDES\desa_3215160001.gpkg;3215_SLS\desa_3215160001.geojson;32151600011001;0.0%;hanya_di_gpkg;20;8;0
160 PEDES\desa_3215160001.gpkg;3215_SLS\desa_3215160001.geojson;32151600010009;4.98%;sama;20;8;0
160 PEDES\desa_3215160001.gpkg;3215_SLS\desa_3215160001.geojson;32151600010006;13.67%;sama;20;8;0
160 PEDES\desa_3215160001.gpkg;3215_SLS\desa_3215160001.geojson;32151600011003;0.0%;hanya_di_gpkg;20;8;0
160 PEDES\desa_3215160010.gpkg;3215_SLS\desa_3215160010.geojson;32151600100010;82.73%;sama;23;7;0
160 PEDES\desa_3215160010.gpkg;3215_SLS\desa_3215160010.geojson;32151600100021;32.28%;sama;23;7;0
160 PEDES\desa_3215160010.gpkg;3215_SLS\desa_3215160010.geojson;32151600100015;100.0%;sama;23;7;0
160 PEDES\desa_3215160010.gpkg;3215_SLS\desa_3215160010.geojson;32151600101002;0.0%;hanya_di_gpkg;23;7;0
160 PEDES\desa_3215160010.gpkg;3215_SLS\desa_3215160010.geojson;32151600100014;30.67%;sama;23;7;0
160 PEDES\desa_3215160010.gpkg;3215_SLS\desa_3215160010.geojson;32151600100016;30.04%;sama;23;7;0
160 PEDES\desa_3215160010.gpkg;3215_SLS\desa_3215160010.geojson;32151600101005;0.0%;hanya_di_gpkg;23;7;0
160 PEDES\desa_3215160010.gpkg;3215_SLS\desa_3215160010.geojson;32151600100002;2.39%;sama;23;7;0
160 PEDES\desa_3215160010.gpkg;3215_SLS\desa_3215160010.geojson;32151600101004;0.0%;hanya_di_gpkg;23;7;0
160 PEDES\desa_3215160010.gpkg;3215_SLS\desa_3215160010.geojson;32151600101007;0.0%;hanya_di_gpkg;23;7;0
160 PEDES\desa_3215160010.gpkg;3215_SLS\desa_3215160010.geojson;32151600100005;100.0%;sama;23;7;0
160 PEDES\desa_3215160010.gpkg;3215_SLS\desa_3215160010.geojson;32151600100007;18.41%;sama;23;7;0
160 PEDES\desa_3215160010.gpkg;3215_SLS\desa_3215160010.geojson;32151600100011;100.0%;sama;23;7;0
160 PEDES\desa_3215160010.gpkg;3215_SLS\desa_3215160010.geojson;32151600100023;1.22%;sama;23;7;0
160 PEDES\desa_3215160010.gpkg;3215_SLS\desa_3215160010.geojson;32151600100013;4.46%;sama;23;7;0
160 PEDES\desa_3215160010.gpkg;3215_SLS\desa_3215160010.geojson;32151600101006;0.0%;hanya_di_gpkg;23;7;0
160 PEDES\desa_3215160010.gpkg;3215_SLS\desa_3215160010.geojson;32151600100003;10.63%;sama;23;7;0
160 PEDES\desa_3215160010.gpkg;3215_SLS\desa_3215160010.geojson;32151600100022;11.53%;sama;23;7;0
160 PEDES\desa_3215160010.gpkg;3215_SLS\desa_3215160010.geojson;32151600100001;7.83%;sama;23;7;0
160 PEDES\desa_3215160010.gpkg;3215_SLS\desa_3215160010.geojson;32151600100020;36.91%;sama;23;7;0
160 PEDES\desa_3215160010.gpkg;3215_SLS\desa_3215160010.geojson;32151600100006;9.8%;sama;23;7;0
160 PEDES\desa_3215160010.gpkg;3215_SLS\desa_3215160010.geojson;32151600100018;30.24%;sama;23;7;0
160 PEDES\desa_3215160010.gpkg;3215_SLS\desa_3215160010.geojson;32151600101001;0.0%;hanya_di_gpkg;23;7;0
160 PEDES\desa_3215160010.gpkg;3215_SLS\desa_3215160010.geojson;32151600100004;100.0%;sama;23;7;0
160 PEDES\desa_3215160010.gpkg;3215_SLS\desa_3215160010.geojson;32151600100017;27.43%;sama;23;7;0
160 PEDES\desa_3215160010.gpkg;3215_SLS\desa_3215160010.geojson;32151600100019;4.53%;sama;23;7;0
160 PEDES\desa_3215160010.gpkg;3215_SLS\desa_3215160010.geojson;32151600100012;23.0%;sama;23;7;0
160 PEDES\desa_3215160010.gpkg;3215_SLS\desa_3215160010.geojson;32151600100008;81.79%;sama;23;7;0
160 PEDES\desa_3215160010.gpkg;3215_SLS\desa_3215160010.geojson;32151600100009;41.88%;sama;23;7;0
160 PEDES\desa_3215160010.gpkg;3215_SLS\desa_3215160010.geojson;32151600101003;0.0%;hanya_di_gpkg;23;7;0
160 PEDES\desa_3215160009.gpkg;3215_SLS\desa_3215160009.geojson;32151600090002;42.09%;sama;16;3;0
160 PEDES\desa_3215160009.gpkg;3215_SLS\desa_3215160009.geojson;32151600090003;18.9%;sama;16;3;0
160 PEDES\desa_3215160009.gpkg;3215_SLS\desa_3215160009.geojson;32151600090011;2.84%;sama;16;3;0
160 PEDES\desa_3215160009.gpkg;3215_SLS\desa_3215160009.geojson;32151600090016;6.64%;sama;16;3;0
160 PEDES\desa_3215160009.gpkg;3215_SLS\desa_3215160009.geojson;32151600091002;0.0%;hanya_di_gpkg;16;3;0
160 PEDES\desa_3215160009.gpkg;3215_SLS\desa_3215160009.geojson;32151600090001;11.79%;sama;16;3;0
160 PEDES\desa_3215160009.gpkg;3215_SLS\desa_3215160009.geojson;32151600090008;7.34%;sama;16;3;0
160 PEDES\desa_3215160009.gpkg;3215_SLS\desa_3215160009.geojson;32151600090009;31.12%;sama;16;3;0
160 PEDES\desa_3215160009.gpkg;3215_SLS\desa_3215160009.geojson;32151600090015;42.15%;sama;16;3;0
160 PEDES\desa_3215160009.gpkg;3215_SLS\desa_3215160009.geojson;32151600090013;82.22%;sama;16;3;0
160 PEDES\desa_3215160009.gpkg;3215_SLS\desa_3215160009.geojson;32151600090005;22.07%;sama;16;3;0
160 PEDES\desa_3215160009.gpkg;3215_SLS\desa_3215160009.geojson;32151600091001;0.0%;hanya_di_gpkg;16;3;0
160 PEDES\desa_3215160009.gpkg;3215_SLS\desa_3215160009.geojson;32151600090007;26.8%;sama;16;3;0
160 PEDES\desa_3215160009.gpkg;3215_SLS\desa_3215160009.geojson;32151600090004;24.35%;sama;16;3;0
160 PEDES\desa_3215160009.gpkg;3215_SLS\desa_3215160009.geojson;32151600090006;22.86%;sama;16;3;0
160 PEDES\desa_3215160009.gpkg;3215_SLS\desa_3215160009.geojson;32151600090010;60.53%;sama;16;3;0
160 PEDES\desa_3215160009.gpkg;3215_SLS\desa_3215160009.geojson;32151600090012;18.8%;sama;16;3;0
160 PEDES\desa_3215160009.gpkg;3215_SLS\desa_3215160009.geojson;32151600090014;100.0%;sama;16;3;0
160 PEDES\desa_3215160009.gpkg;3215_SLS\desa_3215160009.geojson;32151600091003;0.0%;hanya_di_gpkg;16;3;0
160 PEDES\desa_3215160008.gpkg;3215_SLS\desa_3215160008.geojson;32151600080001;7.44%;sama;8;8;0
160 PEDES\desa_3215160008.gpkg;3215_SLS\desa_3215160008.geojson;32151600080004;11.09%;sama;8;8;0
160 PEDES\desa_3215160008.gpkg;3215_SLS\desa_3215160008.geojson;32151600081007;0.0%;hanya_di_gpkg;8;8;0
160 PEDES\desa_3215160008.gpkg;3215_SLS\desa_3215160008.geojson;32151600081005;0.0%;hanya_di_gpkg;8;8;0
160 PEDES\desa_3215160008.gpkg;3215_SLS\desa_3215160008.geojson;32151600081003;0.0%;hanya_di_gpkg;8;8;0
160 PEDES\desa_3215160008.gpkg;3215_SLS\desa_3215160008.geojson;32151600080005;7.84%;sama;8;8;0
160 PEDES\desa_3215160008.gpkg;3215_SLS\desa_3215160008.geojson;32151600080002;14.02%;sama;8;8;0
160 PEDES\desa_3215160008.gpkg;3215_SLS\desa_3215160008.geojson;32151600080008;14.42%;sama;8;8;0
160 PEDES\desa_3215160008.gpkg;3215_SLS\desa_3215160008.geojson;32151600081008;0.0%;hanya_di_gpkg;8;8;0
160 PEDES\desa_3215160008.gpkg;3215_SLS\desa_3215160008.geojson;32151600081002;0.0%;hanya_di_gpkg;8;8;0
160 PEDES\desa_3215160008.gpkg;3215_SLS\desa_3215160008.geojson;32151600080007;13.79%;sama;8;8;0
160 PEDES\desa_3215160008.gpkg;3215_SLS\desa_3215160008.geojson;32151600080003;13.64%;sama;8;8;0
160 PEDES\desa_3215160008.gpkg;3215_SLS\desa_3215160008.geojson;32151600081004;0.0%;hanya_di_gpkg;8;8;0
160 PEDES\desa_3215160008.gpkg;3215_SLS\desa_3215160008.geojson;32151600081006;0.0%;hanya_di_gpkg;8;8;0
160 PEDES\desa_3215160008.gpkg;3215_SLS\desa_3215160008.geojson;32151600081001;0.0%;hanya_di_gpkg;8;8;0
160 PEDES\desa_3215160008.gpkg;3215_SLS\desa_3215160008.geojson;32151600080006;11.27%;sama;8;8;0
160 PEDES\desa_3215160007.gpkg;3215_SLS\desa_3215160007.geojson;32151600070007;93.81%;sama;23;4;0
160 PEDES\desa_3215160007.gpkg;3215_SLS\desa_3215160007.geojson;32151600070016;12.68%;sama;23;4;0
160 PEDES\desa_3215160007.gpkg;3215_SLS\desa_3215160007.geojson;32151600070014;99.0%;sama;23;4;0
160 PEDES\desa_3215160007.gpkg;3215_SLS\desa_3215160007.geojson;32151600070009;30.08%;sama;23;4;0
160 PEDES\desa_3215160007.gpkg;3215_SLS\desa_3215160007.geojson;32151600070001;56.04%;sama;23;4;0
160 PEDES\desa_3215160007.gpkg;3215_SLS\desa_3215160007.geojson;32151600070005;22.21%;sama;23;4;0
160 PEDES\desa_3215160007.gpkg;3215_SLS\desa_3215160007.geojson;32151600070020;5.79%;sama;23;4;0
160 PEDES\desa_3215160007.gpkg;3215_SLS\desa_3215160007.geojson;32151600071004;0.0%;hanya_di_gpkg;23;4;0
160 PEDES\desa_3215160007.gpkg;3215_SLS\desa_3215160007.geojson;32151600070015;7.73%;sama;23;4;0
160 PEDES\desa_3215160007.gpkg;3215_SLS\desa_3215160007.geojson;32151600070022;100.0%;sama;23;4;0
160 PEDES\desa_3215160007.gpkg;3215_SLS\desa_3215160007.geojson;32151600071001;0.0%;hanya_di_gpkg;23;4;0
160 PEDES\desa_3215160007.gpkg;3215_SLS\desa_3215160007.geojson;32151600071003;0.0%;hanya_di_gpkg;23;4;0
160 PEDES\desa_3215160007.gpkg;3215_SLS\desa_3215160007.geojson;32151600070008;100.0%;sama;23;4;0
160 PEDES\desa_3215160007.gpkg;3215_SLS\desa_3215160007.geojson;32151600070023;100.0%;sama;23;4;0
160 PEDES\desa_3215160007.gpkg;3215_SLS\desa_3215160007.geojson;32151600070010;17.97%;sama;23;4;0
160 PEDES\desa_3215160007.gpkg;3215_SLS\desa_3215160007.geojson;32151600070003;26.13%;sama;23;4;0
160 PEDES\desa_3215160007.gpkg;3215_SLS\desa_3215160007.geojson;32151600070004;35.31%;sama;23;4;0
160 PEDES\desa_3215160007.gpkg;3215_SLS\desa_3215160007.geojson;32151600070018;100.0%;sama;23;4;0
160 PEDES\desa_3215160007.gpkg;3215_SLS\desa_3215160007.geojson;32151600070002;64.6%;sama;23;4;0
160 PEDES\desa_3215160007.gpkg;3215_SLS\desa_3215160007.geojson;32151600070006;6.67%;sama;23;4;0
160 PEDES\desa_3215160007.gpkg;3215_SLS\desa_3215160007.geojson;32151600070019;100.0%;sama;23;4;0
160 PEDES\desa_3215160007.gpkg;3215_SLS\desa_3215160007.geojson;32151600070017;100.0%;sama;23;4;0
160 PEDES\desa_3215160007.gpkg;3215_SLS\desa_3215160007.geojson;32151600070011;42.78%;sama;23;4;0
160 PEDES\desa_3215160007.gpkg;3215_SLS\desa_3215160007.geojson;32151600070013;12.32%;sama;23;4;0
160 PEDES\desa_3215160007.gpkg;3215_SLS\desa_3215160007.geojson;32151600070012;28.72%;sama;23;4;0
160 PEDES\desa_3215160007.gpkg;3215_SLS\desa_3215160007.geojson;32151600071002;0.0%;hanya_di_gpkg;23;4;0
160 PEDES\desa_3215160007.gpkg;3215_SLS\desa_3215160007.geojson;32151600070021;16.88%;sama;23;4;0
112 KARAWANG TIMUR\desa_3215112003.gpkg;3215_SLS\desa_3215112003.geojson;32151120030046;100.0%;sama;68;8;0
112 KARAWANG TIMUR\desa_3215112003.gpkg;3215_SLS\desa_3215112003.geojson;32151120030038;97.58%;sama;68;8;0
112 KARAWANG TIMUR\desa_3215112003.gpkg;3215_SLS\desa_3215112003.geojson;32151120030064;98.87%;sama;68;8;0
112 KARAWANG TIMUR\desa_3215112003.gpkg;3215_SLS\desa_3215112003.geojson;32151120030039;24.32%;sama;68;8;0
112 KARAWANG TIMUR\desa_3215112003.gpkg;3215_SLS\desa_3215112003.geojson;32151120030001;82.51%;sama;68;8;0
112 KARAWANG TIMUR\desa_3215112003.gpkg;3215_SLS\desa_3215112003.geojson;32151120030061;47.22%;sama;68;8;0
112 KARAWANG TIMUR\desa_3215112003.gpkg;3215_SLS\desa_3215112003.geojson;32151120030073;0.0%;hanya_di_gpkg;68;8;0
112 KARAWANG TIMUR\desa_3215112003.gpkg;3215_SLS\desa_3215112003.geojson;32151120030019;93.41%;sama;68;8;0
112 KARAWANG TIMUR\desa_3215112003.gpkg;3215_SLS\desa_3215112003.geojson;32151120030069;0.0%;hanya_di_gpkg;68;8;0
112 KARAWANG TIMUR\desa_3215112003.gpkg;3215_SLS\desa_3215112003.geojson;32151120030058;96.04%;sama;68;8;0
112 KARAWANG TIMUR\desa_3215112003.gpkg;3215_SLS\desa_3215112003.geojson;32151120030060;100.0%;sama;68;8;0
112 KARAWANG TIMUR\desa_3215112003.gpkg;3215_SLS\desa_3215112003.geojson;32151120030012;100.0%;sama;68;8;0
112 KARAWANG TIMUR\desa_3215112003.gpkg;3215_SLS\desa_3215112003.geojson;32151120030053;98.64%;sama;68;8;0
112 KARAWANG TIMUR\desa_3215112003.gpkg;3215_SLS\desa_3215112003.geojson;32151120030022;90.18%;sama;68;8;0
112 KARAWANG TIMUR\desa_3215112003.gpkg;3215_SLS\desa_3215112003.geojson;32151120030071;0.0%;hanya_di_gpkg;68;8;0
112 KARAWANG TIMUR\desa_3215112003.gpkg;3215_SLS\desa_3215112003.geojson;32151120030035;100.0%;sama;68;8;0
112 KARAWANG TIMUR\desa_3215112003.gpkg;3215_SLS\desa_3215112003.geojson;32151120030041;97.17%;sama;68;8;0
112 KARAWANG TIMUR\desa_3215112003.gpkg;3215_SLS\desa_3215112003.geojson;32151120030026;92.79%;sama;68;8;0
112 KARAWANG TIMUR\desa_3215112003.gpkg;3215_SLS\desa_3215112003.geojson;32151120030042;92.8%;sama;68;8;0
112 KARAWANG TIMUR\desa_3215112003.gpkg;3215_SLS\desa_3215112003.geojson;32151120030059;100.0%;sama;68;8;0
112 KARAWANG TIMUR\desa_3215112003.gpkg;3215_SLS\desa_3215112003.geojson;32151120030066;0.0%;sama;68;8;0
112 KARAWANG TIMUR\desa_3215112003.gpkg;3215_SLS\desa_3215112003.geojson;32151120030003;95.32%;sama;68;8;0
112 KARAWANG TIMUR\desa_3215112003.gpkg;3215_SLS\desa_3215112003.geojson;32151120030067;0.0%;sama;68;8;0
112 KARAWANG TIMUR\desa_3215112003.gpkg;3215_SLS\desa_3215112003.geojson;32151120030040;59.64%;sama;68;8;0
112 KARAWANG TIMUR\desa_3215112003.gpkg;3215_SLS\desa_3215112003.geojson;32151120030024;100.0%;sama;68;8;0
112 KARAWANG TIMUR\desa_3215112003.gpkg;3215_SLS\desa_3215112003.geojson;32151120030063;77.99%;sama;68;8;0
112 KARAWANG TIMUR\desa_3215112003.gpkg;3215_SLS\desa_3215112003.geojson;32151120030047;89.5%;sama;68;8;0
112 KARAWANG TIMUR\desa_3215112003.gpkg;3215_SLS\desa_3215112003.geojson;32151120030015;91.47%;sama;68;8;0
112 KARAWANG TIMUR\desa_3215112003.gpkg;3215_SLS\desa_3215112003.geojson;32151120030048;95.02%;sama;68;8;0
112 KARAWANG TIMUR\desa_3215112003.gpkg;3215_SLS\desa_3215112003.geojson;32151120030043;69.3%;sama;68;8;0
112 KARAWANG TIMUR\desa_3215112003.gpkg;3215_SLS\desa_3215112003.geojson;32151120030068;100.0%;sama;68;8;0
112 KARAWANG TIMUR\desa_3215112003.gpkg;3215_SLS\desa_3215112003.geojson;32151120030014;92.76%;sama;68;8;0
112 KARAWANG TIMUR\desa_3215112003.gpkg;3215_SLS\desa_3215112003.geojson;32151120030075;0.0%;hanya_di_gpkg;68;8;0
112 KARAWANG TIMUR\desa_3215112003.gpkg;3215_SLS\desa_3215112003.geojson;32151120030030;59.52%;sama;68;8;0
112 KARAWANG TIMUR\desa_3215112003.gpkg;3215_SLS\desa_3215112003.geojson;32151120030045;92.96%;sama;68;8;0
112 KARAWANG TIMUR\desa_3215112003.gpkg;3215_SLS\desa_3215112003.geojson;32151120030044;100.0%;sama;68;8;0
112 KARAWANG TIMUR\desa_3215112003.gpkg;3215_SLS\desa_3215112003.geojson;32151120030037;53.35%;sama;68;8;0
112 KARAWANG TIMUR\desa_3215112003.gpkg;3215_SLS\desa_3215112003.geojson;32151120030051;19.24%;sama;68;8;0
112 KARAWANG TIMUR\desa_3215112003.gpkg;3215_SLS\desa_3215112003.geojson;32151120030062;100.0%;sama;68;8;0
112 KARAWANG TIMUR\desa_3215112003.gpkg;3215_SLS\desa_3215112003.geojson;32151120030074;0.0%;hanya_di_gpkg;68;8;0
112 KARAWANG TIMUR\desa_3215112003.gpkg;3215_SLS\desa_3215112003.geojson;32151120030056;100.0%;sama;68;8;0
112 KARAWANG TIMUR\desa_3215112003.gpkg;3215_SLS\desa_3215112003.geojson;32151120030007;97.1%;sama;68;8;0
112 KARAWANG TIMUR\desa_3215112003.gpkg;3215_SLS\desa_3215112003.geojson;32151120030052;100.0%;sama;68;8;0
112 KARAWANG TIMUR\desa_3215112003.gpkg;3215_SLS\desa_3215112003.geojson;32151120030070;0.0%;hanya_di_gpkg;68;8;0
112 KARAWANG TIMUR\desa_3215112003.gpkg;3215_SLS\desa_3215112003.geojson;32151120030004;89.99%;sama;68;8;0
112 KARAWANG TIMUR\desa_3215112003.gpkg;3215_SLS\desa_3215112003.geojson;32151120030010;100.0%;sama;68;8;0
112 KARAWANG TIMUR\desa_3215112003.gpkg;3215_SLS\desa_3215112003.geojson;32151120030029;100.0%;sama;68;8;0
112 KARAWANG TIMUR\desa_3215112003.gpkg;3215_SLS\desa_3215112003.geojson;32151120030002;27.39%;sama;68;8;0
112 KARAWANG TIMUR\desa_3215112003.gpkg;3215_SLS\desa_3215112003.geojson;32151120030034;100.0%;sama;68;8;0
112 KARAWANG TIMUR\desa_3215112003.gpkg;3215_SLS\desa_3215112003.geojson;32151120030013;56.79%;sama;68;8;0
112 KARAWANG TIMUR\desa_3215112003.gpkg;3215_SLS\desa_3215112003.geojson;32151120030031;95.23%;sama;68;8;0
112 KARAWANG TIMUR\desa_3215112003.gpkg;3215_SLS\desa_3215112003.geojson;32151120030065;0.0%;sama;68;8;0
112 KARAWANG TIMUR\desa_3215112003.gpkg;3215_SLS\desa_3215112003.geojson;32151120030033;0.0%;sama;68;8;0
112 KARAWANG TIMUR\desa_3215112003.gpkg;3215_SLS\desa_3215112003.geojson;32151120030025;100.0%;sama;68;8;0
112 KARAWANG TIMUR\desa_3215112003.gpkg;3215_SLS\desa_3215112003.geojson;32151120030011;42.47%;sama;68;8;0
112 KARAWANG TIMUR\desa_3215112003.gpkg;3215_SLS\desa_3215112003.geojson;32151120030018;70.46%;sama;68;8;0
112 KARAWANG TIMUR\desa_3215112003.gpkg;3215_SLS\desa_3215112003.geojson;32151120030032;1.15%;sama;68;8;0
112 KARAWANG TIMUR\desa_3215112003.gpkg;3215_SLS\desa_3215112003.geojson;32151120030017;89.87%;sama;68;8;0
112 KARAWANG TIMUR\desa_3215112003.gpkg;3215_SLS\desa_3215112003.geojson;32151120020007;0.0%;hanya_di_gpkg;68;8;0
112 KARAWANG TIMUR\desa_3215112003.gpkg;3215_SLS\desa_3215112003.geojson;32151120030055;100.0%;sama;68;8;0
112 KARAWANG TIMUR\desa_3215112003.gpkg;3215_SLS\desa_3215112003.geojson;32151120030023;100.0%;sama;68;8;0
112 KARAWANG TIMUR\desa_3215112003.gpkg;3215_SLS\desa_3215112003.geojson;32151120030027;100.0%;sama;68;8;0
112 KARAWANG TIMUR\desa_3215112003.gpkg;3215_SLS\desa_3215112003.geojson;32151120030021;89.52%;sama;68;8;0
112 KARAWANG TIMUR\desa_3215112003.gpkg;3215_SLS\desa_3215112003.geojson;32151120030057;97.2%;sama;68;8;0
112 KARAWANG TIMUR\desa_3215112003.gpkg;3215_SLS\desa_3215112003.geojson;32151120030072;0.0%;hanya_di_gpkg;68;8;0
112 KARAWANG TIMUR\desa_3215112003.gpkg;3215_SLS\desa_3215112003.geojson;32151120030050;86.91%;sama;68;8;0
112 KARAWANG TIMUR\desa_3215112003.gpkg;3215_SLS\desa_3215112003.geojson;32151120030009;100.0%;sama;68;8;0
112 KARAWANG TIMUR\desa_3215112003.gpkg;3215_SLS\desa_3215112003.geojson;32151120030049;100.0%;sama;68;8;0
112 KARAWANG TIMUR\desa_3215112003.gpkg;3215_SLS\desa_3215112003.geojson;32151120030008;98.76%;sama;68;8;0
112 KARAWANG TIMUR\desa_3215112003.gpkg;3215_SLS\desa_3215112003.geojson;32151120030020;88.68%;sama;68;8;0
112 KARAWANG TIMUR\desa_3215112003.gpkg;3215_SLS\desa_3215112003.geojson;32151120030028;95.7%;sama;68;8;0
112 KARAWANG TIMUR\desa_3215112003.gpkg;3215_SLS\desa_3215112003.geojson;32151120030036;100.0%;sama;68;8;0
112 KARAWANG TIMUR\desa_3215112003.gpkg;3215_SLS\desa_3215112003.geojson;32151120030054;29.51%;sama;68;8;0
112 KARAWANG TIMUR\desa_3215112003.gpkg;3215_SLS\desa_3215112003.geojson;32151120030006;97.23%;sama;68;8;0
112 KARAWANG TIMUR\desa_3215112003.gpkg;3215_SLS\desa_3215112003.geojson;32151120030016;83.45%;sama;68;8;0
112 KARAWANG TIMUR\desa_3215112003.gpkg;3215_SLS\desa_3215112003.geojson;32151120030005;98.62%;sama;68;8;0
112 KARAWANG TIMUR\desa_3215112007.gpkg;3215_SLS\desa_3215112007.geojson;32151120070016;0.0%;sama;45;0;0
112 KARAWANG TIMUR\desa_3215112007.gpkg;3215_SLS\desa_3215112007.geojson;32151120070028;91.69%;sama;45;0;0
112 KARAWANG TIMUR\desa_3215112007.gpkg;3215_SLS\desa_3215112007.geojson;32151120070031;94.83%;sama;45;0;0
112 KARAWANG TIMUR\desa_3215112007.gpkg;3215_SLS\desa_3215112007.geojson;32151120070007;94.65%;sama;45;0;0
112 KARAWANG TIMUR\desa_3215112007.gpkg;3215_SLS\desa_3215112007.geojson;32151120070039;94.66%;sama;45;0;0
112 KARAWANG TIMUR\desa_3215112007.gpkg;3215_SLS\desa_3215112007.geojson;32151120070004;80.42%;sama;45;0;0
112 KARAWANG TIMUR\desa_3215112007.gpkg;3215_SLS\desa_3215112007.geojson;32151120070033;86.22%;sama;45;0;0
112 KARAWANG TIMUR\desa_3215112007.gpkg;3215_SLS\desa_3215112007.geojson;32151120070010;97.9%;sama;45;0;0
112 KARAWANG TIMUR\desa_3215112007.gpkg;3215_SLS\desa_3215112007.geojson;32151120070029;98.05%;sama;45;0;0
112 KARAWANG TIMUR\desa_3215112007.gpkg;3215_SLS\desa_3215112007.geojson;32151120070006;88.09%;sama;45;0;0
112 KARAWANG TIMUR\desa_3215112007.gpkg;3215_SLS\desa_3215112007.geojson;32151120070019;86.93%;sama;45;0;0
112 KARAWANG TIMUR\desa_3215112007.gpkg;3215_SLS\desa_3215112007.geojson;32151120070001;100.0%;sama;45;0;0
112 KARAWANG TIMUR\desa_3215112007.gpkg;3215_SLS\desa_3215112007.geojson;32151120070017;93.19%;sama;45;0;0
112 KARAWANG TIMUR\desa_3215112007.gpkg;3215_SLS\desa_3215112007.geojson;32151120070032;83.15%;sama;45;0;0
112 KARAWANG TIMUR\desa_3215112007.gpkg;3215_SLS\desa_3215112007.geojson;32151120070014;76.32%;sama;45;0;0
112 KARAWANG TIMUR\desa_3215112007.gpkg;3215_SLS\desa_3215112007.geojson;32151120071006;100.0%;sama;45;0;0
112 KARAWANG TIMUR\desa_3215112007.gpkg;3215_SLS\desa_3215112007.geojson;32151120070008;87.35%;sama;45;0;0
112 KARAWANG TIMUR\desa_3215112007.gpkg;3215_SLS\desa_3215112007.geojson;32151120070030;94.52%;sama;45;0;0
112 KARAWANG TIMUR\desa_3215112007.gpkg;3215_SLS\desa_3215112007.geojson;32151120070020;83.06%;sama;45;0;0
112 KARAWANG TIMUR\desa_3215112007.gpkg;3215_SLS\desa_3215112007.geojson;32151120070005;100.0%;sama;45;0;0
112 KARAWANG TIMUR\desa_3215112007.gpkg;3215_SLS\desa_3215112007.geojson;32151120071007;100.0%;sama;45;0;0
112 KARAWANG TIMUR\desa_3215112007.gpkg;3215_SLS\desa_3215112007.geojson;32151120070027;100.0%;sama;45;0;0
112 KARAWANG TIMUR\desa_3215112007.gpkg;3215_SLS\desa_3215112007.geojson;32151120070015;0.0%;sama;45;0;0
112 KARAWANG TIMUR\desa_3215112007.gpkg;3215_SLS\desa_3215112007.geojson;32151120071003;100.0%;sama;45;0;0
112 KARAWANG TIMUR\desa_3215112007.gpkg;3215_SLS\desa_3215112007.geojson;32151120070026;100.0%;sama;45;0;0
112 KARAWANG TIMUR\desa_3215112007.gpkg;3215_SLS\desa_3215112007.geojson;32151120070023;79.67%;sama;45;0;0
112 KARAWANG TIMUR\desa_3215112007.gpkg;3215_SLS\desa_3215112007.geojson;32151120070003;94.06%;sama;45;0;0
112 KARAWANG TIMUR\desa_3215112007.gpkg;3215_SLS\desa_3215112007.geojson;32151120070035;92.3%;sama;45;0;0
112 KARAWANG TIMUR\desa_3215112007.gpkg;3215_SLS\desa_3215112007.geojson;32151120070024;70.05%;sama;45;0;0
112 KARAWANG TIMUR\desa_3215112007.gpkg;3215_SLS\desa_3215112007.geojson;32151120070002;54.99%;sama;45;0;0
112 KARAWANG TIMUR\desa_3215112007.gpkg;3215_SLS\desa_3215112007.geojson;32151120070034;88.85%;sama;45;0;0
112 KARAWANG TIMUR\desa_3215112007.gpkg;3215_SLS\desa_3215112007.geojson;32151120070018;92.42%;sama;45;0;0
112 KARAWANG TIMUR\desa_3215112007.gpkg;3215_SLS\desa_3215112007.geojson;32151120070009;92.16%;sama;45;0;0
112 KARAWANG TIMUR\desa_3215112007.gpkg;3215_SLS\desa_3215112007.geojson;32151120070013;100.0%;sama;45;0;0
112 KARAWANG TIMUR\desa_3215112007.gpkg;3215_SLS\desa_3215112007.geojson;32151120071004;99.09%;sama;45;0;0
112 KARAWANG TIMUR\desa_3215112007.gpkg;3215_SLS\desa_3215112007.geojson;32151120070021;83.77%;sama;45;0;0
112 KARAWANG TIMUR\desa_3215112007.gpkg;3215_SLS\desa_3215112007.geojson;32151120070038;70.35%;sama;45;0;0
112 KARAWANG TIMUR\desa_3215112007.gpkg;3215_SLS\desa_3215112007.geojson;32151120070022;63.05%;sama;45;0;0
112 KARAWANG TIMUR\desa_3215112007.gpkg;3215_SLS\desa_3215112007.geojson;32151120070037;76.57%;sama;45;0;0
112 KARAWANG TIMUR\desa_3215112007.gpkg;3215_SLS\desa_3215112007.geojson;32151120070036;91.69%;sama;45;0;0
112 KARAWANG TIMUR\desa_3215112007.gpkg;3215_SLS\desa_3215112007.geojson;32151120070025;100.0%;sama;45;0;0
112 KARAWANG TIMUR\desa_3215112007.gpkg;3215_SLS\desa_3215112007.geojson;32151120071008;96.92%;sama;45;0;0
112 KARAWANG TIMUR\desa_3215112007.gpkg;3215_SLS\desa_3215112007.geojson;32151120070011;89.36%;sama;45;0;0
112 KARAWANG TIMUR\desa_3215112007.gpkg;3215_SLS\desa_3215112007.geojson;32151120070012;93.99%;sama;45;0;0
112 KARAWANG TIMUR\desa_3215112007.gpkg;3215_SLS\desa_3215112007.geojson;32151120071005;99.26%;sama;45;0;0
112 KARAWANG TIMUR\desa_3215112004.gpkg;3215_SLS\desa_3215112004.geojson;32151120040036;0.0%;hanya_di_gpkg;42;3;1
112 KARAWANG TIMUR\desa_3215112004.gpkg;3215_SLS\desa_3215112004.geojson;32151120040012;81.67%;sama;42;3;1
112 KARAWANG TIMUR\desa_3215112004.gpkg;3215_SLS\desa_3215112004.geojson;32151120040009;100.0%;sama;42;3;1
112 KARAWANG TIMUR\desa_3215112004.gpkg;3215_SLS\desa_3215112004.geojson;32151120040022;26.89%;sama;42;3;1
112 KARAWANG TIMUR\desa_3215112004.gpkg;3215_SLS\desa_3215112004.geojson;32151120041005;100.0%;sama;42;3;1
112 KARAWANG TIMUR\desa_3215112004.gpkg;3215_SLS\desa_3215112004.geojson;32151120040003;100.0%;sama;42;3;1
112 KARAWANG TIMUR\desa_3215112004.gpkg;3215_SLS\desa_3215112004.geojson;32151120040032;72.4%;sama;42;3;1
112 KARAWANG TIMUR\desa_3215112004.gpkg;3215_SLS\desa_3215112004.geojson;32151120040001;100.0%;sama;42;3;1
112 KARAWANG TIMUR\desa_3215112004.gpkg;3215_SLS\desa_3215112004.geojson;32151120040035;100.0%;sama;42;3;1
112 KARAWANG TIMUR\desa_3215112004.gpkg;3215_SLS\desa_3215112004.geojson;32151120040005;100.0%;sama;42;3;1
112 KARAWANG TIMUR\desa_3215112004.gpkg;3215_SLS\desa_3215112004.geojson;32151120040016;57.14%;sama;42;3;1
112 KARAWANG TIMUR\desa_3215112004.gpkg;3215_SLS\desa_3215112004.geojson;32151120040002;100.0%;sama;42;3;1
112 KARAWANG TIMUR\desa_3215112004.gpkg;3215_SLS\desa_3215112004.geojson;32151120040008;100.0%;sama;42;3;1
112 KARAWANG TIMUR\desa_3215112004.gpkg;3215_SLS\desa_3215112004.geojson;32151120040019;77.41%;sama;42;3;1
112 KARAWANG TIMUR\desa_3215112004.gpkg;3215_SLS\desa_3215112004.geojson;32151120040024;34.98%;sama;42;3;1
112 KARAWANG TIMUR\desa_3215112004.gpkg;3215_SLS\desa_3215112004.geojson;32151120040018;100.0%;sama;42;3;1
112 KARAWANG TIMUR\desa_3215112004.gpkg;3215_SLS\desa_3215112004.geojson;32151120040015;39.37%;sama;42;3;1
112 KARAWANG TIMUR\desa_3215112004.gpkg;3215_SLS\desa_3215112004.geojson;32151120040023;91.87%;sama;42;3;1
112 KARAWANG TIMUR\desa_3215112004.gpkg;3215_SLS\desa_3215112004.geojson;32151120040030;94.63%;sama;42;3;1
112 KARAWANG TIMUR\desa_3215112004.gpkg;3215_SLS\desa_3215112004.geojson;32151120040037;0.0%;hanya_di_gpkg;42;3;1
112 KARAWANG TIMUR\desa_3215112004.gpkg;3215_SLS\desa_3215112004.geojson;32151120040028;100.0%;sama;42;3;1
112 KARAWANG TIMUR\desa_3215112004.gpkg;3215_SLS\desa_3215112004.geojson;32151120040020;23.14%;sama;42;3;1
112 KARAWANG TIMUR\desa_3215112004.gpkg;3215_SLS\desa_3215112004.geojson;32151120040013;99.82%;sama;42;3;1
112 KARAWANG TIMUR\desa_3215112004.gpkg;3215_SLS\desa_3215112004.geojson;32151120040026;95.66%;sama;42;3;1
112 KARAWANG TIMUR\desa_3215112004.gpkg;3215_SLS\desa_3215112004.geojson;32151120040027;86.33%;sama;42;3;1
112 KARAWANG TIMUR\desa_3215112004.gpkg;3215_SLS\desa_3215112004.geojson;32151120041007;81.56%;sama;42;3;1
112 KARAWANG TIMUR\desa_3215112004.gpkg;3215_SLS\desa_3215112004.geojson;32151120040017;99.25%;sama;42;3;1
112 KARAWANG TIMUR\desa_3215112004.gpkg;3215_SLS\desa_3215112004.geojson;32151120040025;66.41%;sama;42;3;1
112 KARAWANG TIMUR\desa_3215112004.gpkg;3215_SLS\desa_3215112004.geojson;32151120040034;94.88%;sama;42;3;1
112 KARAWANG TIMUR\desa_3215112004.gpkg;3215_SLS\desa_3215112004.geojson;32151120041008;100.0%;sama;42;3;1
112 KARAWANG TIMUR\desa_3215112004.gpkg;3215_SLS\desa_3215112004.geojson;32151120040033;70.97%;sama;42;3;1
112 KARAWANG TIMUR\desa_3215112004.gpkg;3215_SLS\desa_3215112004.geojson;32151120040004;100.0%;sama;42;3;1
112 KARAWANG TIMUR\desa_3215112004.gpkg;3215_SLS\desa_3215112004.geojson;32151120041006;25.96%;sama;42;3;1
112 KARAWANG TIMUR\desa_3215112004.gpkg;3215_SLS\desa_3215112004.geojson;32151120040006;100.0%;sama;42;3;1
112 KARAWANG TIMUR\desa_3215112004.gpkg;3215_SLS\desa_3215112004.geojson;32151120041002;100.0%;sama;42;3;1
112 KARAWANG TIMUR\desa_3215112004.gpkg;3215_SLS\desa_3215112004.geojson;32151120041003;100.0%;sama;42;3;1
112 KARAWANG TIMUR\desa_3215112004.gpkg;3215_SLS\desa_3215112004.geojson;32151120040038;0.0%;hanya_di_gpkg;42;3;1
112 KARAWANG TIMUR\desa_3215112004.gpkg;3215_SLS\desa_3215112004.geojson;32151120041001;95.2%;sama;42;3;1
112 KARAWANG TIMUR\desa_3215112004.gpkg;3215_SLS\desa_3215112004.geojson;32151120040014;53.05%;sama;42;3;1
112 KARAWANG TIMUR\desa_3215112004.gpkg;3215_SLS\desa_3215112004.geojson;32151120041004;0.0%;hanya_di_geojson;42;3;1
112 KARAWANG TIMUR\desa_3215112004.gpkg;3215_SLS\desa_3215112004.geojson;32151120040029;88.85%;sama;42;3;1
112 KARAWANG TIMUR\desa_3215112004.gpkg;3215_SLS\desa_3215112004.geojson;32151120040031;63.81%;sama;42;3;1
112 KARAWANG TIMUR\desa_3215112004.gpkg;3215_SLS\desa_3215112004.geojson;32151120040011;100.0%;sama;42;3;1
112 KARAWANG TIMUR\desa_3215112004.gpkg;3215_SLS\desa_3215112004.geojson;32151120040021;100.0%;sama;42;3;1
112 KARAWANG TIMUR\desa_3215112004.gpkg;3215_SLS\desa_3215112004.geojson;32151120040010;100.0%;sama;42;3;1
112 KARAWANG TIMUR\desa_3215112004.gpkg;3215_SLS\desa_3215112004.geojson;32151120040007;100.0%;sama;42;3;1
112 KARAWANG TIMUR\desa_3215112005.gpkg;3215_SLS\desa_3215112005.geojson;32151120050006;100.0%;sama;120;1;2
112 KARAWANG TIMUR\desa_3215112005.gpkg;3215_SLS\desa_3215112005.geojson;32151120050113;100.0%;sama;120;1;2
112 KARAWANG TIMUR\desa_3215112005.gpkg;3215_SLS\desa_3215112005.geojson;32151120050058;100.0%;sama;120;1;2
112 KARAWANG TIMUR\desa_3215112005.gpkg;3215_SLS\desa_3215112005.geojson;32151120050030;100.0%;sama;120;1;2
112 KARAWANG TIMUR\desa_3215112005.gpkg;3215_SLS\desa_3215112005.geojson;32151120050084;100.0%;sama;120;1;2
112 KARAWANG TIMUR\desa_3215112005.gpkg;3215_SLS\desa_3215112005.geojson;32151120050005;100.0%;sama;120;1;2
112 KARAWANG TIMUR\desa_3215112005.gpkg;3215_SLS\desa_3215112005.geojson;32151120050097;75.66%;sama;120;1;2
112 KARAWANG TIMUR\desa_3215112005.gpkg;3215_SLS\desa_3215112005.geojson;32151120050090;100.0%;sama;120;1;2
112 KARAWANG TIMUR\desa_3215112005.gpkg;3215_SLS\desa_3215112005.geojson;32151120050080;92.43%;sama;120;1;2
112 KARAWANG TIMUR\desa_3215112005.gpkg;3215_SLS\desa_3215112005.geojson;32151120050109;74.1%;sama;120;1;2
112 KARAWANG TIMUR\desa_3215112005.gpkg;3215_SLS\desa_3215112005.geojson;32151120050031;100.0%;sama;120;1;2
112 KARAWANG TIMUR\desa_3215112005.gpkg;3215_SLS\desa_3215112005.geojson;32151120050037;100.0%;sama;120;1;2
112 KARAWANG TIMUR\desa_3215112005.gpkg;3215_SLS\desa_3215112005.geojson;32151120050060;100.0%;sama;120;1;2
112 KARAWANG TIMUR\desa_3215112005.gpkg;3215_SLS\desa_3215112005.geojson;32151120050007;100.0%;sama;120;1;2
112 KARAWANG TIMUR\desa_3215112005.gpkg;3215_SLS\desa_3215112005.geojson;32151120050014;100.0%;sama;120;1;2
112 KARAWANG TIMUR\desa_3215112005.gpkg;3215_SLS\desa_3215112005.geojson;32151120050011;100.0%;sama;120;1;2
112 KARAWANG TIMUR\desa_3215112005.gpkg;3215_SLS\desa_3215112005.geojson;32151120050039;100.0%;sama;120;1;2
112 KARAWANG TIMUR\desa_3215112005.gpkg;3215_SLS\desa_3215112005.geojson;32151120050075;100.0%;sama;120;1;2
112 KARAWANG TIMUR\desa_3215112005.gpkg;3215_SLS\desa_3215112005.geojson;32151120050122;76.0%;sama;120;1;2
112 KARAWANG TIMUR\desa_3215112005.gpkg;3215_SLS\desa_3215112005.geojson;32151120050100;100.0%;sama;120;1;2
112 KARAWANG TIMUR\desa_3215112005.gpkg;3215_SLS\desa_3215112005.geojson;32151120050048;100.0%;sama;120;1;2
112 KARAWANG TIMUR\desa_3215112005.gpkg;3215_SLS\desa_3215112005.geojson;32151120050032;100.0%;sama;120;1;2
112 KARAWANG TIMUR\desa_3215112005.gpkg;3215_SLS\desa_3215112005.geojson;32151120050042;82.18%;sama;120;1;2
112 KARAWANG TIMUR\desa_3215112005.gpkg;3215_SLS\desa_3215112005.geojson;32151120050105;93.24%;sama;120;1;2
112 KARAWANG TIMUR\desa_3215112005.gpkg;3215_SLS\desa_3215112005.geojson;32151120050085;100.0%;sama;120;1;2
112 KARAWANG TIMUR\desa_3215112005.gpkg;3215_SLS\desa_3215112005.geojson;32151120050050;100.0%;sama;120;1;2
112 KARAWANG TIMUR\desa_3215112005.gpkg;3215_SLS\desa_3215112005.geojson;32151120050119;100.0%;sama;120;1;2
112 KARAWANG TIMUR\desa_3215112005.gpkg;3215_SLS\desa_3215112005.geojson;32151120050040;86.6%;sama;120;1;2
112 KARAWANG TIMUR\desa_3215112005.gpkg;3215_SLS\desa_3215112005.geojson;32151120050041;100.0%;sama;120;1;2
112 KARAWANG TIMUR\desa_3215112005.gpkg;3215_SLS\desa_3215112005.geojson;32151120050059;100.0%;sama;120;1;2
112 KARAWANG TIMUR\desa_3215112005.gpkg;3215_SLS\desa_3215112005.geojson;32151120050004;100.0%;sama;120;1;2
112 KARAWANG TIMUR\desa_3215112005.gpkg;3215_SLS\desa_3215112005.geojson;32151120050104;94.3%;sama;120;1;2
112 KARAWANG TIMUR\desa_3215112005.gpkg;3215_SLS\desa_3215112005.geojson;32151120050023;100.0%;sama;120;1;2
112 KARAWANG TIMUR\desa_3215112005.gpkg;3215_SLS\desa_3215112005.geojson;32151120050114;100.0%;sama;120;1;2
112 KARAWANG TIMUR\desa_3215112005.gpkg;3215_SLS\desa_3215112005.geojson;32151120050099;92.72%;sama;120;1;2
112 KARAWANG TIMUR\desa_3215112005.gpkg;3215_SLS\desa_3215112005.geojson;32151120050124;0.0%;hanya_di_gpkg;120;1;2
112 KARAWANG TIMUR\desa_3215112005.gpkg;3215_SLS\desa_3215112005.geojson;32151120050013;100.0%;sama;120;1;2
112 KARAWANG TIMUR\desa_3215112005.gpkg;3215_SLS\desa_3215112005.geojson;32151120050028;100.0%;sama;120;1;2
112 KARAWANG TIMUR\desa_3215112005.gpkg;3215_SLS\desa_3215112005.geojson;32151120050020;100.0%;sama;120;1;2
112 KARAWANG TIMUR\desa_3215112005.gpkg;3215_SLS\desa_3215112005.geojson;32151120050073;98.02%;sama;120;1;2
112 KARAWANG TIMUR\desa_3215112005.gpkg;3215_SLS\desa_3215112005.geojson;32151120050118;100.0%;sama;120;1;2
112 KARAWANG TIMUR\desa_3215112005.gpkg;3215_SLS\desa_3215112005.geojson;32151120050034;0.0%;hanya_di_geojson;120;1;2
112 KARAWANG TIMUR\desa_3215112005.gpkg;3215_SLS\desa_3215112005.geojson;32151120050115;100.0%;sama;120;1;2
112 KARAWANG TIMUR\desa_3215112005.gpkg;3215_SLS\desa_3215112005.geojson;32151120050055;64.65%;sama;120;1;2
112 KARAWANG TIMUR\desa_3215112005.gpkg;3215_SLS\desa_3215112005.geojson;32151120050071;93.15%;sama;120;1;2
112 KARAWANG TIMUR\desa_3215112005.gpkg;3215_SLS\desa_3215112005.geojson;32151120050027;100.0%;sama;120;1;2
112 KARAWANG TIMUR\desa_3215112005.gpkg;3215_SLS\desa_3215112005.geojson;32151120050072;90.87%;sama;120;1;2
112 KARAWANG TIMUR\desa_3215112005.gpkg;3215_SLS\desa_3215112005.geojson;32151120050062;100.0%;sama;120;1;2
112 KARAWANG TIMUR\desa_3215112005.gpkg;3215_SLS\desa_3215112005.geojson;32151120050053;0.0%;hanya_di_geojson;120;1;2
112 KARAWANG TIMUR\desa_3215112005.gpkg;3215_SLS\desa_3215112005.geojson;32151120050082;99.49%;sama;120;1;2
112 KARAWANG TIMUR\desa_3215112005.gpkg;3215_SLS\desa_3215112005.geojson;32151120050038;100.0%;sama;120;1;2
112 KARAWANG TIMUR\desa_3215112005.gpkg;3215_SLS\desa_3215112005.geojson;32151120050052;100.0%;sama;120;1;2
112 KARAWANG TIMUR\desa_3215112005.gpkg;3215_SLS\desa_3215112005.geojson;32151120050074;100.0%;sama;120;1;2
112 KARAWANG TIMUR\desa_3215112005.gpkg;3215_SLS\desa_3215112005.geojson;32151120050123;37.18%;sama;120;1;2
112 KARAWANG TIMUR\desa_3215112005.gpkg;3215_SLS\desa_3215112005.geojson;32151120050002;100.0%;sama;120;1;2
112 KARAWANG TIMUR\desa_3215112005.gpkg;3215_SLS\desa_3215112005.geojson;32151120050010;100.0%;sama;120;1;2
112 KARAWANG TIMUR\desa_3215112005.gpkg;3215_SLS\desa_3215112005.geojson;32151120050068;100.0%;sama;120;1;2
112 KARAWANG TIMUR\desa_3215112005.gpkg;3215_SLS\desa_3215112005.geojson;32151120050036;100.0%;sama;120;1;2
112 KARAWANG TIMUR\desa_3215112005.gpkg;3215_SLS\desa_3215112005.geojson;32151120050001;100.0%;sama;120;1;2
112 KARAWANG TIMUR\desa_3215112005.gpkg;3215_SLS\desa_3215112005.geojson;32151120050110;100.0%;sama;120;1;2
112 KARAWANG TIMUR\desa_3215112005.gpkg;3215_SLS\desa_3215112005.geojson;32151120050008;100.0%;sama;120;1;2
112 KARAWANG TIMUR\desa_3215112005.gpkg;3215_SLS\desa_3215112005.geojson;32151120050076;100.0%;sama;120;1;2
112 KARAWANG TIMUR\desa_3215112005.gpkg;3215_SLS\desa_3215112005.geojson;32151120050081;100.0%;sama;120;1;2
112 KARAWANG TIMUR\desa_3215112005.gpkg;3215_SLS\desa_3215112005.geojson;32151120050088;100.0%;sama;120;1;2
112 KARAWANG TIMUR\desa_3215112005.gpkg;3215_SLS\desa_3215112005.geojson;32151120050120;100.0%;sama;120;1;2
112 KARAWANG TIMUR\desa_3215112005.gpkg;3215_SLS\desa_3215112005.geojson;32151120050045;100.0%;sama;120;1;2
112 KARAWANG TIMUR\desa_3215112005.gpkg;3215_SLS\desa_3215112005.geojson;32151120050103;100.0%;sama;120;1;2
112 KARAWANG TIMUR\desa_3215112005.gpkg;3215_SLS\desa_3215112005.geojson;32151120050029;100.0%;sama;120;1;2
112 KARAWANG TIMUR\desa_3215112005.gpkg;3215_SLS\desa_3215112005.geojson;32151120050003;100.0%;sama;120;1;2
112 KARAWANG TIMUR\desa_3215112005.gpkg;3215_SLS\desa_3215112005.geojson;32151120050046;100.0%;sama;120;1;2
112 KARAWANG TIMUR\desa_3215112005.gpkg;3215_SLS\desa_3215112005.geojson;32151120050095;100.0%;sama;120;1;2
112 KARAWANG TIMUR\desa_3215112005.gpkg;3215_SLS\desa_3215112005.geojson;32151120050089;100.0%;sama;120;1;2
112 KARAWANG TIMUR\desa_3215112005.gpkg;3215_SLS\desa_3215112005.geojson;32151120050096;100.0%;sama;120;1;2
112 KARAWANG TIMUR\desa_3215112005.gpkg;3215_SLS\desa_3215112005.geojson;32151120050094;100.0%;sama;120;1;2
112 KARAWANG TIMUR\desa_3215112005.gpkg;3215_SLS\desa_3215112005.geojson;32151120050054;85.48%;sama;120;1;2
112 KARAWANG TIMUR\desa_3215112005.gpkg;3215_SLS\desa_3215112005.geojson;32151120050057;100.0%;sama;120;1;2
112 KARAWANG TIMUR\desa_3215112005.gpkg;3215_SLS\desa_3215112005.geojson;32151120050018;100.0%;sama;120;1;2
112 KARAWANG TIMUR\desa_3215112005.gpkg;3215_SLS\desa_3215112005.geojson;32151120050079;94.4%;sama;120;1;2
112 KARAWANG TIMUR\desa_3215112005.gpkg;3215_SLS\desa_3215112005.geojson;32151120050056;100.0%;sama;120;1;2
112 KARAWANG TIMUR\desa_3215112005.gpkg;3215_SLS\desa_3215112005.geojson;32151120050091;100.0%;sama;120;1;2
112 KARAWANG TIMUR\desa_3215112005.gpkg;3215_SLS\desa_3215112005.geojson;32151120050092;100.0%;sama;120;1;2
112 KARAWANG TIMUR\desa_3215112005.gpkg;3215_SLS\desa_3215112005.geojson;32151120050061;100.0%;sama;120;1;2
112 KARAWANG TIMUR\desa_3215112005.gpkg;3215_SLS\desa_3215112005.geojson;32151120050025;100.0%;sama;120;1;2
112 KARAWANG TIMUR\desa_3215112005.gpkg;3215_SLS\desa_3215112005.geojson;32151120050016;100.0%;sama;120;1;2
112 KARAWANG TIMUR\desa_3215112005.gpkg;3215_SLS\desa_3215112005.geojson;32151120050049;100.0%;sama;120;1;2
112 KARAWANG TIMUR\desa_3215112005.gpkg;3215_SLS\desa_3215112005.geojson;32151120050101;100.0%;sama;120;1;2
112 KARAWANG TIMUR\desa_3215112005.gpkg;3215_SLS\desa_3215112005.geojson;32151120050017;100.0%;sama;120;1;2
112 KARAWANG TIMUR\desa_3215112005.gpkg;3215_SLS\desa_3215112005.geojson;32151120050066;72.22%;sama;120;1;2
112 KARAWANG TIMUR\desa_3215112005.gpkg;3215_SLS\desa_3215112005.geojson;32151120050012;100.0%;sama;120;1;2
112 KARAWANG TIMUR\desa_3215112005.gpkg;3215_SLS\desa_3215112005.geojson;32151120050087;100.0%;sama;120;1;2
112 KARAWANG TIMUR\desa_3215112005.gpkg;3215_SLS\desa_3215112005.geojson;32151120050047;100.0%;sama;120;1;2
112 KARAWANG TIMUR\desa_3215112005.gpkg;3215_SLS\desa_3215112005.geojson;32151120050044;77.7%;sama;120;1;2
112 KARAWANG TIMUR\desa_3215112005.gpkg;3215_SLS\desa_3215112005.geojson;32151120050078;100.0%;sama;120;1;2
112 KARAWANG TIMUR\desa_3215112005.gpkg;3215_SLS\desa_3215112005.geojson;32151120050086;77.38%;sama;120;1;2
112 KARAWANG TIMUR\desa_3215112005.gpkg;3215_SLS\desa_3215112005.geojson;32151120050024;100.0%;sama;120;1;2
112 KARAWANG TIMUR\desa_3215112005.gpkg;3215_SLS\desa_3215112005.geojson;32151120050026;100.0%;sama;120;1;2
112 KARAWANG TIMUR\desa_3215112005.gpkg;3215_SLS\desa_3215112005.geojson;32151120050116;100.0%;sama;120;1;2
112 KARAWANG TIMUR\desa_3215112005.gpkg;3215_SLS\desa_3215112005.geojson;32151120050021;100.0%;sama;120;1;2
112 KARAWANG TIMUR\desa_3215112005.gpkg;3215_SLS\desa_3215112005.geojson;32151120050035;15.29%;sama;120;1;2
112 KARAWANG TIMUR\desa_3215112005.gpkg;3215_SLS\desa_3215112005.geojson;32151120050069;100.0%;sama;120;1;2
112 KARAWANG TIMUR\desa_3215112005.gpkg;3215_SLS\desa_3215112005.geojson;32151120050064;100.0%;sama;120;1;2
112 KARAWANG TIMUR\desa_3215112005.gpkg;3215_SLS\desa_3215112005.geojson;32151120050121;0.0%;sama;120;1;2
112 KARAWANG TIMUR\desa_3215112005.gpkg;3215_SLS\desa_3215112005.geojson;32151120050033;100.0%;sama;120;1;2
112 KARAWANG TIMUR\desa_3215112005.gpkg;3215_SLS\desa_3215112005.geojson;32151120050043;55.69%;sama;120;1;2
112 KARAWANG TIMUR\desa_3215112005.gpkg;3215_SLS\desa_3215112005.geojson;32151120050108;100.0%;sama;120;1;2
112 KARAWANG TIMUR\desa_3215112005.gpkg;3215_SLS\desa_3215112005.geojson;32151120050098;88.56%;sama;120;1;2
112 KARAWANG TIMUR\desa_3215112005.gpkg;3215_SLS\desa_3215112005.geojson;32151120050067;100.0%;sama;120;1;2
112 KARAWANG TIMUR\desa_3215112005.gpkg;3215_SLS\desa_3215112005.geojson;32151120050065;100.0%;sama;120;1;2
112 KARAWANG TIMUR\desa_3215112005.gpkg;3215_SLS\desa_3215112005.geojson;32151120050077;93.1%;sama;120;1;2
112 KARAWANG TIMUR\desa_3215112005.gpkg;3215_SLS\desa_3215112005.geojson;32151120050070;100.0%;sama;120;1;2
112 KARAWANG TIMUR\desa_3215112005.gpkg;3215_SLS\desa_3215112005.geojson;32151120050106;100.0%;sama;120;1;2
112 KARAWANG TIMUR\desa_3215112005.gpkg;3215_SLS\desa_3215112005.geojson;32151120050083;100.0%;sama;120;1;2
112 KARAWANG TIMUR\desa_3215112005.gpkg;3215_SLS\desa_3215112005.geojson;32151120050102;100.0%;sama;120;1;2
112 KARAWANG TIMUR\desa_3215112005.gpkg;3215_SLS\desa_3215112005.geojson;32151120050117;100.0%;sama;120;1;2
112 KARAWANG TIMUR\desa_3215112005.gpkg;3215_SLS\desa_3215112005.geojson;32151120050112;100.0%;sama;120;1;2
112 KARAWANG TIMUR\desa_3215112005.gpkg;3215_SLS\desa_3215112005.geojson;32151120050022;100.0%;sama;120;1;2
112 KARAWANG TIMUR\desa_3215112005.gpkg;3215_SLS\desa_3215112005.geojson;32151120050009;100.0%;sama;120;1;2
112 KARAWANG TIMUR\desa_3215112005.gpkg;3215_SLS\desa_3215112005.geojson;32151120050015;100.0%;sama;120;1;2
112 KARAWANG TIMUR\desa_3215112005.gpkg;3215_SLS\desa_3215112005.geojson;32151120050093;100.0%;sama;120;1;2
112 KARAWANG TIMUR\desa_3215112005.gpkg;3215_SLS\desa_3215112005.geojson;32151120050107;100.0%;sama;120;1;2
112 KARAWANG TIMUR\desa_3215112005.gpkg;3215_SLS\desa_3215112005.geojson;32151120050111;100.0%;sama;120;1;2
112 KARAWANG TIMUR\desa_3215112005.gpkg;3215_SLS\desa_3215112005.geojson;32151120050063;69.39%;sama;120;1;2
112 KARAWANG TIMUR\desa_3215112005.gpkg;3215_SLS\desa_3215112005.geojson;32151120050051;50.38%;sama;120;1;2
112 KARAWANG TIMUR\desa_3215112001.gpkg;3215_SLS\desa_3215112001.geojson;32151120010034;78.1%;sama;47;0;1
112 KARAWANG TIMUR\desa_3215112001.gpkg;3215_SLS\desa_3215112001.geojson;32151120010015;77.13%;sama;47;0;1
112 KARAWANG TIMUR\desa_3215112001.gpkg;3215_SLS\desa_3215112001.geojson;32151120010016;64.13%;sama;47;0;1
112 KARAWANG TIMUR\desa_3215112001.gpkg;3215_SLS\desa_3215112001.geojson;32151120010020;100.0%;sama;47;0;1
112 KARAWANG TIMUR\desa_3215112001.gpkg;3215_SLS\desa_3215112001.geojson;32151120010014;42.48%;sama;47;0;1
112 KARAWANG TIMUR\desa_3215112001.gpkg;3215_SLS\desa_3215112001.geojson;32151120010022;78.04%;sama;47;0;1
112 KARAWANG TIMUR\desa_3215112001.gpkg;3215_SLS\desa_3215112001.geojson;32151120010021;85.84%;sama;47;0;1
112 KARAWANG TIMUR\desa_3215112001.gpkg;3215_SLS\desa_3215112001.geojson;32151120010003;70.64%;sama;47;0;1
112 KARAWANG TIMUR\desa_3215112001.gpkg;3215_SLS\desa_3215112001.geojson;32151120010045;0.0%;sama;47;0;1
112 KARAWANG TIMUR\desa_3215112001.gpkg;3215_SLS\desa_3215112001.geojson;32151120010047;0.0%;sama;47;0;1
112 KARAWANG TIMUR\desa_3215112001.gpkg;3215_SLS\desa_3215112001.geojson;32151120010044;71.32%;sama;47;0;1
112 KARAWANG TIMUR\desa_3215112001.gpkg;3215_SLS\desa_3215112001.geojson;32151120010011;90.22%;sama;47;0;1
112 KARAWANG TIMUR\desa_3215112001.gpkg;3215_SLS\desa_3215112001.geojson;32151120010026;100.0%;sama;47;0;1
112 KARAWANG TIMUR\desa_3215112001.gpkg;3215_SLS\desa_3215112001.geojson;32151120010043;12.88%;sama;47;0;1
112 KARAWANG TIMUR\desa_3215112001.gpkg;3215_SLS\desa_3215112001.geojson;32151120010005;51.82%;sama;47;0;1
112 KARAWANG TIMUR\desa_3215112001.gpkg;3215_SLS\desa_3215112001.geojson;32151120010035;0.0%;hanya_di_geojson;47;0;1
112 KARAWANG TIMUR\desa_3215112001.gpkg;3215_SLS\desa_3215112001.geojson;32151120010029;79.7%;sama;47;0;1
112 KARAWANG TIMUR\desa_3215112001.gpkg;3215_SLS\desa_3215112001.geojson;32151120010019;100.0%;sama;47;0;1
112 KARAWANG TIMUR\desa_3215112001.gpkg;3215_SLS\desa_3215112001.geojson;32151120010023;100.0%;sama;47;0;1
112 KARAWANG TIMUR\desa_3215112001.gpkg;3215_SLS\desa_3215112001.geojson;32151120010032;44.42%;sama;47;0;1
112 KARAWANG TIMUR\desa_3215112001.gpkg;3215_SLS\desa_3215112001.geojson;32151120010013;100.0%;sama;47;0;1
112 KARAWANG TIMUR\desa_3215112001.gpkg;3215_SLS\desa_3215112001.geojson;32151120010007;28.07%;sama;47;0;1
112 KARAWANG TIMUR\desa_3215112001.gpkg;3215_SLS\desa_3215112001.geojson;32151120010039;100.0%;sama;47;0;1
112 KARAWANG TIMUR\desa_3215112001.gpkg;3215_SLS\desa_3215112001.geojson;32151120010001;30.73%;sama;47;0;1
112 KARAWANG TIMUR\desa_3215112001.gpkg;3215_SLS\desa_3215112001.geojson;32151120010030;45.64%;sama;47;0;1
112 KARAWANG TIMUR\desa_3215112001.gpkg;3215_SLS\desa_3215112001.geojson;32151120010012;45.75%;sama;47;0;1
112 KARAWANG TIMUR\desa_3215112001.gpkg;3215_SLS\desa_3215112001.geojson;32151120010024;93.81%;sama;47;0;1
112 KARAWANG TIMUR\desa_3215112001.gpkg;3215_SLS\desa_3215112001.geojson;32151120010008;30.96%;sama;47;0;1
112 KARAWANG TIMUR\desa_3215112001.gpkg;3215_SLS\desa_3215112001.geojson;32151120010048;97.31%;sama;47;0;1
112 KARAWANG TIMUR\desa_3215112001.gpkg;3215_SLS\desa_3215112001.geojson;32151120010017;53.58%;sama;47;0;1
112 KARAWANG TIMUR\desa_3215112001.gpkg;3215_SLS\desa_3215112001.geojson;32151120010031;92.1%;sama;47;0;1
112 KARAWANG TIMUR\desa_3215112001.gpkg;3215_SLS\desa_3215112001.geojson;32151120010040;7.35%;sama;47;0;1
112 KARAWANG TIMUR\desa_3215112001.gpkg;3215_SLS\desa_3215112001.geojson;32151120010027;43.48%;sama;47;0;1
112 KARAWANG TIMUR\desa_3215112001.gpkg;3215_SLS\desa_3215112001.geojson;32151120010037;52.93%;sama;47;0;1
112 KARAWANG TIMUR\desa_3215112001.gpkg;3215_SLS\desa_3215112001.geojson;32151120010004;69.06%;sama;47;0;1
112 KARAWANG TIMUR\desa_3215112001.gpkg;3215_SLS\desa_3215112001.geojson;32151120010042;39.03%;sama;47;0;1
112 KARAWANG TIMUR\desa_3215112001.gpkg;3215_SLS\desa_3215112001.geojson;32151120010002;53.92%;sama;47;0;1
112 KARAWANG TIMUR\desa_3215112001.gpkg;3215_SLS\desa_3215112001.geojson;32151120010046;0.0%;sama;47;0;1
112 KARAWANG TIMUR\desa_3215112001.gpkg;3215_SLS\desa_3215112001.geojson;32151120010028;72.26%;sama;47;0;1
112 KARAWANG TIMUR\desa_3215112001.gpkg;3215_SLS\desa_3215112001.geojson;32151120010041;7.71%;sama;47;0;1
112 KARAWANG TIMUR\desa_3215112001.gpkg;3215_SLS\desa_3215112001.geojson;32151120010036;100.0%;sama;47;0;1
112 KARAWANG TIMUR\desa_3215112001.gpkg;3215_SLS\desa_3215112001.geojson;32151120010006;75.63%;sama;47;0;1
112 KARAWANG TIMUR\desa_3215112001.gpkg;3215_SLS\desa_3215112001.geojson;32151120010009;99.79%;sama;47;0;1
112 KARAWANG TIMUR\desa_3215112001.gpkg;3215_SLS\desa_3215112001.geojson;32151120010033;25.55%;sama;47;0;1
112 KARAWANG TIMUR\desa_3215112001.gpkg;3215_SLS\desa_3215112001.geojson;32151120010025;80.64%;sama;47;0;1
112 KARAWANG TIMUR\desa_3215112001.gpkg;3215_SLS\desa_3215112001.geojson;32151120010038;70.43%;sama;47;0;1
112 KARAWANG TIMUR\desa_3215112001.gpkg;3215_SLS\desa_3215112001.geojson;32151120010018;100.0%;sama;47;0;1
112 KARAWANG TIMUR\desa_3215112001.gpkg;3215_SLS\desa_3215112001.geojson;32151120010010;98.32%;sama;47;0;1
112 KARAWANG TIMUR\desa_3215112002.gpkg;3215_SLS\desa_3215112002.geojson;32151120020018;24.95%;sama;32;1;0
112 KARAWANG TIMUR\desa_3215112002.gpkg;3215_SLS\desa_3215112002.geojson;32151120020031;100.0%;sama;32;1;0
112 KARAWANG TIMUR\desa_3215112002.gpkg;3215_SLS\desa_3215112002.geojson;32151120020021;100.0%;sama;32;1;0
112 KARAWANG TIMUR\desa_3215112002.gpkg;3215_SLS\desa_3215112002.geojson;32151120020008;42.49%;sama;32;1;0
112 KARAWANG TIMUR\desa_3215112002.gpkg;3215_SLS\desa_3215112002.geojson;32151120020024;100.0%;sama;32;1;0
112 KARAWANG TIMUR\desa_3215112002.gpkg;3215_SLS\desa_3215112002.geojson;32151120020020;100.0%;sama;32;1;0
112 KARAWANG TIMUR\desa_3215112002.gpkg;3215_SLS\desa_3215112002.geojson;32151120020033;0.0%;hanya_di_gpkg;32;1;0
112 KARAWANG TIMUR\desa_3215112002.gpkg;3215_SLS\desa_3215112002.geojson;32151120020001;100.0%;sama;32;1;0
112 KARAWANG TIMUR\desa_3215112002.gpkg;3215_SLS\desa_3215112002.geojson;32151120020019;100.0%;sama;32;1;0
112 KARAWANG TIMUR\desa_3215112002.gpkg;3215_SLS\desa_3215112002.geojson;32151120020010;99.99%;sama;32;1;0
112 KARAWANG TIMUR\desa_3215112002.gpkg;3215_SLS\desa_3215112002.geojson;32151120020030;100.0%;sama;32;1;0
112 KARAWANG TIMUR\desa_3215112002.gpkg;3215_SLS\desa_3215112002.geojson;32151120020025;100.0%;sama;32;1;0
112 KARAWANG TIMUR\desa_3215112002.gpkg;3215_SLS\desa_3215112002.geojson;32151120020027;100.0%;sama;32;1;0
112 KARAWANG TIMUR\desa_3215112002.gpkg;3215_SLS\desa_3215112002.geojson;32151120020007;100.0%;sama;32;1;0
112 KARAWANG TIMUR\desa_3215112002.gpkg;3215_SLS\desa_3215112002.geojson;32151120020022;100.0%;sama;32;1;0
112 KARAWANG TIMUR\desa_3215112002.gpkg;3215_SLS\desa_3215112002.geojson;32151120020029;100.0%;sama;32;1;0
112 KARAWANG TIMUR\desa_3215112002.gpkg;3215_SLS\desa_3215112002.geojson;32151120020009;100.0%;sama;32;1;0
112 KARAWANG TIMUR\desa_3215112002.gpkg;3215_SLS\desa_3215112002.geojson;32151120020015;76.0%;sama;32;1;0
112 KARAWANG TIMUR\desa_3215112002.gpkg;3215_SLS\desa_3215112002.geojson;32151120020028;100.0%;sama;32;1;0
112 KARAWANG TIMUR\desa_3215112002.gpkg;3215_SLS\desa_3215112002.geojson;32151120020005;62.62%;sama;32;1;0
112 KARAWANG TIMUR\desa_3215112002.gpkg;3215_SLS\desa_3215112002.geojson;32151120020012;71.76%;sama;32;1;0
112 KARAWANG TIMUR\desa_3215112002.gpkg;3215_SLS\desa_3215112002.geojson;32151120020016;100.0%;sama;32;1;0
112 KARAWANG TIMUR\desa_3215112002.gpkg;3215_SLS\desa_3215112002.geojson;32151120020014;91.95%;sama;32;1;0
112 KARAWANG TIMUR\desa_3215112002.gpkg;3215_SLS\desa_3215112002.geojson;32151120020003;94.65%;sama;32;1;0
112 KARAWANG TIMUR\desa_3215112002.gpkg;3215_SLS\desa_3215112002.geojson;32151120020026;99.93%;sama;32;1;0
112 KARAWANG TIMUR\desa_3215112002.gpkg;3215_SLS\desa_3215112002.geojson;32151120020011;100.0%;sama;32;1;0
112 KARAWANG TIMUR\desa_3215112002.gpkg;3215_SLS\desa_3215112002.geojson;32151120020017;100.0%;sama;32;1;0
112 KARAWANG TIMUR\desa_3215112002.gpkg;3215_SLS\desa_3215112002.geojson;32151120020023;100.0%;sama;32;1;0
112 KARAWANG TIMUR\desa_3215112002.gpkg;3215_SLS\desa_3215112002.geojson;32151120020013;95.05%;sama;32;1;0
112 KARAWANG TIMUR\desa_3215112002.gpkg;3215_SLS\desa_3215112002.geojson;32151120020002;92.67%;sama;32;1;0
112 KARAWANG TIMUR\desa_3215112002.gpkg;3215_SLS\desa_3215112002.geojson;32151120020032;52.89%;sama;32;1;0
112 KARAWANG TIMUR\desa_3215112002.gpkg;3215_SLS\desa_3215112002.geojson;32151120020004;99.95%;sama;32;1;0
112 KARAWANG TIMUR\desa_3215112002.gpkg;3215_SLS\desa_3215112002.geojson;32151120020006;100.0%;sama;32;1;0
112 KARAWANG TIMUR\desa_3215112006.gpkg;3215_SLS\desa_3215112006.geojson;32151120060107;77.25%;sama;120;3;0
112 KARAWANG TIMUR\desa_3215112006.gpkg;3215_SLS\desa_3215112006.geojson;32151120060011;100.0%;sama;120;3;0
112 KARAWANG TIMUR\desa_3215112006.gpkg;3215_SLS\desa_3215112006.geojson;32151120060041;63.73%;sama;120;3;0
112 KARAWANG TIMUR\desa_3215112006.gpkg;3215_SLS\desa_3215112006.geojson;32151120060024;91.35%;sama;120;3;0
112 KARAWANG TIMUR\desa_3215112006.gpkg;3215_SLS\desa_3215112006.geojson;32151120060057;100.0%;sama;120;3;0
112 KARAWANG TIMUR\desa_3215112006.gpkg;3215_SLS\desa_3215112006.geojson;32151120060053;93.05%;sama;120;3;0
112 KARAWANG TIMUR\desa_3215112006.gpkg;3215_SLS\desa_3215112006.geojson;32151120060062;100.0%;sama;120;3;0
112 KARAWANG TIMUR\desa_3215112006.gpkg;3215_SLS\desa_3215112006.geojson;32151120060067;93.5%;sama;120;3;0
112 KARAWANG TIMUR\desa_3215112006.gpkg;3215_SLS\desa_3215112006.geojson;32151120060010;81.24%;sama;120;3;0
112 KARAWANG TIMUR\desa_3215112006.gpkg;3215_SLS\desa_3215112006.geojson;32151120060116;0.0%;sama;120;3;0
112 KARAWANG TIMUR\desa_3215112006.gpkg;3215_SLS\desa_3215112006.geojson;32151120060049;97.27%;sama;120;3;0
112 KARAWANG TIMUR\desa_3215112006.gpkg;3215_SLS\desa_3215112006.geojson;32151120060027;89.25%;sama;120;3;0
112 KARAWANG TIMUR\desa_3215112006.gpkg;3215_SLS\desa_3215112006.geojson;32151120060007;95.18%;sama;120;3;0
112 KARAWANG TIMUR\desa_3215112006.gpkg;3215_SLS\desa_3215112006.geojson;32151120060070;56.08%;sama;120;3;0
112 KARAWANG TIMUR\desa_3215112006.gpkg;3215_SLS\desa_3215112006.geojson;32151120060084;100.0%;sama;120;3;0
112 KARAWANG TIMUR\desa_3215112006.gpkg;3215_SLS\desa_3215112006.geojson;32151120060073;87.67%;sama;120;3;0
112 KARAWANG TIMUR\desa_3215112006.gpkg;3215_SLS\desa_3215112006.geojson;32151120060096;100.0%;sama;120;3;0
112 KARAWANG TIMUR\desa_3215112006.gpkg;3215_SLS\desa_3215112006.geojson;32151120060060;100.0%;sama;120;3;0
112 KARAWANG TIMUR\desa_3215112006.gpkg;3215_SLS\desa_3215112006.geojson;3215112001;0.0%;hanya_di_gpkg;120;3;0
112 KARAWANG TIMUR\desa_3215112006.gpkg;3215_SLS\desa_3215112006.geojson;32151120060037;90.22%;sama;120;3;0
112 KARAWANG TIMUR\desa_3215112006.gpkg;3215_SLS\desa_3215112006.geojson;32151120060072;40.44%;sama;120;3;0
112 KARAWANG TIMUR\desa_3215112006.gpkg;3215_SLS\desa_3215112006.geojson;32151120060017;72.13%;sama;120;3;0
112 KARAWANG TIMUR\desa_3215112006.gpkg;3215_SLS\desa_3215112006.geojson;32151120060006;88.28%;sama;120;3;0
112 KARAWANG TIMUR\desa_3215112006.gpkg;3215_SLS\desa_3215112006.geojson;32151120060102;100.0%;sama;120;3;0
112 KARAWANG TIMUR\desa_3215112006.gpkg;3215_SLS\desa_3215112006.geojson;32151120060039;100.0%;sama;120;3;0
112 KARAWANG TIMUR\desa_3215112006.gpkg;3215_SLS\desa_3215112006.geojson;32151120060065;75.73%;sama;120;3;0
112 KARAWANG TIMUR\desa_3215112006.gpkg;3215_SLS\desa_3215112006.geojson;32151120060118;92.24%;sama;120;3;0
112 KARAWANG TIMUR\desa_3215112006.gpkg;3215_SLS\desa_3215112006.geojson;32151120060052;92.87%;sama;120;3;0
112 KARAWANG TIMUR\desa_3215112006.gpkg;3215_SLS\desa_3215112006.geojson;32151120060069;92.39%;sama;120;3;0
112 KARAWANG TIMUR\desa_3215112006.gpkg;3215_SLS\desa_3215112006.geojson;32151120060098;86.08%;sama;120;3;0
112 KARAWANG TIMUR\desa_3215112006.gpkg;3215_SLS\desa_3215112006.geojson;32151120060056;71.26%;sama;120;3;0
112 KARAWANG TIMUR\desa_3215112006.gpkg;3215_SLS\desa_3215112006.geojson;32151120060086;67.31%;sama;120;3;0
112 KARAWANG TIMUR\desa_3215112006.gpkg;3215_SLS\desa_3215112006.geojson;32151120060025;75.83%;sama;120;3;0
112 KARAWANG TIMUR\desa_3215112006.gpkg;3215_SLS\desa_3215112006.geojson;32151120060020;82.66%;sama;120;3;0
112 KARAWANG TIMUR\desa_3215112006.gpkg;3215_SLS\desa_3215112006.geojson;32151120060088;100.0%;sama;120;3;0
112 KARAWANG TIMUR\desa_3215112006.gpkg;3215_SLS\desa_3215112006.geojson;32151120060048;97.13%;sama;120;3;0
112 KARAWANG TIMUR\desa_3215112006.gpkg;3215_SLS\desa_3215112006.geojson;32151120060034;90.96%;sama;120;3;0
112 KARAWANG TIMUR\desa_3215112006.gpkg;3215_SLS\desa_3215112006.geojson;32151120060106;84.96%;sama;120;3;0
112 KARAWANG TIMUR\desa_3215112006.gpkg;3215_SLS\desa_3215112006.geojson;32151120060045;98.51%;sama;120;3;0
112 KARAWANG TIMUR\desa_3215112006.gpkg;3215_SLS\desa_3215112006.geojson;32151120060055;75.45%;sama;120;3;0
112 KARAWANG TIMUR\desa_3215112006.gpkg;3215_SLS\desa_3215112006.geojson;32151120060030;77.66%;sama;120;3;0
112 KARAWANG TIMUR\desa_3215112006.gpkg;3215_SLS\desa_3215112006.geojson;32151120061001;100.0%;sama;120;3;0
112 KARAWANG TIMUR\desa_3215112006.gpkg;3215_SLS\desa_3215112006.geojson;32151120060091;100.0%;sama;120;3;0
112 KARAWANG TIMUR\desa_3215112006.gpkg;3215_SLS\desa_3215112006.geojson;32151120060002;100.0%;sama;120;3;0
112 KARAWANG TIMUR\desa_3215112006.gpkg;3215_SLS\desa_3215112006.geojson;3215112008;0.0%;hanya_di_gpkg;120;3;0
112 KARAWANG TIMUR\desa_3215112006.gpkg;3215_SLS\desa_3215112006.geojson;32151120061002;99.99%;sama;120;3;0
112 KARAWANG TIMUR\desa_3215112006.gpkg;3215_SLS\desa_3215112006.geojson;32151120060046;97.49%;sama;120;3;0
112 KARAWANG TIMUR\desa_3215112006.gpkg;3215_SLS\desa_3215112006.geojson;32151120060063;87.57%;sama;120;3;0
112 KARAWANG TIMUR\desa_3215112006.gpkg;3215_SLS\desa_3215112006.geojson;32151120060076;0.0%;sama;120;3;0
112 KARAWANG TIMUR\desa_3215112006.gpkg;3215_SLS\desa_3215112006.geojson;32151120060044;70.17%;sama;120;3;0
112 KARAWANG TIMUR\desa_3215112006.gpkg;3215_SLS\desa_3215112006.geojson;32151120060018;67.37%;sama;120;3;0
112 KARAWANG TIMUR\desa_3215112006.gpkg;3215_SLS\desa_3215112006.geojson;32151120060109;75.56%;sama;120;3;0
112 KARAWANG TIMUR\desa_3215112006.gpkg;3215_SLS\desa_3215112006.geojson;32151120060038;87.65%;sama;120;3;0
112 KARAWANG TIMUR\desa_3215112006.gpkg;3215_SLS\desa_3215112006.geojson;32151120060078;48.47%;sama;120;3;0
112 KARAWANG TIMUR\desa_3215112006.gpkg;3215_SLS\desa_3215112006.geojson;32151120060042;93.0%;sama;120;3;0
112 KARAWANG TIMUR\desa_3215112006.gpkg;3215_SLS\desa_3215112006.geojson;32151120060032;85.78%;sama;120;3;0
112 KARAWANG TIMUR\desa_3215112006.gpkg;3215_SLS\desa_3215112006.geojson;32151120060064;87.47%;sama;120;3;0
112 KARAWANG TIMUR\desa_3215112006.gpkg;3215_SLS\desa_3215112006.geojson;32151120060028;64.5%;sama;120;3;0
112 KARAWANG TIMUR\desa_3215112006.gpkg;3215_SLS\desa_3215112006.geojson;32151120060008;100.0%;sama;120;3;0
112 KARAWANG TIMUR\desa_3215112006.gpkg;3215_SLS\desa_3215112006.geojson;32151120060026;72.91%;sama;120;3;0
112 KARAWANG TIMUR\desa_3215112006.gpkg;3215_SLS\desa_3215112006.geojson;32151120060114;51.16%;sama;120;3;0
112 KARAWANG TIMUR\desa_3215112006.gpkg;3215_SLS\desa_3215112006.geojson;32151120060090;70.65%;sama;120;3;0
112 KARAWANG TIMUR\desa_3215112006.gpkg;3215_SLS\desa_3215112006.geojson;32151120060016;67.32%;sama;120;3;0
112 KARAWANG TIMUR\desa_3215112006.gpkg;3215_SLS\desa_3215112006.geojson;32151120060103;100.0%;sama;120;3;0
112 KARAWANG TIMUR\desa_3215112006.gpkg;3215_SLS\desa_3215112006.geojson;32151120060104;100.0%;sama;120;3;0
112 KARAWANG TIMUR\desa_3215112006.gpkg;3215_SLS\desa_3215112006.geojson;32151120060012;64.32%;sama;120;3;0
112 KARAWANG TIMUR\desa_3215112006.gpkg;3215_SLS\desa_3215112006.geojson;32151120060077;82.96%;sama;120;3;0
112 KARAWANG TIMUR\desa_3215112006.gpkg;3215_SLS\desa_3215112006.geojson;32151120060115;70.98%;sama;120;3;0
112 KARAWANG TIMUR\desa_3215112006.gpkg;3215_SLS\desa_3215112006.geojson;32151120060119;0.0%;hanya_di_gpkg;120;3;0
112 KARAWANG TIMUR\desa_3215112006.gpkg;3215_SLS\desa_3215112006.geojson;32151120060089;100.0%;sama;120;3;0
112 KARAWANG TIMUR\desa_3215112006.gpkg;3215_SLS\desa_3215112006.geojson;32151120060100;100.0%;sama;120;3;0
112 KARAWANG TIMUR\desa_3215112006.gpkg;3215_SLS\desa_3215112006.geojson;32151120060021;95.74%;sama;120;3;0
112 KARAWANG TIMUR\desa_3215112006.gpkg;3215_SLS\desa_3215112006.geojson;32151120060019;64.6%;sama;120;3;0
112 KARAWANG TIMUR\desa_3215112006.gpkg;3215_SLS\desa_3215112006.geojson;32151120060079;100.0%;sama;120;3;0
112 KARAWANG TIMUR\desa_3215112006.gpkg;3215_SLS\desa_3215112006.geojson;32151120060033;100.0%;sama;120;3;0
112 KARAWANG TIMUR\desa_3215112006.gpkg;3215_SLS\desa_3215112006.geojson;32151120060111;100.0%;sama;120;3;0
112 KARAWANG TIMUR\desa_3215112006.gpkg;3215_SLS\desa_3215112006.geojson;32151120060061;100.0%;sama;120;3;0
112 KARAWANG TIMUR\desa_3215112006.gpkg;3215_SLS\desa_3215112006.geojson;32151120060059;100.0%;sama;120;3;0
112 KARAWANG TIMUR\desa_3215112006.gpkg;3215_SLS\desa_3215112006.geojson;32151120060014;77.86%;sama;120;3;0
112 KARAWANG TIMUR\desa_3215112006.gpkg;3215_SLS\desa_3215112006.geojson;32151120060101;100.0%;sama;120;3;0
112 KARAWANG TIMUR\desa_3215112006.gpkg;3215_SLS\desa_3215112006.geojson;32151120060050;97.26%;sama;120;3;0
112 KARAWANG TIMUR\desa_3215112006.gpkg;3215_SLS\desa_3215112006.geojson;32151120060013;50.63%;sama;120;3;0
112 KARAWANG TIMUR\desa_3215112006.gpkg;3215_SLS\desa_3215112006.geojson;32151120060081;80.22%;sama;120;3;0
112 KARAWANG TIMUR\desa_3215112006.gpkg;3215_SLS\desa_3215112006.geojson;32151120060074;58.66%;sama;120;3;0
112 KARAWANG TIMUR\desa_3215112006.gpkg;3215_SLS\desa_3215112006.geojson;32151120060058;100.0%;sama;120;3;0
112 KARAWANG TIMUR\desa_3215112006.gpkg;3215_SLS\desa_3215112006.geojson;32151120060009;100.0%;sama;120;3;0
112 KARAWANG TIMUR\desa_3215112006.gpkg;3215_SLS\desa_3215112006.geojson;32151120060117;0.0%;sama;120;3;0
112 KARAWANG TIMUR\desa_3215112006.gpkg;3215_SLS\desa_3215112006.geojson;32151120060105;74.36%;sama;120;3;0
112 KARAWANG TIMUR\desa_3215112006.gpkg;3215_SLS\desa_3215112006.geojson;32151120060029;55.26%;sama;120;3;0
112 KARAWANG TIMUR\desa_3215112006.gpkg;3215_SLS\desa_3215112006.geojson;32151120060003;78.29%;sama;120;3;0
112 KARAWANG TIMUR\desa_3215112006.gpkg;3215_SLS\desa_3215112006.geojson;32151120060068;100.0%;sama;120;3;0
112 KARAWANG TIMUR\desa_3215112006.gpkg;3215_SLS\desa_3215112006.geojson;32151120060099;92.59%;sama;120;3;0
112 KARAWANG TIMUR\desa_3215112006.gpkg;3215_SLS\desa_3215112006.geojson;32151120060083;85.89%;sama;120;3;0
112 KARAWANG TIMUR\desa_3215112006.gpkg;3215_SLS\desa_3215112006.geojson;32151120060071;85.54%;sama;120;3;0
112 KARAWANG TIMUR\desa_3215112006.gpkg;3215_SLS\desa_3215112006.geojson;32151120060047;92.69%;sama;120;3;0
112 KARAWANG TIMUR\desa_3215112006.gpkg;3215_SLS\desa_3215112006.geojson;32151120060085;92.61%;sama;120;3;0
112 KARAWANG TIMUR\desa_3215112006.gpkg;3215_SLS\desa_3215112006.geojson;32151120060110;79.12%;sama;120;3;0
112 KARAWANG TIMUR\desa_3215112006.gpkg;3215_SLS\desa_3215112006.geojson;32151120060094;73.25%;sama;120;3;0
112 KARAWANG TIMUR\desa_3215112006.gpkg;3215_SLS\desa_3215112006.geojson;32151120060005;87.45%;sama;120;3;0
112 KARAWANG TIMUR\desa_3215112006.gpkg;3215_SLS\desa_3215112006.geojson;32151120060043;91.29%;sama;120;3;0
112 KARAWANG TIMUR\desa_3215112006.gpkg;3215_SLS\desa_3215112006.geojson;32151120060001;81.05%;sama;120;3;0
112 KARAWANG TIMUR\desa_3215112006.gpkg;3215_SLS\desa_3215112006.geojson;32151120060066;47.02%;sama;120;3;0
112 KARAWANG TIMUR\desa_3215112006.gpkg;3215_SLS\desa_3215112006.geojson;32151120060015;39.76%;sama;120;3;0
112 KARAWANG TIMUR\desa_3215112006.gpkg;3215_SLS\desa_3215112006.geojson;32151120060022;68.5%;sama;120;3;0
112 KARAWANG TIMUR\desa_3215112006.gpkg;3215_SLS\desa_3215112006.geojson;32151120060075;81.55%;sama;120;3;0
112 KARAWANG TIMUR\desa_3215112006.gpkg;3215_SLS\desa_3215112006.geojson;32151120060113;36.77%;sama;120;3;0
112 KARAWANG TIMUR\desa_3215112006.gpkg;3215_SLS\desa_3215112006.geojson;32151120060080;100.0%;sama;120;3;0
112 KARAWANG TIMUR\desa_3215112006.gpkg;3215_SLS\desa_3215112006.geojson;32151120060092;85.9%;sama;120;3;0
112 KARAWANG TIMUR\desa_3215112006.gpkg;3215_SLS\desa_3215112006.geojson;32151120060087;85.33%;sama;120;3;0
112 KARAWANG TIMUR\desa_3215112006.gpkg;3215_SLS\desa_3215112006.geojson;32151120060054;100.0%;sama;120;3;0
112 KARAWANG TIMUR\desa_3215112006.gpkg;3215_SLS\desa_3215112006.geojson;32151120060082;77.09%;sama;120;3;0
112 KARAWANG TIMUR\desa_3215112006.gpkg;3215_SLS\desa_3215112006.geojson;32151120060035;89.9%;sama;120;3;0
112 KARAWANG TIMUR\desa_3215112006.gpkg;3215_SLS\desa_3215112006.geojson;32151120060040;42.96%;sama;120;3;0
112 KARAWANG TIMUR\desa_3215112006.gpkg;3215_SLS\desa_3215112006.geojson;32151120060023;100.0%;sama;120;3;0
112 KARAWANG TIMUR\desa_3215112006.gpkg;3215_SLS\desa_3215112006.geojson;32151120060095;91.35%;sama;120;3;0
112 KARAWANG TIMUR\desa_3215112006.gpkg;3215_SLS\desa_3215112006.geojson;32151120060108;74.47%;sama;120;3;0
112 KARAWANG TIMUR\desa_3215112006.gpkg;3215_SLS\desa_3215112006.geojson;32151120060036;88.18%;sama;120;3;0
112 KARAWANG TIMUR\desa_3215112006.gpkg;3215_SLS\desa_3215112006.geojson;32151120060112;86.5%;sama;120;3;0
112 KARAWANG TIMUR\desa_3215112006.gpkg;3215_SLS\desa_3215112006.geojson;32151120060031;100.0%;sama;120;3;0
112 KARAWANG TIMUR\desa_3215112006.gpkg;3215_SLS\desa_3215112006.geojson;32151120060093;100.0%;sama;120;3;0
112 KARAWANG TIMUR\desa_3215112006.gpkg;3215_SLS\desa_3215112006.geojson;32151120060004;100.0%;sama;120;3;0
112 KARAWANG TIMUR\desa_3215112006.gpkg;3215_SLS\desa_3215112006.geojson;32151120060097;98.27%;sama;120;3;0
112 KARAWANG TIMUR\desa_3215112006.gpkg;3215_SLS\desa_3215112006.geojson;32151120060051;79.4%;sama;120;3;0
120 RAWAMERTA\desa_3215120013.gpkg;3215_SLS\desa_3215120013.geojson;32151200130006;71.31%;sama;12;0;0
120 RAWAMERTA\desa_3215120013.gpkg;3215_SLS\desa_3215120013.geojson;32151200131001;76.39%;sama;12;0;0
120 RAWAMERTA\desa_3215120013.gpkg;3215_SLS\desa_3215120013.geojson;32151200131002;33.01%;sama;12;0;0
120 RAWAMERTA\desa_3215120013.gpkg;3215_SLS\desa_3215120013.geojson;32151200131003;98.49%;sama;12;0;0
120 RAWAMERTA\desa_3215120013.gpkg;3215_SLS\desa_3215120013.geojson;32151200130001;100.0%;sama;12;0;0
120 RAWAMERTA\desa_3215120013.gpkg;3215_SLS\desa_3215120013.geojson;32151200130008;41.64%;sama;12;0;0
120 RAWAMERTA\desa_3215120013.gpkg;3215_SLS\desa_3215120013.geojson;32151200130004;100.0%;sama;12;0;0
120 RAWAMERTA\desa_3215120013.gpkg;3215_SLS\desa_3215120013.geojson;32151200130009;99.58%;sama;12;0;0
120 RAWAMERTA\desa_3215120013.gpkg;3215_SLS\desa_3215120013.geojson;32151200130007;63.92%;sama;12;0;0
120 RAWAMERTA\desa_3215120013.gpkg;3215_SLS\desa_3215120013.geojson;32151200130002;100.0%;sama;12;0;0
120 RAWAMERTA\desa_3215120013.gpkg;3215_SLS\desa_3215120013.geojson;32151200130003;38.55%;sama;12;0;0
120 RAWAMERTA\desa_3215120013.gpkg;3215_SLS\desa_3215120013.geojson;32151200130005;100.0%;sama;12;0;0
120 RAWAMERTA\desa_3215120012.gpkg;3215_SLS\desa_3215120012.geojson;32151200121006;100.0%;sama;22;0;0
120 RAWAMERTA\desa_3215120012.gpkg;3215_SLS\desa_3215120012.geojson;32151200121011;100.0%;sama;22;0;0
120 RAWAMERTA\desa_3215120012.gpkg;3215_SLS\desa_3215120012.geojson;32151200121010;100.0%;sama;22;0;0
120 RAWAMERTA\desa_3215120012.gpkg;3215_SLS\desa_3215120012.geojson;32151200121003;100.0%;sama;22;0;0
120 RAWAMERTA\desa_3215120012.gpkg;3215_SLS\desa_3215120012.geojson;32151200121005;100.0%;sama;22;0;0
120 RAWAMERTA\desa_3215120012.gpkg;3215_SLS\desa_3215120012.geojson;32151200121002;100.0%;sama;22;0;0
120 RAWAMERTA\desa_3215120012.gpkg;3215_SLS\desa_3215120012.geojson;32151200121012;100.0%;sama;22;0;0
120 RAWAMERTA\desa_3215120012.gpkg;3215_SLS\desa_3215120012.geojson;32151200120005;100.0%;sama;22;0;0
120 RAWAMERTA\desa_3215120012.gpkg;3215_SLS\desa_3215120012.geojson;32151200120007;100.0%;sama;22;0;0
120 RAWAMERTA\desa_3215120012.gpkg;3215_SLS\desa_3215120012.geojson;32151200120004;100.0%;sama;22;0;0
120 RAWAMERTA\desa_3215120012.gpkg;3215_SLS\desa_3215120012.geojson;32151200121004;100.0%;sama;22;0;0
120 RAWAMERTA\desa_3215120012.gpkg;3215_SLS\desa_3215120012.geojson;32151200120001;100.0%;sama;22;0;0
120 RAWAMERTA\desa_3215120012.gpkg;3215_SLS\desa_3215120012.geojson;32151200121013;100.0%;sama;22;0;0
120 RAWAMERTA\desa_3215120012.gpkg;3215_SLS\desa_3215120012.geojson;32151200121009;100.0%;sama;22;0;0
120 RAWAMERTA\desa_3215120012.gpkg;3215_SLS\desa_3215120012.geojson;32151200121007;100.0%;sama;22;0;0
120 RAWAMERTA\desa_3215120012.gpkg;3215_SLS\desa_3215120012.geojson;32151200120006;100.0%;sama;22;0;0
120 RAWAMERTA\desa_3215120012.gpkg;3215_SLS\desa_3215120012.geojson;32151200121001;100.0%;sama;22;0;0
120 RAWAMERTA\desa_3215120012.gpkg;3215_SLS\desa_3215120012.geojson;32151200120002;100.0%;sama;22;0;0
120 RAWAMERTA\desa_3215120012.gpkg;3215_SLS\desa_3215120012.geojson;32151200122008;100.0%;sama;22;0;0
120 RAWAMERTA\desa_3215120012.gpkg;3215_SLS\desa_3215120012.geojson;32151200120003;100.0%;sama;22;0;0
120 RAWAMERTA\desa_3215120012.gpkg;3215_SLS\desa_3215120012.geojson;32151200121014;100.0%;sama;22;0;0
120 RAWAMERTA\desa_3215120012.gpkg;3215_SLS\desa_3215120012.geojson;32151200120008;100.0%;sama;22;0;0
120 RAWAMERTA\desa_3215120003.gpkg;3215_SLS\desa_3215120003.geojson;32151200030004;5.82%;sama;16;2;0
120 RAWAMERTA\desa_3215120003.gpkg;3215_SLS\desa_3215120003.geojson;32151200030008;98.16%;sama;16;2;0
120 RAWAMERTA\desa_3215120003.gpkg;3215_SLS\desa_3215120003.geojson;32151200031003;68.05%;sama;16;2;0
120 RAWAMERTA\desa_3215120003.gpkg;3215_SLS\desa_3215120003.geojson;32151200030013;12.94%;sama;16;2;0
120 RAWAMERTA\desa_3215120003.gpkg;3215_SLS\desa_3215120003.geojson;32151200030011;31.9%;sama;16;2;0
120 RAWAMERTA\desa_3215120003.gpkg;3215_SLS\desa_3215120003.geojson;32151200030009;100.0%;sama;16;2;0
120 RAWAMERTA\desa_3215120003.gpkg;3215_SLS\desa_3215120003.geojson;32151200030003;100.0%;sama;16;2;0
120 RAWAMERTA\desa_3215120003.gpkg;3215_SLS\desa_3215120003.geojson;32151200030010;24.91%;sama;16;2;0
120 RAWAMERTA\desa_3215120003.gpkg;3215_SLS\desa_3215120003.geojson;32151200031001;100.0%;sama;16;2;0
120 RAWAMERTA\desa_3215120003.gpkg;3215_SLS\desa_3215120003.geojson;32151200031002;40.93%;sama;16;2;0
120 RAWAMERTA\desa_3215120003.gpkg;3215_SLS\desa_3215120003.geojson;32151200031005;0.0%;hanya_di_gpkg;16;2;0
120 RAWAMERTA\desa_3215120003.gpkg;3215_SLS\desa_3215120003.geojson;32151200030007;44.5%;sama;16;2;0
120 RAWAMERTA\desa_3215120003.gpkg;3215_SLS\desa_3215120003.geojson;32151200030012;6.87%;sama;16;2;0
120 RAWAMERTA\desa_3215120003.gpkg;3215_SLS\desa_3215120003.geojson;32151200030006;33.65%;sama;16;2;0
120 RAWAMERTA\desa_3215120003.gpkg;3215_SLS\desa_3215120003.geojson;32151200031004;0.0%;hanya_di_gpkg;16;2;0
120 RAWAMERTA\desa_3215120003.gpkg;3215_SLS\desa_3215120003.geojson;32151200030002;18.79%;sama;16;2;0
120 RAWAMERTA\desa_3215120003.gpkg;3215_SLS\desa_3215120003.geojson;32151200030005;10.08%;sama;16;2;0
120 RAWAMERTA\desa_3215120003.gpkg;3215_SLS\desa_3215120003.geojson;32151200030001;30.45%;sama;16;2;0
120 RAWAMERTA\desa_3215120004.gpkg;3215_SLS\desa_3215120004.geojson;32151200040006;100.0%;sama;20;0;0
120 RAWAMERTA\desa_3215120004.gpkg;3215_SLS\desa_3215120004.geojson;32151200041006;100.0%;sama;20;0;0
120 RAWAMERTA\desa_3215120004.gpkg;3215_SLS\desa_3215120004.geojson;32151200041004;100.0%;sama;20;0;0
120 RAWAMERTA\desa_3215120004.gpkg;3215_SLS\desa_3215120004.geojson;32151200040013;100.0%;sama;20;0;0
120 RAWAMERTA\desa_3215120004.gpkg;3215_SLS\desa_3215120004.geojson;32151200040003;100.0%;sama;20;0;0
120 RAWAMERTA\desa_3215120004.gpkg;3215_SLS\desa_3215120004.geojson;32151200040014;100.0%;sama;20;0;0
120 RAWAMERTA\desa_3215120004.gpkg;3215_SLS\desa_3215120004.geojson;32151200040001;100.0%;sama;20;0;0
120 RAWAMERTA\desa_3215120004.gpkg;3215_SLS\desa_3215120004.geojson;32151200040011;100.0%;sama;20;0;0
120 RAWAMERTA\desa_3215120004.gpkg;3215_SLS\desa_3215120004.geojson;32151200040009;100.0%;sama;20;0;0
120 RAWAMERTA\desa_3215120004.gpkg;3215_SLS\desa_3215120004.geojson;32151200041002;100.0%;sama;20;0;0
120 RAWAMERTA\desa_3215120004.gpkg;3215_SLS\desa_3215120004.geojson;32151200040004;100.0%;sama;20;0;0
120 RAWAMERTA\desa_3215120004.gpkg;3215_SLS\desa_3215120004.geojson;32151200040012;100.0%;sama;20;0;0
120 RAWAMERTA\desa_3215120004.gpkg;3215_SLS\desa_3215120004.geojson;32151200040007;100.0%;sama;20;0;0
120 RAWAMERTA\desa_3215120004.gpkg;3215_SLS\desa_3215120004.geojson;32151200040008;100.0%;sama;20;0;0
120 RAWAMERTA\desa_3215120004.gpkg;3215_SLS\desa_3215120004.geojson;32151200041001;100.0%;sama;20;0;0
120 RAWAMERTA\desa_3215120004.gpkg;3215_SLS\desa_3215120004.geojson;32151200040005;100.0%;sama;20;0;0
120 RAWAMERTA\desa_3215120004.gpkg;3215_SLS\desa_3215120004.geojson;32151200041003;100.0%;sama;20;0;0
120 RAWAMERTA\desa_3215120004.gpkg;3215_SLS\desa_3215120004.geojson;32151200040002;100.0%;sama;20;0;0
120 RAWAMERTA\desa_3215120004.gpkg;3215_SLS\desa_3215120004.geojson;32151200040010;100.0%;sama;20;0;0
120 RAWAMERTA\desa_3215120004.gpkg;3215_SLS\desa_3215120004.geojson;32151200041005;100.0%;sama;20;0;0
120 RAWAMERTA\desa_3215120001.gpkg;3215_SLS\desa_3215120001.geojson;32151200010016;100.0%;sama;30;1;0
120 RAWAMERTA\desa_3215120001.gpkg;3215_SLS\desa_3215120001.geojson;32151200010022;100.0%;sama;30;1;0
120 RAWAMERTA\desa_3215120001.gpkg;3215_SLS\desa_3215120001.geojson;32151200010023;100.0%;sama;30;1;0
120 RAWAMERTA\desa_3215120001.gpkg;3215_SLS\desa_3215120001.geojson;32151200010028;97.28%;sama;30;1;0
120 RAWAMERTA\desa_3215120001.gpkg;3215_SLS\desa_3215120001.geojson;32151200010010;100.0%;sama;30;1;0
120 RAWAMERTA\desa_3215120001.gpkg;3215_SLS\desa_3215120001.geojson;32151200010007;15.24%;sama;30;1;0
120 RAWAMERTA\desa_3215120001.gpkg;3215_SLS\desa_3215120001.geojson;32151200010008;100.0%;sama;30;1;0
120 RAWAMERTA\desa_3215120001.gpkg;3215_SLS\desa_3215120001.geojson;32151200010009;100.0%;sama;30;1;0
120 RAWAMERTA\desa_3215120001.gpkg;3215_SLS\desa_3215120001.geojson;32151200010017;100.0%;sama;30;1;0
120 RAWAMERTA\desa_3215120001.gpkg;3215_SLS\desa_3215120001.geojson;32151200010005;100.0%;sama;30;1;0
120 RAWAMERTA\desa_3215120001.gpkg;3215_SLS\desa_3215120001.geojson;32151200010018;100.0%;sama;30;1;0
120 RAWAMERTA\desa_3215120001.gpkg;3215_SLS\desa_3215120001.geojson;32151200010006;100.0%;sama;30;1;0
120 RAWAMERTA\desa_3215120001.gpkg;3215_SLS\desa_3215120001.geojson;32151200010019;100.0%;sama;30;1;0
120 RAWAMERTA\desa_3215120001.gpkg;3215_SLS\desa_3215120001.geojson;32151200010026;100.0%;sama;30;1;0
120 RAWAMERTA\desa_3215120001.gpkg;3215_SLS\desa_3215120001.geojson;32151200010025;100.0%;sama;30;1;0
120 RAWAMERTA\desa_3215120001.gpkg;3215_SLS\desa_3215120001.geojson;32151200010002;45.5%;sama;30;1;0
120 RAWAMERTA\desa_3215120001.gpkg;3215_SLS\desa_3215120001.geojson;32151200010027;100.0%;sama;30;1;0
120 RAWAMERTA\desa_3215120001.gpkg;3215_SLS\desa_3215120001.geojson;32151200010004;100.0%;sama;30;1;0
120 RAWAMERTA\desa_3215120001.gpkg;3215_SLS\desa_3215120001.geojson;32151200010014;100.0%;sama;30;1;0
120 RAWAMERTA\desa_3215120001.gpkg;3215_SLS\desa_3215120001.geojson;32151200010012;100.0%;sama;30;1;0
120 RAWAMERTA\desa_3215120001.gpkg;3215_SLS\desa_3215120001.geojson;32151200011001;100.0%;sama;30;1;0
120 RAWAMERTA\desa_3215120001.gpkg;3215_SLS\desa_3215120001.geojson;32151200011002;100.0%;sama;30;1;0
120 RAWAMERTA\desa_3215120001.gpkg;3215_SLS\desa_3215120001.geojson;32151200010021;100.0%;sama;30;1;0
120 RAWAMERTA\desa_3215120001.gpkg;3215_SLS\desa_3215120001.geojson;32151200010024;100.0%;sama;30;1;0
120 RAWAMERTA\desa_3215120001.gpkg;3215_SLS\desa_3215120001.geojson;32151200010001;51.16%;sama;30;1;0
120 RAWAMERTA\desa_3215120001.gpkg;3215_SLS\desa_3215120001.geojson;32151200011004;0.0%;hanya_di_gpkg;30;1;0
120 RAWAMERTA\desa_3215120001.gpkg;3215_SLS\desa_3215120001.geojson;32151200010011;100.0%;sama;30;1;0
120 RAWAMERTA\desa_3215120001.gpkg;3215_SLS\desa_3215120001.geojson;32151200010003;100.0%;sama;30;1;0
120 RAWAMERTA\desa_3215120001.gpkg;3215_SLS\desa_3215120001.geojson;32151200010020;100.0%;sama;30;1;0
120 RAWAMERTA\desa_3215120001.gpkg;3215_SLS\desa_3215120001.geojson;32151200010013;100.0%;sama;30;1;0
120 RAWAMERTA\desa_3215120001.gpkg;3215_SLS\desa_3215120001.geojson;32151200010015;100.0%;sama;30;1;0
120 RAWAMERTA\desa_3215120005.gpkg;3215_SLS\desa_3215120005.geojson;32151200050002;28.23%;sama;19;2;0
120 RAWAMERTA\desa_3215120005.gpkg;3215_SLS\desa_3215120005.geojson;32151200050009;24.93%;sama;19;2;0
120 RAWAMERTA\desa_3215120005.gpkg;3215_SLS\desa_3215120005.geojson;32151200053006;0.0%;hanya_di_gpkg;19;2;0
120 RAWAMERTA\desa_3215120005.gpkg;3215_SLS\desa_3215120005.geojson;32151200053004;38.72%;sama;19;2;0
120 RAWAMERTA\desa_3215120005.gpkg;3215_SLS\desa_3215120005.geojson;32151200050013;98.52%;sama;19;2;0
120 RAWAMERTA\desa_3215120005.gpkg;3215_SLS\desa_3215120005.geojson;32151200050008;34.26%;sama;19;2;0
120 RAWAMERTA\desa_3215120005.gpkg;3215_SLS\desa_3215120005.geojson;32151200050011;100.0%;sama;19;2;0
120 RAWAMERTA\desa_3215120005.gpkg;3215_SLS\desa_3215120005.geojson;32151200050001;100.0%;sama;19;2;0
120 RAWAMERTA\desa_3215120005.gpkg;3215_SLS\desa_3215120005.geojson;32151200050012;17.05%;sama;19;2;0
120 RAWAMERTA\desa_3215120005.gpkg;3215_SLS\desa_3215120005.geojson;32151200050003;100.0%;sama;19;2;0
120 RAWAMERTA\desa_3215120005.gpkg;3215_SLS\desa_3215120005.geojson;32151200050005;11.47%;sama;19;2;0
120 RAWAMERTA\desa_3215120005.gpkg;3215_SLS\desa_3215120005.geojson;32151200053005;0.0%;hanya_di_gpkg;19;2;0
120 RAWAMERTA\desa_3215120005.gpkg;3215_SLS\desa_3215120005.geojson;32151200050006;21.77%;sama;19;2;0
120 RAWAMERTA\desa_3215120005.gpkg;3215_SLS\desa_3215120005.geojson;32151200052002;100.0%;sama;19;2;0
120 RAWAMERTA\desa_3215120005.gpkg;3215_SLS\desa_3215120005.geojson;32151200050014;100.0%;sama;19;2;0
120 RAWAMERTA\desa_3215120005.gpkg;3215_SLS\desa_3215120005.geojson;32151200050007;44.93%;sama;19;2;0
120 RAWAMERTA\desa_3215120005.gpkg;3215_SLS\desa_3215120005.geojson;32151200053003;99.22%;sama;19;2;0
120 RAWAMERTA\desa_3215120005.gpkg;3215_SLS\desa_3215120005.geojson;32151200051001;79.97%;sama;19;2;0
120 RAWAMERTA\desa_3215120005.gpkg;3215_SLS\desa_3215120005.geojson;32151200050015;38.39%;sama;19;2;0
120 RAWAMERTA\desa_3215120005.gpkg;3215_SLS\desa_3215120005.geojson;32151200050004;22.8%;sama;19;2;0
120 RAWAMERTA\desa_3215120005.gpkg;3215_SLS\desa_3215120005.geojson;32151200050010;22.2%;sama;19;2;0
113 KARAWANG BARAT\desa_3215113003.gpkg;3215_SLS\desa_3215113003.geojson;32151130030046;100.0%;sama;84;0;0
113 KARAWANG BARAT\desa_3215113003.gpkg;3215_SLS\desa_3215113003.geojson;32151130030047;100.0%;sama;84;0;0
113 KARAWANG BARAT\desa_3215113003.gpkg;3215_SLS\desa_3215113003.geojson;32151130030056;100.0%;sama;84;0;0
113 KARAWANG BARAT\desa_3215113003.gpkg;3215_SLS\desa_3215113003.geojson;32151130030023;100.0%;sama;84;0;0
113 KARAWANG BARAT\desa_3215113003.gpkg;3215_SLS\desa_3215113003.geojson;32151130030025;100.0%;sama;84;0;0
113 KARAWANG BARAT\desa_3215113003.gpkg;3215_SLS\desa_3215113003.geojson;32151130030031;100.0%;sama;84;0;0
113 KARAWANG BARAT\desa_3215113003.gpkg;3215_SLS\desa_3215113003.geojson;32151130030080;100.0%;sama;84;0;0
113 KARAWANG BARAT\desa_3215113003.gpkg;3215_SLS\desa_3215113003.geojson;32151130030054;100.0%;sama;84;0;0
113 KARAWANG BARAT\desa_3215113003.gpkg;3215_SLS\desa_3215113003.geojson;32151130030038;100.0%;sama;84;0;0
113 KARAWANG BARAT\desa_3215113003.gpkg;3215_SLS\desa_3215113003.geojson;32151130030076;100.0%;sama;84;0;0
113 KARAWANG BARAT\desa_3215113003.gpkg;3215_SLS\desa_3215113003.geojson;32151130030021;100.0%;sama;84;0;0
113 KARAWANG BARAT\desa_3215113003.gpkg;3215_SLS\desa_3215113003.geojson;32151130030068;100.0%;sama;84;0;0
113 KARAWANG BARAT\desa_3215113003.gpkg;3215_SLS\desa_3215113003.geojson;32151130030050;100.0%;sama;84;0;0
113 KARAWANG BARAT\desa_3215113003.gpkg;3215_SLS\desa_3215113003.geojson;32151130030008;100.0%;sama;84;0;0
113 KARAWANG BARAT\desa_3215113003.gpkg;3215_SLS\desa_3215113003.geojson;32151130030048;100.0%;sama;84;0;0
113 KARAWANG BARAT\desa_3215113003.gpkg;3215_SLS\desa_3215113003.geojson;32151130030063;100.0%;sama;84;0;0
113 KARAWANG BARAT\desa_3215113003.gpkg;3215_SLS\desa_3215113003.geojson;32151130030014;100.0%;sama;84;0;0
113 KARAWANG BARAT\desa_3215113003.gpkg;3215_SLS\desa_3215113003.geojson;32151130030077;100.0%;sama;84;0;0
113 KARAWANG BARAT\desa_3215113003.gpkg;3215_SLS\desa_3215113003.geojson;32151130030081;100.0%;sama;84;0;0
113 KARAWANG BARAT\desa_3215113003.gpkg;3215_SLS\desa_3215113003.geojson;32151130030064;100.0%;sama;84;0;0
113 KARAWANG BARAT\desa_3215113003.gpkg;3215_SLS\desa_3215113003.geojson;32151130030053;100.0%;sama;84;0;0
113 KARAWANG BARAT\desa_3215113003.gpkg;3215_SLS\desa_3215113003.geojson;32151130030082;100.0%;sama;84;0;0
113 KARAWANG BARAT\desa_3215113003.gpkg;3215_SLS\desa_3215113003.geojson;32151130030072;100.0%;sama;84;0;0
113 KARAWANG BARAT\desa_3215113003.gpkg;3215_SLS\desa_3215113003.geojson;32151130030051;100.0%;sama;84;0;0
113 KARAWANG BARAT\desa_3215113003.gpkg;3215_SLS\desa_3215113003.geojson;32151130030036;100.0%;sama;84;0;0
113 KARAWANG BARAT\desa_3215113003.gpkg;3215_SLS\desa_3215113003.geojson;32151130030032;100.0%;sama;84;0;0
113 KARAWANG BARAT\desa_3215113003.gpkg;3215_SLS\desa_3215113003.geojson;32151130030017;100.0%;sama;84;0;0
113 KARAWANG BARAT\desa_3215113003.gpkg;3215_SLS\desa_3215113003.geojson;32151130030062;100.0%;sama;84;0;0
113 KARAWANG BARAT\desa_3215113003.gpkg;3215_SLS\desa_3215113003.geojson;32151130030055;100.0%;sama;84;0;0
113 KARAWANG BARAT\desa_3215113003.gpkg;3215_SLS\desa_3215113003.geojson;32151130030001;100.0%;sama;84;0;0
113 KARAWANG BARAT\desa_3215113003.gpkg;3215_SLS\desa_3215113003.geojson;32151130030044;100.0%;sama;84;0;0
113 KARAWANG BARAT\desa_3215113003.gpkg;3215_SLS\desa_3215113003.geojson;32151130031001;100.0%;sama;84;0;0
113 KARAWANG BARAT\desa_3215113003.gpkg;3215_SLS\desa_3215113003.geojson;32151130030005;100.0%;sama;84;0;0
113 KARAWANG BARAT\desa_3215113003.gpkg;3215_SLS\desa_3215113003.geojson;32151130030022;100.0%;sama;84;0;0
113 KARAWANG BARAT\desa_3215113003.gpkg;3215_SLS\desa_3215113003.geojson;32151130030011;100.0%;sama;84;0;0
113 KARAWANG BARAT\desa_3215113003.gpkg;3215_SLS\desa_3215113003.geojson;32151130030007;100.0%;sama;84;0;0
113 KARAWANG BARAT\desa_3215113003.gpkg;3215_SLS\desa_3215113003.geojson;32151130030083;100.0%;sama;84;0;0
113 KARAWANG BARAT\desa_3215113003.gpkg;3215_SLS\desa_3215113003.geojson;32151130030015;100.0%;sama;84;0;0
113 KARAWANG BARAT\desa_3215113003.gpkg;3215_SLS\desa_3215113003.geojson;32151130030030;100.0%;sama;84;0;0
113 KARAWANG BARAT\desa_3215113003.gpkg;3215_SLS\desa_3215113003.geojson;32151130030043;100.0%;sama;84;0;0
113 KARAWANG BARAT\desa_3215113003.gpkg;3215_SLS\desa_3215113003.geojson;32151130030012;100.0%;sama;84;0;0
113 KARAWANG BARAT\desa_3215113003.gpkg;3215_SLS\desa_3215113003.geojson;32151130030028;100.0%;sama;84;0;0
113 KARAWANG BARAT\desa_3215113003.gpkg;3215_SLS\desa_3215113003.geojson;32151130030074;100.0%;sama;84;0;0
113 KARAWANG BARAT\desa_3215113003.gpkg;3215_SLS\desa_3215113003.geojson;32151130030037;100.0%;sama;84;0;0
113 KARAWANG BARAT\desa_3215113003.gpkg;3215_SLS\desa_3215113003.geojson;32151130030067;100.0%;sama;84;0;0
113 KARAWANG BARAT\desa_3215113003.gpkg;3215_SLS\desa_3215113003.geojson;32151130030073;100.0%;sama;84;0;0
113 KARAWANG BARAT\desa_3215113003.gpkg;3215_SLS\desa_3215113003.geojson;32151130030026;100.0%;sama;84;0;0
113 KARAWANG BARAT\desa_3215113003.gpkg;3215_SLS\desa_3215113003.geojson;32151130030057;100.0%;sama;84;0;0
113 KARAWANG BARAT\desa_3215113003.gpkg;3215_SLS\desa_3215113003.geojson;32151130030065;100.0%;sama;84;0;0
113 KARAWANG BARAT\desa_3215113003.gpkg;3215_SLS\desa_3215113003.geojson;32151130030061;100.0%;sama;84;0;0
113 KARAWANG BARAT\desa_3215113003.gpkg;3215_SLS\desa_3215113003.geojson;32151130030041;100.0%;sama;84;0;0
113 KARAWANG BARAT\desa_3215113003.gpkg;3215_SLS\desa_3215113003.geojson;32151130030013;100.0%;sama;84;0;0
113 KARAWANG BARAT\desa_3215113003.gpkg;3215_SLS\desa_3215113003.geojson;32151130030070;100.0%;sama;84;0;0
113 KARAWANG BARAT\desa_3215113003.gpkg;3215_SLS\desa_3215113003.geojson;32151130030075;100.0%;sama;84;0;0
113 KARAWANG BARAT\desa_3215113003.gpkg;3215_SLS\desa_3215113003.geojson;32151130030060;100.0%;sama;84;0;0
113 KARAWANG BARAT\desa_3215113003.gpkg;3215_SLS\desa_3215113003.geojson;32151130030078;100.0%;sama;84;0;0
113 KARAWANG BARAT\desa_3215113003.gpkg;3215_SLS\desa_3215113003.geojson;32151130030052;100.0%;sama;84;0;0
113 KARAWANG BARAT\desa_3215113003.gpkg;3215_SLS\desa_3215113003.geojson;32151130030009;100.0%;sama;84;0;0
113 KARAWANG BARAT\desa_3215113003.gpkg;3215_SLS\desa_3215113003.geojson;32151130030066;100.0%;sama;84;0;0
113 KARAWANG BARAT\desa_3215113003.gpkg;3215_SLS\desa_3215113003.geojson;32151130030024;100.0%;sama;84;0;0
113 KARAWANG BARAT\desa_3215113003.gpkg;3215_SLS\desa_3215113003.geojson;32151130030079;100.0%;sama;84;0;0
113 KARAWANG BARAT\desa_3215113003.gpkg;3215_SLS\desa_3215113003.geojson;32151130030058;100.0%;sama;84;0;0
113 KARAWANG BARAT\desa_3215113003.gpkg;3215_SLS\desa_3215113003.geojson;32151130030016;100.0%;sama;84;0;0
113 KARAWANG BARAT\desa_3215113003.gpkg;3215_SLS\desa_3215113003.geojson;32151130030018;97.75%;sama;84;0;0
113 KARAWANG BARAT\desa_3215113003.gpkg;3215_SLS\desa_3215113003.geojson;32151130030002;100.0%;sama;84;0;0
113 KARAWANG BARAT\desa_3215113003.gpkg;3215_SLS\desa_3215113003.geojson;32151130030039;100.0%;sama;84;0;0
113 KARAWANG BARAT\desa_3215113003.gpkg;3215_SLS\desa_3215113003.geojson;32151130030006;100.0%;sama;84;0;0
113 KARAWANG BARAT\desa_3215113003.gpkg;3215_SLS\desa_3215113003.geojson;32151130030071;100.0%;sama;84;0;0
113 KARAWANG BARAT\desa_3215113003.gpkg;3215_SLS\desa_3215113003.geojson;32151130030019;100.0%;sama;84;0;0
113 KARAWANG BARAT\desa_3215113003.gpkg;3215_SLS\desa_3215113003.geojson;32151130030040;100.0%;sama;84;0;0
113 KARAWANG BARAT\desa_3215113003.gpkg;3215_SLS\desa_3215113003.geojson;32151130030049;100.0%;sama;84;0;0
113 KARAWANG BARAT\desa_3215113003.gpkg;3215_SLS\desa_3215113003.geojson;32151130030003;100.0%;sama;84;0;0
113 KARAWANG BARAT\desa_3215113003.gpkg;3215_SLS\desa_3215113003.geojson;32151130030027;98.03%;sama;84;0;0
113 KARAWANG BARAT\desa_3215113003.gpkg;3215_SLS\desa_3215113003.geojson;32151130030042;100.0%;sama;84;0;0
113 KARAWANG BARAT\desa_3215113003.gpkg;3215_SLS\desa_3215113003.geojson;32151130030035;100.0%;sama;84;0;0
113 KARAWANG BARAT\desa_3215113003.gpkg;3215_SLS\desa_3215113003.geojson;32151130030034;100.0%;sama;84;0;0
113 KARAWANG BARAT\desa_3215113003.gpkg;3215_SLS\desa_3215113003.geojson;32151130030010;100.0%;sama;84;0;0
113 KARAWANG BARAT\desa_3215113003.gpkg;3215_SLS\desa_3215113003.geojson;32151130030033;100.0%;sama;84;0;0
113 KARAWANG BARAT\desa_3215113003.gpkg;3215_SLS\desa_3215113003.geojson;32151130030004;100.0%;sama;84;0;0
113 KARAWANG BARAT\desa_3215113003.gpkg;3215_SLS\desa_3215113003.geojson;32151130030029;100.0%;sama;84;0;0
113 KARAWANG BARAT\desa_3215113003.gpkg;3215_SLS\desa_3215113003.geojson;32151130030020;100.0%;sama;84;0;0
113 KARAWANG BARAT\desa_3215113003.gpkg;3215_SLS\desa_3215113003.geojson;32151130030069;100.0%;sama;84;0;0
113 KARAWANG BARAT\desa_3215113003.gpkg;3215_SLS\desa_3215113003.geojson;32151130030059;100.0%;sama;84;0;0
113 KARAWANG BARAT\desa_3215113003.gpkg;3215_SLS\desa_3215113003.geojson;32151130030045;100.0%;sama;84;0;0
113 KARAWANG BARAT\desa_3215113002.gpkg;3215_SLS\desa_3215113002.geojson;32151130020075;100.0%;sama;114;0;0
113 KARAWANG BARAT\desa_3215113002.gpkg;3215_SLS\desa_3215113002.geojson;32151130020033;100.0%;sama;114;0;0
113 KARAWANG BARAT\desa_3215113002.gpkg;3215_SLS\desa_3215113002.geojson;32151130020009;100.0%;sama;114;0;0
113 KARAWANG BARAT\desa_3215113002.gpkg;3215_SLS\desa_3215113002.geojson;32151130020104;100.0%;sama;114;0;0
113 KARAWANG BARAT\desa_3215113002.gpkg;3215_SLS\desa_3215113002.geojson;32151130020061;95.12%;sama;114;0;0
113 KARAWANG BARAT\desa_3215113002.gpkg;3215_SLS\desa_3215113002.geojson;32151130020077;100.0%;sama;114;0;0
113 KARAWANG BARAT\desa_3215113002.gpkg;3215_SLS\desa_3215113002.geojson;32151130020107;100.0%;sama;114;0;0
113 KARAWANG BARAT\desa_3215113002.gpkg;3215_SLS\desa_3215113002.geojson;32151130020029;100.0%;sama;114;0;0
113 KARAWANG BARAT\desa_3215113002.gpkg;3215_SLS\desa_3215113002.geojson;32151130020088;100.0%;sama;114;0;0
113 KARAWANG BARAT\desa_3215113002.gpkg;3215_SLS\desa_3215113002.geojson;32151130020066;100.0%;sama;114;0;0
113 KARAWANG BARAT\desa_3215113002.gpkg;3215_SLS\desa_3215113002.geojson;32151130020054;100.0%;sama;114;0;0
113 KARAWANG BARAT\desa_3215113002.gpkg;3215_SLS\desa_3215113002.geojson;32151130020055;100.0%;sama;114;0;0
113 KARAWANG BARAT\desa_3215113002.gpkg;3215_SLS\desa_3215113002.geojson;32151130020030;100.0%;sama;114;0;0
113 KARAWANG BARAT\desa_3215113002.gpkg;3215_SLS\desa_3215113002.geojson;32151130020050;100.0%;sama;114;0;0
113 KARAWANG BARAT\desa_3215113002.gpkg;3215_SLS\desa_3215113002.geojson;32151130020022;100.0%;sama;114;0;0
113 KARAWANG BARAT\desa_3215113002.gpkg;3215_SLS\desa_3215113002.geojson;32151130020002;100.0%;sama;114;0;0
113 KARAWANG BARAT\desa_3215113002.gpkg;3215_SLS\desa_3215113002.geojson;32151130020056;100.0%;sama;114;0;0
113 KARAWANG BARAT\desa_3215113002.gpkg;3215_SLS\desa_3215113002.geojson;32151130020047;100.0%;sama;114;0;0
113 KARAWANG BARAT\desa_3215113002.gpkg;3215_SLS\desa_3215113002.geojson;32151130020092;100.0%;sama;114;0;0
113 KARAWANG BARAT\desa_3215113002.gpkg;3215_SLS\desa_3215113002.geojson;32151130020079;100.0%;sama;114;0;0
113 KARAWANG BARAT\desa_3215113002.gpkg;3215_SLS\desa_3215113002.geojson;32151130020023;100.0%;sama;114;0;0
113 KARAWANG BARAT\desa_3215113002.gpkg;3215_SLS\desa_3215113002.geojson;32151130020087;100.0%;sama;114;0;0
113 KARAWANG BARAT\desa_3215113002.gpkg;3215_SLS\desa_3215113002.geojson;32151130020093;100.0%;sama;114;0;0
113 KARAWANG BARAT\desa_3215113002.gpkg;3215_SLS\desa_3215113002.geojson;32151130020082;100.0%;sama;114;0;0
113 KARAWANG BARAT\desa_3215113002.gpkg;3215_SLS\desa_3215113002.geojson;32151130020043;100.0%;sama;114;0;0
113 KARAWANG BARAT\desa_3215113002.gpkg;3215_SLS\desa_3215113002.geojson;32151130020020;100.0%;sama;114;0;0
113 KARAWANG BARAT\desa_3215113002.gpkg;3215_SLS\desa_3215113002.geojson;32151130020067;100.0%;sama;114;0;0
113 KARAWANG BARAT\desa_3215113002.gpkg;3215_SLS\desa_3215113002.geojson;32151130020011;100.0%;sama;114;0;0
113 KARAWANG BARAT\desa_3215113002.gpkg;3215_SLS\desa_3215113002.geojson;32151130020090;100.0%;sama;114;0;0
113 KARAWANG BARAT\desa_3215113002.gpkg;3215_SLS\desa_3215113002.geojson;32151130020039;100.0%;sama;114;0;0
113 KARAWANG BARAT\desa_3215113002.gpkg;3215_SLS\desa_3215113002.geojson;32151130020041;100.0%;sama;114;0;0
113 KARAWANG BARAT\desa_3215113002.gpkg;3215_SLS\desa_3215113002.geojson;32151130020112;100.0%;sama;114;0;0
113 KARAWANG BARAT\desa_3215113002.gpkg;3215_SLS\desa_3215113002.geojson;32151130020057;100.0%;sama;114;0;0
113 KARAWANG BARAT\desa_3215113002.gpkg;3215_SLS\desa_3215113002.geojson;32151130020044;100.0%;sama;114;0;0
113 KARAWANG BARAT\desa_3215113002.gpkg;3215_SLS\desa_3215113002.geojson;32151130020019;96.36%;sama;114;0;0
113 KARAWANG BARAT\desa_3215113002.gpkg;3215_SLS\desa_3215113002.geojson;32151130020065;93.86%;sama;114;0;0
113 KARAWANG BARAT\desa_3215113002.gpkg;3215_SLS\desa_3215113002.geojson;32151130020083;100.0%;sama;114;0;0
113 KARAWANG BARAT\desa_3215113002.gpkg;3215_SLS\desa_3215113002.geojson;32151130020003;100.0%;sama;114;0;0
113 KARAWANG BARAT\desa_3215113002.gpkg;3215_SLS\desa_3215113002.geojson;32151130020101;100.0%;sama;114;0;0
113 KARAWANG BARAT\desa_3215113002.gpkg;3215_SLS\desa_3215113002.geojson;32151130020099;100.0%;sama;114;0;0
113 KARAWANG BARAT\desa_3215113002.gpkg;3215_SLS\desa_3215113002.geojson;32151130020114;100.0%;sama;114;0;0
113 KARAWANG BARAT\desa_3215113002.gpkg;3215_SLS\desa_3215113002.geojson;32151130020034;100.0%;sama;114;0;0
113 KARAWANG BARAT\desa_3215113002.gpkg;3215_SLS\desa_3215113002.geojson;32151130020085;98.11%;sama;114;0;0
113 KARAWANG BARAT\desa_3215113002.gpkg;3215_SLS\desa_3215113002.geojson;32151130020071;100.0%;sama;114;0;0
113 KARAWANG BARAT\desa_3215113002.gpkg;3215_SLS\desa_3215113002.geojson;32151130020024;100.0%;sama;114;0;0
113 KARAWANG BARAT\desa_3215113002.gpkg;3215_SLS\desa_3215113002.geojson;32151130020045;100.0%;sama;114;0;0
113 KARAWANG BARAT\desa_3215113002.gpkg;3215_SLS\desa_3215113002.geojson;32151130020100;100.0%;sama;114;0;0
113 KARAWANG BARAT\desa_3215113002.gpkg;3215_SLS\desa_3215113002.geojson;32151130020102;100.0%;sama;114;0;0
113 KARAWANG BARAT\desa_3215113002.gpkg;3215_SLS\desa_3215113002.geojson;32151130020089;100.0%;sama;114;0;0
113 KARAWANG BARAT\desa_3215113002.gpkg;3215_SLS\desa_3215113002.geojson;32151130020098;100.0%;sama;114;0;0
113 KARAWANG BARAT\desa_3215113002.gpkg;3215_SLS\desa_3215113002.geojson;32151130020032;100.0%;sama;114;0;0
113 KARAWANG BARAT\desa_3215113002.gpkg;3215_SLS\desa_3215113002.geojson;32151130020074;100.0%;sama;114;0;0
113 KARAWANG BARAT\desa_3215113002.gpkg;3215_SLS\desa_3215113002.geojson;32151130020017;93.42%;sama;114;0;0
113 KARAWANG BARAT\desa_3215113002.gpkg;3215_SLS\desa_3215113002.geojson;32151130020063;100.0%;sama;114;0;0
113 KARAWANG BARAT\desa_3215113002.gpkg;3215_SLS\desa_3215113002.geojson;32151130020081;100.0%;sama;114;0;0
113 KARAWANG BARAT\desa_3215113002.gpkg;3215_SLS\desa_3215113002.geojson;32151130020060;10.1%;sama;114;0;0
113 KARAWANG BARAT\desa_3215113002.gpkg;3215_SLS\desa_3215113002.geojson;32151130020037;100.0%;sama;114;0;0
113 KARAWANG BARAT\desa_3215113002.gpkg;3215_SLS\desa_3215113002.geojson;32151130020007;100.0%;sama;114;0;0
113 KARAWANG BARAT\desa_3215113002.gpkg;3215_SLS\desa_3215113002.geojson;32151130020084;100.0%;sama;114;0;0
113 KARAWANG BARAT\desa_3215113002.gpkg;3215_SLS\desa_3215113002.geojson;32151130020110;100.0%;sama;114;0;0
113 KARAWANG BARAT\desa_3215113002.gpkg;3215_SLS\desa_3215113002.geojson;32151130020062;45.64%;sama;114;0;0
113 KARAWANG BARAT\desa_3215113002.gpkg;3215_SLS\desa_3215113002.geojson;32151130020108;100.0%;sama;114;0;0
113 KARAWANG BARAT\desa_3215113002.gpkg;3215_SLS\desa_3215113002.geojson;32151130020072;100.0%;sama;114;0;0
113 KARAWANG BARAT\desa_3215113002.gpkg;3215_SLS\desa_3215113002.geojson;32151130020031;100.0%;sama;114;0;0
113 KARAWANG BARAT\desa_3215113002.gpkg;3215_SLS\desa_3215113002.geojson;32151130020008;100.0%;sama;114;0;0
113 KARAWANG BARAT\desa_3215113002.gpkg;3215_SLS\desa_3215113002.geojson;32151130020053;100.0%;sama;114;0;0
113 KARAWANG BARAT\desa_3215113002.gpkg;3215_SLS\desa_3215113002.geojson;32151130020028;100.0%;sama;114;0;0
113 KARAWANG BARAT\desa_3215113002.gpkg;3215_SLS\desa_3215113002.geojson;32151130020095;100.0%;sama;114;0;0
113 KARAWANG BARAT\desa_3215113002.gpkg;3215_SLS\desa_3215113002.geojson;32151130020025;100.0%;sama;114;0;0
113 KARAWANG BARAT\desa_3215113002.gpkg;3215_SLS\desa_3215113002.geojson;32151130020091;100.0%;sama;114;0;0
113 KARAWANG BARAT\desa_3215113002.gpkg;3215_SLS\desa_3215113002.geojson;32151130020013;100.0%;sama;114;0;0
113 KARAWANG BARAT\desa_3215113002.gpkg;3215_SLS\desa_3215113002.geojson;32151130020078;100.0%;sama;114;0;0
113 KARAWANG BARAT\desa_3215113002.gpkg;3215_SLS\desa_3215113002.geojson;32151130020010;100.0%;sama;114;0;0
113 KARAWANG BARAT\desa_3215113002.gpkg;3215_SLS\desa_3215113002.geojson;32151130020073;100.0%;sama;114;0;0
113 KARAWANG BARAT\desa_3215113002.gpkg;3215_SLS\desa_3215113002.geojson;32151130020103;100.0%;sama;114;0;0
113 KARAWANG BARAT\desa_3215113002.gpkg;3215_SLS\desa_3215113002.geojson;32151130020005;100.0%;sama;114;0;0
113 KARAWANG BARAT\desa_3215113002.gpkg;3215_SLS\desa_3215113002.geojson;32151130020086;100.0%;sama;114;0;0
113 KARAWANG BARAT\desa_3215113002.gpkg;3215_SLS\desa_3215113002.geojson;32151130020014;100.0%;sama;114;0;0
113 KARAWANG BARAT\desa_3215113002.gpkg;3215_SLS\desa_3215113002.geojson;32151130020111;100.0%;sama;114;0;0
113 KARAWANG BARAT\desa_3215113002.gpkg;3215_SLS\desa_3215113002.geojson;32151130020016;100.0%;sama;114;0;0
113 KARAWANG BARAT\desa_3215113002.gpkg;3215_SLS\desa_3215113002.geojson;32151130020058;100.0%;sama;114;0;0
113 KARAWANG BARAT\desa_3215113002.gpkg;3215_SLS\desa_3215113002.geojson;32151130020018;100.0%;sama;114;0;0
113 KARAWANG BARAT\desa_3215113002.gpkg;3215_SLS\desa_3215113002.geojson;32151130020059;84.71%;sama;114;0;0
113 KARAWANG BARAT\desa_3215113002.gpkg;3215_SLS\desa_3215113002.geojson;32151130020015;100.0%;sama;114;0;0
113 KARAWANG BARAT\desa_3215113002.gpkg;3215_SLS\desa_3215113002.geojson;32151130020105;100.0%;sama;114;0;0
113 KARAWANG BARAT\desa_3215113002.gpkg;3215_SLS\desa_3215113002.geojson;32151130020004;100.0%;sama;114;0;0
113 KARAWANG BARAT\desa_3215113002.gpkg;3215_SLS\desa_3215113002.geojson;32151130020040;100.0%;sama;114;0;0
113 KARAWANG BARAT\desa_3215113002.gpkg;3215_SLS\desa_3215113002.geojson;32151130020051;100.0%;sama;114;0;0
113 KARAWANG BARAT\desa_3215113002.gpkg;3215_SLS\desa_3215113002.geojson;32151130020049;100.0%;sama;114;0;0
113 KARAWANG BARAT\desa_3215113002.gpkg;3215_SLS\desa_3215113002.geojson;32151130020012;100.0%;sama;114;0;0
113 KARAWANG BARAT\desa_3215113002.gpkg;3215_SLS\desa_3215113002.geojson;32151130020042;100.0%;sama;114;0;0
113 KARAWANG BARAT\desa_3215113002.gpkg;3215_SLS\desa_3215113002.geojson;32151130020035;100.0%;sama;114;0;0
113 KARAWANG BARAT\desa_3215113002.gpkg;3215_SLS\desa_3215113002.geojson;32151130020094;100.0%;sama;114;0;0
113 KARAWANG BARAT\desa_3215113002.gpkg;3215_SLS\desa_3215113002.geojson;32151130020038;100.0%;sama;114;0;0
113 KARAWANG BARAT\desa_3215113002.gpkg;3215_SLS\desa_3215113002.geojson;32151130020070;100.0%;sama;114;0;0
113 KARAWANG BARAT\desa_3215113002.gpkg;3215_SLS\desa_3215113002.geojson;32151130020001;100.0%;sama;114;0;0
113 KARAWANG BARAT\desa_3215113002.gpkg;3215_SLS\desa_3215113002.geojson;32151130020026;100.0%;sama;114;0;0
113 KARAWANG BARAT\desa_3215113002.gpkg;3215_SLS\desa_3215113002.geojson;32151130020097;93.49%;sama;114;0;0
113 KARAWANG BARAT\desa_3215113002.gpkg;3215_SLS\desa_3215113002.geojson;32151130020080;100.0%;sama;114;0;0
113 KARAWANG BARAT\desa_3215113002.gpkg;3215_SLS\desa_3215113002.geojson;32151130020109;100.0%;sama;114;0;0
113 KARAWANG BARAT\desa_3215113002.gpkg;3215_SLS\desa_3215113002.geojson;32151130020027;100.0%;sama;114;0;0
113 KARAWANG BARAT\desa_3215113002.gpkg;3215_SLS\desa_3215113002.geojson;32151130020021;100.0%;sama;114;0;0
113 KARAWANG BARAT\desa_3215113002.gpkg;3215_SLS\desa_3215113002.geojson;32151130020106;100.0%;sama;114;0;0
113 KARAWANG BARAT\desa_3215113002.gpkg;3215_SLS\desa_3215113002.geojson;32151130020046;100.0%;sama;114;0;0
113 KARAWANG BARAT\desa_3215113002.gpkg;3215_SLS\desa_3215113002.geojson;32151130020036;100.0%;sama;114;0;0
113 KARAWANG BARAT\desa_3215113002.gpkg;3215_SLS\desa_3215113002.geojson;32151130020076;100.0%;sama;114;0;0
113 KARAWANG BARAT\desa_3215113002.gpkg;3215_SLS\desa_3215113002.geojson;32151130020096;100.0%;sama;114;0;0
113 KARAWANG BARAT\desa_3215113002.gpkg;3215_SLS\desa_3215113002.geojson;32151130020064;86.9%;sama;114;0;0
113 KARAWANG BARAT\desa_3215113002.gpkg;3215_SLS\desa_3215113002.geojson;32151130020069;100.0%;sama;114;0;0
113 KARAWANG BARAT\desa_3215113002.gpkg;3215_SLS\desa_3215113002.geojson;32151130020006;100.0%;sama;114;0;0
113 KARAWANG BARAT\desa_3215113002.gpkg;3215_SLS\desa_3215113002.geojson;32151130020048;100.0%;sama;114;0;0
113 KARAWANG BARAT\desa_3215113002.gpkg;3215_SLS\desa_3215113002.geojson;32151130020113;100.0%;sama;114;0;0
113 KARAWANG BARAT\desa_3215113002.gpkg;3215_SLS\desa_3215113002.geojson;32151130020052;100.0%;sama;114;0;0
113 KARAWANG BARAT\desa_3215113002.gpkg;3215_SLS\desa_3215113002.geojson;32151130020068;100.0%;sama;114;0;0
113 KARAWANG BARAT\desa_3215113001.gpkg;3215_SLS\desa_3215113001.geojson;32151130010011;100.0%;sama;66;0;0
113 KARAWANG BARAT\desa_3215113001.gpkg;3215_SLS\desa_3215113001.geojson;32151130010048;100.0%;sama;66;0;0
113 KARAWANG BARAT\desa_3215113001.gpkg;3215_SLS\desa_3215113001.geojson;32151130010041;100.0%;sama;66;0;0
113 KARAWANG BARAT\desa_3215113001.gpkg;3215_SLS\desa_3215113001.geojson;32151130010003;100.0%;sama;66;0;0
113 KARAWANG BARAT\desa_3215113001.gpkg;3215_SLS\desa_3215113001.geojson;32151130010032;100.0%;sama;66;0;0
113 KARAWANG BARAT\desa_3215113001.gpkg;3215_SLS\desa_3215113001.geojson;32151130010063;100.0%;sama;66;0;0
113 KARAWANG BARAT\desa_3215113001.gpkg;3215_SLS\desa_3215113001.geojson;32151130010018;92.49%;sama;66;0;0
113 KARAWANG BARAT\desa_3215113001.gpkg;3215_SLS\desa_3215113001.geojson;32151130010046;100.0%;sama;66;0;0
113 KARAWANG BARAT\desa_3215113001.gpkg;3215_SLS\desa_3215113001.geojson;32151130010039;100.0%;sama;66;0;0
113 KARAWANG BARAT\desa_3215113001.gpkg;3215_SLS\desa_3215113001.geojson;32151130010043;100.0%;sama;66;0;0
113 KARAWANG BARAT\desa_3215113001.gpkg;3215_SLS\desa_3215113001.geojson;32151130010029;96.04%;sama;66;0;0
113 KARAWANG BARAT\desa_3215113001.gpkg;3215_SLS\desa_3215113001.geojson;32151130010053;100.0%;sama;66;0;0
113 KARAWANG BARAT\desa_3215113001.gpkg;3215_SLS\desa_3215113001.geojson;32151130010015;100.0%;sama;66;0;0
113 KARAWANG BARAT\desa_3215113001.gpkg;3215_SLS\desa_3215113001.geojson;32151130010023;100.0%;sama;66;0;0
113 KARAWANG BARAT\desa_3215113001.gpkg;3215_SLS\desa_3215113001.geojson;32151130010024;100.0%;sama;66;0;0
113 KARAWANG BARAT\desa_3215113001.gpkg;3215_SLS\desa_3215113001.geojson;32151130010031;100.0%;sama;66;0;0
113 KARAWANG BARAT\desa_3215113001.gpkg;3215_SLS\desa_3215113001.geojson;32151130010042;100.0%;sama;66;0;0
113 KARAWANG BARAT\desa_3215113001.gpkg;3215_SLS\desa_3215113001.geojson;32151130010052;100.0%;sama;66;0;0
113 KARAWANG BARAT\desa_3215113001.gpkg;3215_SLS\desa_3215113001.geojson;32151130010051;100.0%;sama;66;0;0
113 KARAWANG BARAT\desa_3215113001.gpkg;3215_SLS\desa_3215113001.geojson;32151130010037;100.0%;sama;66;0;0
113 KARAWANG BARAT\desa_3215113001.gpkg;3215_SLS\desa_3215113001.geojson;32151130010058;100.0%;sama;66;0;0
113 KARAWANG BARAT\desa_3215113001.gpkg;3215_SLS\desa_3215113001.geojson;32151130010033;100.0%;sama;66;0;0
113 KARAWANG BARAT\desa_3215113001.gpkg;3215_SLS\desa_3215113001.geojson;32151130010038;97.41%;sama;66;0;0
113 KARAWANG BARAT\desa_3215113001.gpkg;3215_SLS\desa_3215113001.geojson;32151130010002;100.0%;sama;66;0;0
113 KARAWANG BARAT\desa_3215113001.gpkg;3215_SLS\desa_3215113001.geojson;32151130010044;100.0%;sama;66;0;0
113 KARAWANG BARAT\desa_3215113001.gpkg;3215_SLS\desa_3215113001.geojson;32151130010006;100.0%;sama;66;0;0
113 KARAWANG BARAT\desa_3215113001.gpkg;3215_SLS\desa_3215113001.geojson;32151130010001;100.0%;sama;66;0;0
113 KARAWANG BARAT\desa_3215113001.gpkg;3215_SLS\desa_3215113001.geojson;32151130010045;100.0%;sama;66;0;0
113 KARAWANG BARAT\desa_3215113001.gpkg;3215_SLS\desa_3215113001.geojson;32151130010009;100.0%;sama;66;0;0
113 KARAWANG BARAT\desa_3215113001.gpkg;3215_SLS\desa_3215113001.geojson;32151130010005;100.0%;sama;66;0;0
113 KARAWANG BARAT\desa_3215113001.gpkg;3215_SLS\desa_3215113001.geojson;32151130010019;95.51%;sama;66;0;0
113 KARAWANG BARAT\desa_3215113001.gpkg;3215_SLS\desa_3215113001.geojson;32151130010007;100.0%;sama;66;0;0
113 KARAWANG BARAT\desa_3215113001.gpkg;3215_SLS\desa_3215113001.geojson;32151130010061;100.0%;sama;66;0;0
113 KARAWANG BARAT\desa_3215113001.gpkg;3215_SLS\desa_3215113001.geojson;32151130010020;100.0%;sama;66;0;0
113 KARAWANG BARAT\desa_3215113001.gpkg;3215_SLS\desa_3215113001.geojson;32151130010021;100.0%;sama;66;0;0
113 KARAWANG BARAT\desa_3215113001.gpkg;3215_SLS\desa_3215113001.geojson;32151130010017;84.38%;sama;66;0;0
113 KARAWANG BARAT\desa_3215113001.gpkg;3215_SLS\desa_3215113001.geojson;32151130010060;100.0%;sama;66;0;0
113 KARAWANG BARAT\desa_3215113001.gpkg;3215_SLS\desa_3215113001.geojson;32151130010004;100.0%;sama;66;0;0
113 KARAWANG BARAT\desa_3215113001.gpkg;3215_SLS\desa_3215113001.geojson;32151130010008;100.0%;sama;66;0;0
113 KARAWANG BARAT\desa_3215113001.gpkg;3215_SLS\desa_3215113001.geojson;32151130010014;100.0%;sama;66;0;0
113 KARAWANG BARAT\desa_3215113001.gpkg;3215_SLS\desa_3215113001.geojson;32151130010025;100.0%;sama;66;0;0
113 KARAWANG BARAT\desa_3215113001.gpkg;3215_SLS\desa_3215113001.geojson;32151130010066;100.0%;sama;66;0;0
113 KARAWANG BARAT\desa_3215113001.gpkg;3215_SLS\desa_3215113001.geojson;32151130010049;100.0%;sama;66;0;0
113 KARAWANG BARAT\desa_3215113001.gpkg;3215_SLS\desa_3215113001.geojson;32151130010028;100.0%;sama;66;0;0
113 KARAWANG BARAT\desa_3215113001.gpkg;3215_SLS\desa_3215113001.geojson;32151130010054;100.0%;sama;66;0;0
113 KARAWANG BARAT\desa_3215113001.gpkg;3215_SLS\desa_3215113001.geojson;32151130010026;100.0%;sama;66;0;0
113 KARAWANG BARAT\desa_3215113001.gpkg;3215_SLS\desa_3215113001.geojson;32151130010010;100.0%;sama;66;0;0
113 KARAWANG BARAT\desa_3215113001.gpkg;3215_SLS\desa_3215113001.geojson;32151130010040;100.0%;sama;66;0;0
113 KARAWANG BARAT\desa_3215113001.gpkg;3215_SLS\desa_3215113001.geojson;32151130010064;100.0%;sama;66;0;0
113 KARAWANG BARAT\desa_3215113001.gpkg;3215_SLS\desa_3215113001.geojson;32151130010034;100.0%;sama;66;0;0
113 KARAWANG BARAT\desa_3215113001.gpkg;3215_SLS\desa_3215113001.geojson;32151130010055;100.0%;sama;66;0;0
113 KARAWANG BARAT\desa_3215113001.gpkg;3215_SLS\desa_3215113001.geojson;32151130010035;100.0%;sama;66;0;0
113 KARAWANG BARAT\desa_3215113001.gpkg;3215_SLS\desa_3215113001.geojson;32151130010065;100.0%;sama;66;0;0
113 KARAWANG BARAT\desa_3215113001.gpkg;3215_SLS\desa_3215113001.geojson;32151130010027;100.0%;sama;66;0;0
113 KARAWANG BARAT\desa_3215113001.gpkg;3215_SLS\desa_3215113001.geojson;32151130010057;100.0%;sama;66;0;0
113 KARAWANG BARAT\desa_3215113001.gpkg;3215_SLS\desa_3215113001.geojson;32151130010062;92.55%;sama;66;0;0
113 KARAWANG BARAT\desa_3215113001.gpkg;3215_SLS\desa_3215113001.geojson;32151130010047;100.0%;sama;66;0;0
113 KARAWANG BARAT\desa_3215113001.gpkg;3215_SLS\desa_3215113001.geojson;32151130010013;97.22%;sama;66;0;0
113 KARAWANG BARAT\desa_3215113001.gpkg;3215_SLS\desa_3215113001.geojson;32151130010016;86.3%;sama;66;0;0
113 KARAWANG BARAT\desa_3215113001.gpkg;3215_SLS\desa_3215113001.geojson;32151130010059;100.0%;sama;66;0;0
113 KARAWANG BARAT\desa_3215113001.gpkg;3215_SLS\desa_3215113001.geojson;32151130010056;100.0%;sama;66;0;0
113 KARAWANG BARAT\desa_3215113001.gpkg;3215_SLS\desa_3215113001.geojson;32151130010022;100.0%;sama;66;0;0
113 KARAWANG BARAT\desa_3215113001.gpkg;3215_SLS\desa_3215113001.geojson;32151130010030;100.0%;sama;66;0;0
113 KARAWANG BARAT\desa_3215113001.gpkg;3215_SLS\desa_3215113001.geojson;32151130010012;100.0%;sama;66;0;0
113 KARAWANG BARAT\desa_3215113001.gpkg;3215_SLS\desa_3215113001.geojson;32151130010050;100.0%;sama;66;0;0
113 KARAWANG BARAT\desa_3215113001.gpkg;3215_SLS\desa_3215113001.geojson;32151130010036;100.0%;sama;66;0;0
113 KARAWANG BARAT\desa_3215113008.gpkg;3215_SLS\desa_3215113008.geojson;32151130080023;100.0%;sama;65;0;0
113 KARAWANG BARAT\desa_3215113008.gpkg;3215_SLS\desa_3215113008.geojson;32151130080019;100.0%;sama;65;0;0
113 KARAWANG BARAT\desa_3215113008.gpkg;3215_SLS\desa_3215113008.geojson;32151130080038;100.0%;sama;65;0;0
113 KARAWANG BARAT\desa_3215113008.gpkg;3215_SLS\desa_3215113008.geojson;32151130080027;100.0%;sama;65;0;0
113 KARAWANG BARAT\desa_3215113008.gpkg;3215_SLS\desa_3215113008.geojson;32151130080058;100.0%;sama;65;0;0
113 KARAWANG BARAT\desa_3215113008.gpkg;3215_SLS\desa_3215113008.geojson;32151130080010;100.0%;sama;65;0;0
113 KARAWANG BARAT\desa_3215113008.gpkg;3215_SLS\desa_3215113008.geojson;32151130080065;100.0%;sama;65;0;0
113 KARAWANG BARAT\desa_3215113008.gpkg;3215_SLS\desa_3215113008.geojson;32151130080046;100.0%;sama;65;0;0
113 KARAWANG BARAT\desa_3215113008.gpkg;3215_SLS\desa_3215113008.geojson;32151130080053;100.0%;sama;65;0;0
113 KARAWANG BARAT\desa_3215113008.gpkg;3215_SLS\desa_3215113008.geojson;32151130080039;100.0%;sama;65;0;0
113 KARAWANG BARAT\desa_3215113008.gpkg;3215_SLS\desa_3215113008.geojson;32151130080001;100.0%;sama;65;0;0
113 KARAWANG BARAT\desa_3215113008.gpkg;3215_SLS\desa_3215113008.geojson;32151130080028;100.0%;sama;65;0;0
113 KARAWANG BARAT\desa_3215113008.gpkg;3215_SLS\desa_3215113008.geojson;32151130080004;100.0%;sama;65;0;0
113 KARAWANG BARAT\desa_3215113008.gpkg;3215_SLS\desa_3215113008.geojson;32151130080003;100.0%;sama;65;0;0
113 KARAWANG BARAT\desa_3215113008.gpkg;3215_SLS\desa_3215113008.geojson;32151130080054;100.0%;sama;65;0;0
113 KARAWANG BARAT\desa_3215113008.gpkg;3215_SLS\desa_3215113008.geojson;32151130080033;100.0%;sama;65;0;0
113 KARAWANG BARAT\desa_3215113008.gpkg;3215_SLS\desa_3215113008.geojson;32151130080015;100.0%;sama;65;0;0
113 KARAWANG BARAT\desa_3215113008.gpkg;3215_SLS\desa_3215113008.geojson;32151130080011;100.0%;sama;65;0;0
113 KARAWANG BARAT\desa_3215113008.gpkg;3215_SLS\desa_3215113008.geojson;32151130080061;100.0%;sama;65;0;0
113 KARAWANG BARAT\desa_3215113008.gpkg;3215_SLS\desa_3215113008.geojson;32151130080036;100.0%;sama;65;0;0
113 KARAWANG BARAT\desa_3215113008.gpkg;3215_SLS\desa_3215113008.geojson;32151130080064;100.0%;sama;65;0;0
113 KARAWANG BARAT\desa_3215113008.gpkg;3215_SLS\desa_3215113008.geojson;32151130080057;100.0%;sama;65;0;0
113 KARAWANG BARAT\desa_3215113008.gpkg;3215_SLS\desa_3215113008.geojson;32151130080031;100.0%;sama;65;0;0
113 KARAWANG BARAT\desa_3215113008.gpkg;3215_SLS\desa_3215113008.geojson;32151130080048;100.0%;sama;65;0;0
113 KARAWANG BARAT\desa_3215113008.gpkg;3215_SLS\desa_3215113008.geojson;32151130080022;100.0%;sama;65;0;0
113 KARAWANG BARAT\desa_3215113008.gpkg;3215_SLS\desa_3215113008.geojson;32151130080002;100.0%;sama;65;0;0
113 KARAWANG BARAT\desa_3215113008.gpkg;3215_SLS\desa_3215113008.geojson;32151130080029;100.0%;sama;65;0;0
113 KARAWANG BARAT\desa_3215113008.gpkg;3215_SLS\desa_3215113008.geojson;32151130080017;100.0%;sama;65;0;0
113 KARAWANG BARAT\desa_3215113008.gpkg;3215_SLS\desa_3215113008.geojson;32151130080012;100.0%;sama;65;0;0
113 KARAWANG BARAT\desa_3215113008.gpkg;3215_SLS\desa_3215113008.geojson;32151130080007;100.0%;sama;65;0;0
113 KARAWANG BARAT\desa_3215113008.gpkg;3215_SLS\desa_3215113008.geojson;32151130080062;100.0%;sama;65;0;0
113 KARAWANG BARAT\desa_3215113008.gpkg;3215_SLS\desa_3215113008.geojson;32151130080055;100.0%;sama;65;0;0
113 KARAWANG BARAT\desa_3215113008.gpkg;3215_SLS\desa_3215113008.geojson;32151130080060;100.0%;sama;65;0;0
113 KARAWANG BARAT\desa_3215113008.gpkg;3215_SLS\desa_3215113008.geojson;32151130080026;100.0%;sama;65;0;0
113 KARAWANG BARAT\desa_3215113008.gpkg;3215_SLS\desa_3215113008.geojson;32151130080006;100.0%;sama;65;0;0
113 KARAWANG BARAT\desa_3215113008.gpkg;3215_SLS\desa_3215113008.geojson;32151130080009;100.0%;sama;65;0;0
113 KARAWANG BARAT\desa_3215113008.gpkg;3215_SLS\desa_3215113008.geojson;32151130080040;100.0%;sama;65;0;0
113 KARAWANG BARAT\desa_3215113008.gpkg;3215_SLS\desa_3215113008.geojson;32151130080050;100.0%;sama;65;0;0
113 KARAWANG BARAT\desa_3215113008.gpkg;3215_SLS\desa_3215113008.geojson;32151130080059;100.0%;sama;65;0;0
113 KARAWANG BARAT\desa_3215113008.gpkg;3215_SLS\desa_3215113008.geojson;32151130080034;100.0%;sama;65;0;0
113 KARAWANG BARAT\desa_3215113008.gpkg;3215_SLS\desa_3215113008.geojson;32151130080037;100.0%;sama;65;0;0
113 KARAWANG BARAT\desa_3215113008.gpkg;3215_SLS\desa_3215113008.geojson;32151130080008;100.0%;sama;65;0;0
113 KARAWANG BARAT\desa_3215113008.gpkg;3215_SLS\desa_3215113008.geojson;32151130080052;100.0%;sama;65;0;0
113 KARAWANG BARAT\desa_3215113008.gpkg;3215_SLS\desa_3215113008.geojson;32151130080043;100.0%;sama;65;0;0
113 KARAWANG BARAT\desa_3215113008.gpkg;3215_SLS\desa_3215113008.geojson;32151130080041;100.0%;sama;65;0;0
113 KARAWANG BARAT\desa_3215113008.gpkg;3215_SLS\desa_3215113008.geojson;32151130080030;100.0%;sama;65;0;0
113 KARAWANG BARAT\desa_3215113008.gpkg;3215_SLS\desa_3215113008.geojson;32151130080045;100.0%;sama;65;0;0
113 KARAWANG BARAT\desa_3215113008.gpkg;3215_SLS\desa_3215113008.geojson;32151130080013;100.0%;sama;65;0;0
113 KARAWANG BARAT\desa_3215113008.gpkg;3215_SLS\desa_3215113008.geojson;32151130080024;100.0%;sama;65;0;0
113 KARAWANG BARAT\desa_3215113008.gpkg;3215_SLS\desa_3215113008.geojson;32151130080035;100.0%;sama;65;0;0
113 KARAWANG BARAT\desa_3215113008.gpkg;3215_SLS\desa_3215113008.geojson;32151130080005;100.0%;sama;65;0;0
113 KARAWANG BARAT\desa_3215113008.gpkg;3215_SLS\desa_3215113008.geojson;32151130080063;100.0%;sama;65;0;0
113 KARAWANG BARAT\desa_3215113008.gpkg;3215_SLS\desa_3215113008.geojson;32151130080056;100.0%;sama;65;0;0
113 KARAWANG BARAT\desa_3215113008.gpkg;3215_SLS\desa_3215113008.geojson;32151130080021;100.0%;sama;65;0;0
113 KARAWANG BARAT\desa_3215113008.gpkg;3215_SLS\desa_3215113008.geojson;32151130080018;100.0%;sama;65;0;0
113 KARAWANG BARAT\desa_3215113008.gpkg;3215_SLS\desa_3215113008.geojson;32151130080025;100.0%;sama;65;0;0
113 KARAWANG BARAT\desa_3215113008.gpkg;3215_SLS\desa_3215113008.geojson;32151130080016;100.0%;sama;65;0;0
113 KARAWANG BARAT\desa_3215113008.gpkg;3215_SLS\desa_3215113008.geojson;32151130080044;100.0%;sama;65;0;0
113 KARAWANG BARAT\desa_3215113008.gpkg;3215_SLS\desa_3215113008.geojson;32151130080014;100.0%;sama;65;0;0
113 KARAWANG BARAT\desa_3215113008.gpkg;3215_SLS\desa_3215113008.geojson;32151130080047;100.0%;sama;65;0;0
113 KARAWANG BARAT\desa_3215113008.gpkg;3215_SLS\desa_3215113008.geojson;32151130080020;100.0%;sama;65;0;0
113 KARAWANG BARAT\desa_3215113008.gpkg;3215_SLS\desa_3215113008.geojson;32151130080049;100.0%;sama;65;0;0
113 KARAWANG BARAT\desa_3215113008.gpkg;3215_SLS\desa_3215113008.geojson;32151130080051;100.0%;sama;65;0;0
113 KARAWANG BARAT\desa_3215113008.gpkg;3215_SLS\desa_3215113008.geojson;32151130080032;100.0%;sama;65;0;0
113 KARAWANG BARAT\desa_3215113008.gpkg;3215_SLS\desa_3215113008.geojson;32151130080042;100.0%;sama;65;0;0
113 KARAWANG BARAT\desa_3215113005.gpkg;3215_SLS\desa_3215113005.geojson;32151130050045;100.0%;sama;45;0;0
113 KARAWANG BARAT\desa_3215113005.gpkg;3215_SLS\desa_3215113005.geojson;32151130050022;100.0%;sama;45;0;0
113 KARAWANG BARAT\desa_3215113005.gpkg;3215_SLS\desa_3215113005.geojson;32151130050006;100.0%;sama;45;0;0
113 KARAWANG BARAT\desa_3215113005.gpkg;3215_SLS\desa_3215113005.geojson;32151130050025;100.0%;sama;45;0;0
113 KARAWANG BARAT\desa_3215113005.gpkg;3215_SLS\desa_3215113005.geojson;32151130050018;88.89%;sama;45;0;0
113 KARAWANG BARAT\desa_3215113005.gpkg;3215_SLS\desa_3215113005.geojson;32151130050023;100.0%;sama;45;0;0
113 KARAWANG BARAT\desa_3215113005.gpkg;3215_SLS\desa_3215113005.geojson;32151130050028;100.0%;sama;45;0;0
113 KARAWANG BARAT\desa_3215113005.gpkg;3215_SLS\desa_3215113005.geojson;32151130050003;100.0%;sama;45;0;0
113 KARAWANG BARAT\desa_3215113005.gpkg;3215_SLS\desa_3215113005.geojson;32151130050016;100.0%;sama;45;0;0
113 KARAWANG BARAT\desa_3215113005.gpkg;3215_SLS\desa_3215113005.geojson;32151130050010;100.0%;sama;45;0;0
113 KARAWANG BARAT\desa_3215113005.gpkg;3215_SLS\desa_3215113005.geojson;32151130050042;100.0%;sama;45;0;0
113 KARAWANG BARAT\desa_3215113005.gpkg;3215_SLS\desa_3215113005.geojson;32151130050009;100.0%;sama;45;0;0
113 KARAWANG BARAT\desa_3215113005.gpkg;3215_SLS\desa_3215113005.geojson;32151130050029;100.0%;sama;45;0;0
113 KARAWANG BARAT\desa_3215113005.gpkg;3215_SLS\desa_3215113005.geojson;32151130050031;100.0%;sama;45;0;0
113 KARAWANG BARAT\desa_3215113005.gpkg;3215_SLS\desa_3215113005.geojson;32151130050002;100.0%;sama;45;0;0
113 KARAWANG BARAT\desa_3215113005.gpkg;3215_SLS\desa_3215113005.geojson;32151130050012;100.0%;sama;45;0;0
113 KARAWANG BARAT\desa_3215113005.gpkg;3215_SLS\desa_3215113005.geojson;32151130050041;100.0%;sama;45;0;0
113 KARAWANG BARAT\desa_3215113005.gpkg;3215_SLS\desa_3215113005.geojson;32151130050034;100.0%;sama;45;0;0
113 KARAWANG BARAT\desa_3215113005.gpkg;3215_SLS\desa_3215113005.geojson;32151130050013;100.0%;sama;45;0;0
113 KARAWANG BARAT\desa_3215113005.gpkg;3215_SLS\desa_3215113005.geojson;32151130050043;100.0%;sama;45;0;0
113 KARAWANG BARAT\desa_3215113005.gpkg;3215_SLS\desa_3215113005.geojson;32151130050020;100.0%;sama;45;0;0
113 KARAWANG BARAT\desa_3215113005.gpkg;3215_SLS\desa_3215113005.geojson;32151130050037;100.0%;sama;45;0;0
113 KARAWANG BARAT\desa_3215113005.gpkg;3215_SLS\desa_3215113005.geojson;32151130050021;100.0%;sama;45;0;0
113 KARAWANG BARAT\desa_3215113005.gpkg;3215_SLS\desa_3215113005.geojson;32151130050017;100.0%;sama;45;0;0
113 KARAWANG BARAT\desa_3215113005.gpkg;3215_SLS\desa_3215113005.geojson;32151130050032;100.0%;sama;45;0;0
113 KARAWANG BARAT\desa_3215113005.gpkg;3215_SLS\desa_3215113005.geojson;32151130050024;100.0%;sama;45;0;0
113 KARAWANG BARAT\desa_3215113005.gpkg;3215_SLS\desa_3215113005.geojson;32151130050026;100.0%;sama;45;0;0
113 KARAWANG BARAT\desa_3215113005.gpkg;3215_SLS\desa_3215113005.geojson;32151130050019;92.54%;sama;45;0;0
113 KARAWANG BARAT\desa_3215113005.gpkg;3215_SLS\desa_3215113005.geojson;32151130050008;100.0%;sama;45;0;0
113 KARAWANG BARAT\desa_3215113005.gpkg;3215_SLS\desa_3215113005.geojson;32151130050027;100.0%;sama;45;0;0
113 KARAWANG BARAT\desa_3215113005.gpkg;3215_SLS\desa_3215113005.geojson;32151130050004;100.0%;sama;45;0;0
113 KARAWANG BARAT\desa_3215113005.gpkg;3215_SLS\desa_3215113005.geojson;32151130050038;100.0%;sama;45;0;0
113 KARAWANG BARAT\desa_3215113005.gpkg;3215_SLS\desa_3215113005.geojson;32151130050015;100.0%;sama;45;0;0
113 KARAWANG BARAT\desa_3215113005.gpkg;3215_SLS\desa_3215113005.geojson;32151130050033;100.0%;sama;45;0;0
113 KARAWANG BARAT\desa_3215113005.gpkg;3215_SLS\desa_3215113005.geojson;32151130050044;100.0%;sama;45;0;0
113 KARAWANG BARAT\desa_3215113005.gpkg;3215_SLS\desa_3215113005.geojson;32151130050036;100.0%;sama;45;0;0
113 KARAWANG BARAT\desa_3215113005.gpkg;3215_SLS\desa_3215113005.geojson;32151130050011;100.0%;sama;45;0;0
113 KARAWANG BARAT\desa_3215113005.gpkg;3215_SLS\desa_3215113005.geojson;32151130050040;100.0%;sama;45;0;0
113 KARAWANG BARAT\desa_3215113005.gpkg;3215_SLS\desa_3215113005.geojson;32151130050007;100.0%;sama;45;0;0
113 KARAWANG BARAT\desa_3215113005.gpkg;3215_SLS\desa_3215113005.geojson;32151130050001;100.0%;sama;45;0;0
113 KARAWANG BARAT\desa_3215113005.gpkg;3215_SLS\desa_3215113005.geojson;32151130050035;100.0%;sama;45;0;0
113 KARAWANG BARAT\desa_3215113005.gpkg;3215_SLS\desa_3215113005.geojson;32151130050039;100.0%;sama;45;0;0
113 KARAWANG BARAT\desa_3215113005.gpkg;3215_SLS\desa_3215113005.geojson;32151130050030;100.0%;sama;45;0;0
113 KARAWANG BARAT\desa_3215113005.gpkg;3215_SLS\desa_3215113005.geojson;32151130050005;100.0%;sama;45;0;0
113 KARAWANG BARAT\desa_3215113005.gpkg;3215_SLS\desa_3215113005.geojson;32151130050014;100.0%;sama;45;0;0
140 KUTAWALUYA\desa_3215140002.gpkg;3215_SLS\desa_3215140002.geojson;32151400020008;28.7%;sama;12;0;0
140 KUTAWALUYA\desa_3215140002.gpkg;3215_SLS\desa_3215140002.geojson;32151400020001;11.61%;sama;12;0;0
140 KUTAWALUYA\desa_3215140002.gpkg;3215_SLS\desa_3215140002.geojson;32151400020009;9.74%;sama;12;0;0
140 KUTAWALUYA\desa_3215140002.gpkg;3215_SLS\desa_3215140002.geojson;32151400020005;28.74%;sama;12;0;0
140 KUTAWALUYA\desa_3215140002.gpkg;3215_SLS\desa_3215140002.geojson;32151400020002;17.05%;sama;12;0;0
140 KUTAWALUYA\desa_3215140002.gpkg;3215_SLS\desa_3215140002.geojson;32151400020006;5.93%;sama;12;0;0
140 KUTAWALUYA\desa_3215140002.gpkg;3215_SLS\desa_3215140002.geojson;32151400020007;9.17%;sama;12;0;0
140 KUTAWALUYA\desa_3215140002.gpkg;3215_SLS\desa_3215140002.geojson;32151400020003;7.24%;sama;12;0;0
140 KUTAWALUYA\desa_3215140002.gpkg;3215_SLS\desa_3215140002.geojson;32151400020004;12.39%;sama;12;0;0
140 KUTAWALUYA\desa_3215140002.gpkg;3215_SLS\desa_3215140002.geojson;32151400020011;16.86%;sama;12;0;0
140 KUTAWALUYA\desa_3215140002.gpkg;3215_SLS\desa_3215140002.geojson;32151400020012;12.18%;sama;12;0;0
140 KUTAWALUYA\desa_3215140002.gpkg;3215_SLS\desa_3215140002.geojson;32151400020010;28.38%;sama;12;0;0
140 KUTAWALUYA\desa_3215140008.gpkg;3215_SLS\desa_3215140008.geojson;32151400080007;100.0%;sama;23;2;1
140 KUTAWALUYA\desa_3215140008.gpkg;3215_SLS\desa_3215140008.geojson;32151400080011;4.9%;sama;23;2;1
140 KUTAWALUYA\desa_3215140008.gpkg;3215_SLS\desa_3215140008.geojson;32151400080014;15.42%;sama;23;2;1
140 KUTAWALUYA\desa_3215140008.gpkg;3215_SLS\desa_3215140008.geojson;32151400081002;0.0%;hanya_di_gpkg;23;2;1
140 KUTAWALUYA\desa_3215140008.gpkg;3215_SLS\desa_3215140008.geojson;32151400081001;0.0%;hanya_di_gpkg;23;2;1
140 KUTAWALUYA\desa_3215140008.gpkg;3215_SLS\desa_3215140008.geojson;32151400080009;24.17%;sama;23;2;1
140 KUTAWALUYA\desa_3215140008.gpkg;3215_SLS\desa_3215140008.geojson;32151400080006;100.0%;sama;23;2;1
140 KUTAWALUYA\desa_3215140008.gpkg;3215_SLS\desa_3215140008.geojson;32151400080019;39.2%;sama;23;2;1
140 KUTAWALUYA\desa_3215140008.gpkg;3215_SLS\desa_3215140008.geojson;32151400080001;100.0%;sama;23;2;1
140 KUTAWALUYA\desa_3215140008.gpkg;3215_SLS\desa_3215140008.geojson;32151400080005;27.39%;sama;23;2;1
140 KUTAWALUYA\desa_3215140008.gpkg;3215_SLS\desa_3215140008.geojson;32151400080024;29.76%;sama;23;2;1
140 KUTAWALUYA\desa_3215140008.gpkg;3215_SLS\desa_3215140008.geojson;32151400080020;100.0%;sama;23;2;1
140 KUTAWALUYA\desa_3215140008.gpkg;3215_SLS\desa_3215140008.geojson;32151400080015;11.67%;sama;23;2;1
140 KUTAWALUYA\desa_3215140008.gpkg;3215_SLS\desa_3215140008.geojson;32151400080008;34.31%;sama;23;2;1
140 KUTAWALUYA\desa_3215140008.gpkg;3215_SLS\desa_3215140008.geojson;32151400080003;98.95%;sama;23;2;1
140 KUTAWALUYA\desa_3215140008.gpkg;3215_SLS\desa_3215140008.geojson;32151400080021;35.83%;sama;23;2;1
140 KUTAWALUYA\desa_3215140008.gpkg;3215_SLS\desa_3215140008.geojson;32151400080022;37.01%;sama;23;2;1
140 KUTAWALUYA\desa_3215140008.gpkg;3215_SLS\desa_3215140008.geojson;32151400080004;100.0%;sama;23;2;1
140 KUTAWALUYA\desa_3215140008.gpkg;3215_SLS\desa_3215140008.geojson;32151400080018;8.25%;sama;23;2;1
140 KUTAWALUYA\desa_3215140008.gpkg;3215_SLS\desa_3215140008.geojson;32151400080010;100.0%;sama;23;2;1
140 KUTAWALUYA\desa_3215140008.gpkg;3215_SLS\desa_3215140008.geojson;32151400080013;0.0%;hanya_di_geojson;23;2;1
140 KUTAWALUYA\desa_3215140008.gpkg;3215_SLS\desa_3215140008.geojson;32151400080016;10.11%;sama;23;2;1
140 KUTAWALUYA\desa_3215140008.gpkg;3215_SLS\desa_3215140008.geojson;32151400080002;88.19%;sama;23;2;1
140 KUTAWALUYA\desa_3215140008.gpkg;3215_SLS\desa_3215140008.geojson;32151400080012;18.14%;sama;23;2;1
140 KUTAWALUYA\desa_3215140008.gpkg;3215_SLS\desa_3215140008.geojson;32151400080017;50.73%;sama;23;2;1
140 KUTAWALUYA\desa_3215140008.gpkg;3215_SLS\desa_3215140008.geojson;32151400080023;100.0%;sama;23;2;1
140 KUTAWALUYA\desa_3215140005.gpkg;3215_SLS\desa_3215140005.geojson;32151400050001;5.59%;sama;14;3;0
140 KUTAWALUYA\desa_3215140005.gpkg;3215_SLS\desa_3215140005.geojson;32151400050013;67.76%;sama;14;3;0
140 KUTAWALUYA\desa_3215140005.gpkg;3215_SLS\desa_3215140005.geojson;32151400050007;35.04%;sama;14;3;0
140 KUTAWALUYA\desa_3215140005.gpkg;3215_SLS\desa_3215140005.geojson;32151400050014;72.48%;sama;14;3;0
140 KUTAWALUYA\desa_3215140005.gpkg;3215_SLS\desa_3215140005.geojson;32151400050009;14.08%;sama;14;3;0
140 KUTAWALUYA\desa_3215140005.gpkg;3215_SLS\desa_3215140005.geojson;32151400051002;0.0%;hanya_di_gpkg;14;3;0
140 KUTAWALUYA\desa_3215140005.gpkg;3215_SLS\desa_3215140005.geojson;32151400050011;20.55%;sama;14;3;0
140 KUTAWALUYA\desa_3215140005.gpkg;3215_SLS\desa_3215140005.geojson;32151400050006;43.96%;sama;14;3;0
140 KUTAWALUYA\desa_3215140005.gpkg;3215_SLS\desa_3215140005.geojson;32151400050012;25.46%;sama;14;3;0
140 KUTAWALUYA\desa_3215140005.gpkg;3215_SLS\desa_3215140005.geojson;32151400051001;0.0%;hanya_di_gpkg;14;3;0
140 KUTAWALUYA\desa_3215140005.gpkg;3215_SLS\desa_3215140005.geojson;32151400050002;58.5%;sama;14;3;0
140 KUTAWALUYA\desa_3215140005.gpkg;3215_SLS\desa_3215140005.geojson;32151400050008;17.25%;sama;14;3;0
140 KUTAWALUYA\desa_3215140005.gpkg;3215_SLS\desa_3215140005.geojson;32151400050004;6.81%;sama;14;3;0
140 KUTAWALUYA\desa_3215140005.gpkg;3215_SLS\desa_3215140005.geojson;32151400050005;57.16%;sama;14;3;0
140 KUTAWALUYA\desa_3215140005.gpkg;3215_SLS\desa_3215140005.geojson;32151400051003;0.0%;hanya_di_gpkg;14;3;0
140 KUTAWALUYA\desa_3215140005.gpkg;3215_SLS\desa_3215140005.geojson;32151400050003;31.95%;sama;14;3;0
140 KUTAWALUYA\desa_3215140005.gpkg;3215_SLS\desa_3215140005.geojson;32151400050010;100.0%;sama;14;3;0
140 KUTAWALUYA\desa_3215140003.gpkg;3215_SLS\desa_3215140003.geojson;32151400030004;43.8%;sama;12;3;0
140 KUTAWALUYA\desa_3215140003.gpkg;3215_SLS\desa_3215140003.geojson;32151400030003;93.11%;sama;12;3;0
140 KUTAWALUYA\desa_3215140003.gpkg;3215_SLS\desa_3215140003.geojson;32151400031003;0.0%;hanya_di_gpkg;12;3;0
140 KUTAWALUYA\desa_3215140003.gpkg;3215_SLS\desa_3215140003.geojson;32151400030010;96.75%;sama;12;3;0
140 KUTAWALUYA\desa_3215140003.gpkg;3215_SLS\desa_3215140003.geojson;32151400030002;18.2%;sama;12;3;0
140 KUTAWALUYA\desa_3215140003.gpkg;3215_SLS\desa_3215140003.geojson;32151400030009;17.59%;sama;12;3;0
140 KUTAWALUYA\desa_3215140003.gpkg;3215_SLS\desa_3215140003.geojson;32151400030007;15.44%;sama;12;3;0
140 KUTAWALUYA\desa_3215140003.gpkg;3215_SLS\desa_3215140003.geojson;32151400031001;0.0%;hanya_di_gpkg;12;3;0
140 KUTAWALUYA\desa_3215140003.gpkg;3215_SLS\desa_3215140003.geojson;32151400030006;20.26%;sama;12;3;0
140 KUTAWALUYA\desa_3215140003.gpkg;3215_SLS\desa_3215140003.geojson;32151400031002;0.0%;hanya_di_gpkg;12;3;0
140 KUTAWALUYA\desa_3215140003.gpkg;3215_SLS\desa_3215140003.geojson;32151400030005;6.83%;sama;12;3;0
140 KUTAWALUYA\desa_3215140003.gpkg;3215_SLS\desa_3215140003.geojson;32151400030008;18.0%;sama;12;3;0
140 KUTAWALUYA\desa_3215140003.gpkg;3215_SLS\desa_3215140003.geojson;32151400030011;26.57%;sama;12;3;0
140 KUTAWALUYA\desa_3215140003.gpkg;3215_SLS\desa_3215140003.geojson;32151400030012;60.67%;sama;12;3;0
140 KUTAWALUYA\desa_3215140003.gpkg;3215_SLS\desa_3215140003.geojson;32151400030001;32.61%;sama;12;3;0
140 KUTAWALUYA\desa_3215140006.gpkg;3215_SLS\desa_3215140006.geojson;32151400060010;17.69%;sama;13;3;0
140 KUTAWALUYA\desa_3215140006.gpkg;3215_SLS\desa_3215140006.geojson;32151400060003;100.0%;sama;13;3;0
140 KUTAWALUYA\desa_3215140006.gpkg;3215_SLS\desa_3215140006.geojson;32151400060002;100.0%;sama;13;3;0
140 KUTAWALUYA\desa_3215140006.gpkg;3215_SLS\desa_3215140006.geojson;32151400060011;12.63%;sama;13;3;0
140 KUTAWALUYA\desa_3215140006.gpkg;3215_SLS\desa_3215140006.geojson;32151400060006;9.43%;sama;13;3;0
140 KUTAWALUYA\desa_3215140006.gpkg;3215_SLS\desa_3215140006.geojson;32151400060012;95.28%;sama;13;3;0
140 KUTAWALUYA\desa_3215140006.gpkg;3215_SLS\desa_3215140006.geojson;32151400061002;0.0%;hanya_di_gpkg;13;3;0
140 KUTAWALUYA\desa_3215140006.gpkg;3215_SLS\desa_3215140006.geojson;32151400061001;0.0%;hanya_di_gpkg;13;3;0
140 KUTAWALUYA\desa_3215140006.gpkg;3215_SLS\desa_3215140006.geojson;32151400060009;74.06%;sama;13;3;0
140 KUTAWALUYA\desa_3215140006.gpkg;3215_SLS\desa_3215140006.geojson;32151400060004;4.97%;sama;13;3;0
140 KUTAWALUYA\desa_3215140006.gpkg;3215_SLS\desa_3215140006.geojson;32151400060007;100.0%;sama;13;3;0
140 KUTAWALUYA\desa_3215140006.gpkg;3215_SLS\desa_3215140006.geojson;32151400060001;100.0%;sama;13;3;0
140 KUTAWALUYA\desa_3215140006.gpkg;3215_SLS\desa_3215140006.geojson;32151400060005;39.32%;sama;13;3;0
140 KUTAWALUYA\desa_3215140006.gpkg;3215_SLS\desa_3215140006.geojson;32151400060013;16.33%;sama;13;3;0
140 KUTAWALUYA\desa_3215140006.gpkg;3215_SLS\desa_3215140006.geojson;32151400060008;8.06%;sama;13;3;0
140 KUTAWALUYA\desa_3215140006.gpkg;3215_SLS\desa_3215140006.geojson;32151400061003;0.0%;hanya_di_gpkg;13;3;0
140 KUTAWALUYA\desa_3215140004.gpkg;3215_SLS\desa_3215140004.geojson;32151400040006;100.0%;sama;7;1;2
140 KUTAWALUYA\desa_3215140004.gpkg;3215_SLS\desa_3215140004.geojson;32151400040003;96.32%;sama;7;1;2
140 KUTAWALUYA\desa_3215140004.gpkg;3215_SLS\desa_3215140004.geojson;32151400040009;4.6%;sama;7;1;2
140 KUTAWALUYA\desa_3215140004.gpkg;3215_SLS\desa_3215140004.geojson;32151400040001;6.88%;sama;7;1;2
140 KUTAWALUYA\desa_3215140004.gpkg;3215_SLS\desa_3215140004.geojson;32151400041001;0.0%;hanya_di_gpkg;7;1;2
140 KUTAWALUYA\desa_3215140004.gpkg;3215_SLS\desa_3215140004.geojson;32151400040008;10.99%;sama;7;1;2
140 KUTAWALUYA\desa_3215140004.gpkg;3215_SLS\desa_3215140004.geojson;32151400040007;96.9%;sama;7;1;2
140 KUTAWALUYA\desa_3215140004.gpkg;3215_SLS\desa_3215140004.geojson;32151400040004;0.0%;hanya_di_geojson;7;1;2
140 KUTAWALUYA\desa_3215140004.gpkg;3215_SLS\desa_3215140004.geojson;32151400040002;0.0%;hanya_di_geojson;7;1;2
140 KUTAWALUYA\desa_3215140004.gpkg;3215_SLS\desa_3215140004.geojson;32151400040005;100.0%;sama;7;1;2
140 KUTAWALUYA\desa_3215140010.gpkg;3215_SLS\desa_3215140010.geojson;32151400100009;100.0%;sama;9;0;0
140 KUTAWALUYA\desa_3215140010.gpkg;3215_SLS\desa_3215140010.geojson;32151400100007;12.48%;sama;9;0;0
140 KUTAWALUYA\desa_3215140010.gpkg;3215_SLS\desa_3215140010.geojson;32151400100004;30.94%;sama;9;0;0
140 KUTAWALUYA\desa_3215140010.gpkg;3215_SLS\desa_3215140010.geojson;32151400100005;27.37%;sama;9;0;0
140 KUTAWALUYA\desa_3215140010.gpkg;3215_SLS\desa_3215140010.geojson;32151400100006;5.87%;sama;9;0;0
140 KUTAWALUYA\desa_3215140010.gpkg;3215_SLS\desa_3215140010.geojson;32151400100008;28.75%;sama;9;0;0
140 KUTAWALUYA\desa_3215140010.gpkg;3215_SLS\desa_3215140010.geojson;32151400100003;14.0%;sama;9;0;0
140 KUTAWALUYA\desa_3215140010.gpkg;3215_SLS\desa_3215140010.geojson;32151400100001;1.22%;sama;9;0;0
140 KUTAWALUYA\desa_3215140010.gpkg;3215_SLS\desa_3215140010.geojson;32151400100002;40.8%;sama;9;0;0
140 KUTAWALUYA\desa_3215140009.gpkg;3215_SLS\desa_3215140009.geojson;32151400090015;99.32%;sama;18;0;0
140 KUTAWALUYA\desa_3215140009.gpkg;3215_SLS\desa_3215140009.geojson;32151400090006;6.26%;sama;18;0;0
140 KUTAWALUYA\desa_3215140009.gpkg;3215_SLS\desa_3215140009.geojson;32151400090018;100.0%;sama;18;0;0
140 KUTAWALUYA\desa_3215140009.gpkg;3215_SLS\desa_3215140009.geojson;32151400090004;33.48%;sama;18;0;0
140 KUTAWALUYA\desa_3215140009.gpkg;3215_SLS\desa_3215140009.geojson;32151400090002;11.96%;sama;18;0;0
140 KUTAWALUYA\desa_3215140009.gpkg;3215_SLS\desa_3215140009.geojson;32151400090014;100.0%;sama;18;0;0
140 KUTAWALUYA\desa_3215140009.gpkg;3215_SLS\desa_3215140009.geojson;32151400090011;13.87%;sama;18;0;0
140 KUTAWALUYA\desa_3215140009.gpkg;3215_SLS\desa_3215140009.geojson;32151400090016;100.0%;sama;18;0;0
140 KUTAWALUYA\desa_3215140009.gpkg;3215_SLS\desa_3215140009.geojson;32151400090010;11.99%;sama;18;0;0
140 KUTAWALUYA\desa_3215140009.gpkg;3215_SLS\desa_3215140009.geojson;32151400090001;10.01%;sama;18;0;0
140 KUTAWALUYA\desa_3215140009.gpkg;3215_SLS\desa_3215140009.geojson;32151400090017;100.0%;sama;18;0;0
140 KUTAWALUYA\desa_3215140009.gpkg;3215_SLS\desa_3215140009.geojson;32151400090008;8.8%;sama;18;0;0
140 KUTAWALUYA\desa_3215140009.gpkg;3215_SLS\desa_3215140009.geojson;32151400090007;12.6%;sama;18;0;0
140 KUTAWALUYA\desa_3215140009.gpkg;3215_SLS\desa_3215140009.geojson;32151400090003;13.44%;sama;18;0;0
140 KUTAWALUYA\desa_3215140009.gpkg;3215_SLS\desa_3215140009.geojson;32151400090005;7.13%;sama;18;0;0
140 KUTAWALUYA\desa_3215140009.gpkg;3215_SLS\desa_3215140009.geojson;32151400090009;7.36%;sama;18;0;0
140 KUTAWALUYA\desa_3215140009.gpkg;3215_SLS\desa_3215140009.geojson;32151400090013;99.45%;sama;18;0;0
140 KUTAWALUYA\desa_3215140009.gpkg;3215_SLS\desa_3215140009.geojson;32151400090012;11.86%;sama;18;0;0
130 TEMPURAN\desa_3215130005.gpkg;3215_SLS\desa_3215130005.geojson;32151300050003;100.0%;sama;17;0;0
130 TEMPURAN\desa_3215130005.gpkg;3215_SLS\desa_3215130005.geojson;32151300050005;100.0%;sama;17;0;0
130 TEMPURAN\desa_3215130005.gpkg;3215_SLS\desa_3215130005.geojson;32151300050006;100.0%;sama;17;0;0
130 TEMPURAN\desa_3215130005.gpkg;3215_SLS\desa_3215130005.geojson;32151300050002;100.0%;sama;17;0;0
130 TEMPURAN\desa_3215130005.gpkg;3215_SLS\desa_3215130005.geojson;32151300050008;100.0%;sama;17;0;0
130 TEMPURAN\desa_3215130005.gpkg;3215_SLS\desa_3215130005.geojson;32151300050010;100.0%;sama;17;0;0
130 TEMPURAN\desa_3215130005.gpkg;3215_SLS\desa_3215130005.geojson;32151300050001;100.0%;sama;17;0;0
130 TEMPURAN\desa_3215130005.gpkg;3215_SLS\desa_3215130005.geojson;32151300050007;100.0%;sama;17;0;0
130 TEMPURAN\desa_3215130005.gpkg;3215_SLS\desa_3215130005.geojson;32151300050004;100.0%;sama;17;0;0
130 TEMPURAN\desa_3215130005.gpkg;3215_SLS\desa_3215130005.geojson;32151300050015;100.0%;sama;17;0;0
130 TEMPURAN\desa_3215130005.gpkg;3215_SLS\desa_3215130005.geojson;32151300050011;100.0%;sama;17;0;0
130 TEMPURAN\desa_3215130005.gpkg;3215_SLS\desa_3215130005.geojson;32151300050013;100.0%;sama;17;0;0
130 TEMPURAN\desa_3215130005.gpkg;3215_SLS\desa_3215130005.geojson;32151300050014;100.0%;sama;17;0;0
130 TEMPURAN\desa_3215130005.gpkg;3215_SLS\desa_3215130005.geojson;32151300051001;100.0%;sama;17;0;0
130 TEMPURAN\desa_3215130005.gpkg;3215_SLS\desa_3215130005.geojson;32151300050009;100.0%;sama;17;0;0
130 TEMPURAN\desa_3215130005.gpkg;3215_SLS\desa_3215130005.geojson;32151300050012;100.0%;sama;17;0;0
130 TEMPURAN\desa_3215130005.gpkg;3215_SLS\desa_3215130005.geojson;32151300051002;100.0%;sama;17;0;0
130 TEMPURAN\desa_3215130008.gpkg;3215_SLS\desa_3215130008.geojson;32151300080001;100.0%;sama;9;0;0
130 TEMPURAN\desa_3215130008.gpkg;3215_SLS\desa_3215130008.geojson;32151300081001;100.0%;sama;9;0;0
130 TEMPURAN\desa_3215130008.gpkg;3215_SLS\desa_3215130008.geojson;32151300080007;100.0%;sama;9;0;0
130 TEMPURAN\desa_3215130008.gpkg;3215_SLS\desa_3215130008.geojson;32151300080008;100.0%;sama;9;0;0
130 TEMPURAN\desa_3215130008.gpkg;3215_SLS\desa_3215130008.geojson;32151300080003;100.0%;sama;9;0;0
130 TEMPURAN\desa_3215130008.gpkg;3215_SLS\desa_3215130008.geojson;32151300080002;100.0%;sama;9;0;0
130 TEMPURAN\desa_3215130008.gpkg;3215_SLS\desa_3215130008.geojson;32151300080006;100.0%;sama;9;0;0
130 TEMPURAN\desa_3215130008.gpkg;3215_SLS\desa_3215130008.geojson;32151300080004;100.0%;sama;9;0;0
130 TEMPURAN\desa_3215130008.gpkg;3215_SLS\desa_3215130008.geojson;32151300080005;100.0%;sama;9;0;0
130 TEMPURAN\desa_3215130009.gpkg;3215_SLS\desa_3215130009.geojson;32151300090007;100.0%;sama;12;0;0
130 TEMPURAN\desa_3215130009.gpkg;3215_SLS\desa_3215130009.geojson;32151300090011;100.0%;sama;12;0;0
130 TEMPURAN\desa_3215130009.gpkg;3215_SLS\desa_3215130009.geojson;32151300090002;100.0%;sama;12;0;0
130 TEMPURAN\desa_3215130009.gpkg;3215_SLS\desa_3215130009.geojson;32151300090005;100.0%;sama;12;0;0
130 TEMPURAN\desa_3215130009.gpkg;3215_SLS\desa_3215130009.geojson;32151300090004;100.0%;sama;12;0;0
130 TEMPURAN\desa_3215130009.gpkg;3215_SLS\desa_3215130009.geojson;32151300090006;100.0%;sama;12;0;0
130 TEMPURAN\desa_3215130009.gpkg;3215_SLS\desa_3215130009.geojson;32151300090009;100.0%;sama;12;0;0
130 TEMPURAN\desa_3215130009.gpkg;3215_SLS\desa_3215130009.geojson;32151300090003;100.0%;sama;12;0;0
130 TEMPURAN\desa_3215130009.gpkg;3215_SLS\desa_3215130009.geojson;32151300090001;100.0%;sama;12;0;0
130 TEMPURAN\desa_3215130009.gpkg;3215_SLS\desa_3215130009.geojson;32151300091001;100.0%;sama;12;0;0
130 TEMPURAN\desa_3215130009.gpkg;3215_SLS\desa_3215130009.geojson;32151300090008;100.0%;sama;12;0;0
130 TEMPURAN\desa_3215130009.gpkg;3215_SLS\desa_3215130009.geojson;32151300090010;100.0%;sama;12;0;0
130 TEMPURAN\desa_3215130011.gpkg;3215_SLS\desa_3215130011.geojson;32151300110012;100.0%;sama;17;0;0
130 TEMPURAN\desa_3215130011.gpkg;3215_SLS\desa_3215130011.geojson;32151300110001;100.0%;sama;17;0;0
130 TEMPURAN\desa_3215130011.gpkg;3215_SLS\desa_3215130011.geojson;32151300110014;100.0%;sama;17;0;0
130 TEMPURAN\desa_3215130011.gpkg;3215_SLS\desa_3215130011.geojson;32151300110015;100.0%;sama;17;0;0
130 TEMPURAN\desa_3215130011.gpkg;3215_SLS\desa_3215130011.geojson;32151300110007;100.0%;sama;17;0;0
130 TEMPURAN\desa_3215130011.gpkg;3215_SLS\desa_3215130011.geojson;32151300110005;100.0%;sama;17;0;0
130 TEMPURAN\desa_3215130011.gpkg;3215_SLS\desa_3215130011.geojson;32151300110008;100.0%;sama;17;0;0
130 TEMPURAN\desa_3215130011.gpkg;3215_SLS\desa_3215130011.geojson;32151300111001;100.0%;sama;17;0;0
130 TEMPURAN\desa_3215130011.gpkg;3215_SLS\desa_3215130011.geojson;32151300110003;100.0%;sama;17;0;0
130 TEMPURAN\desa_3215130011.gpkg;3215_SLS\desa_3215130011.geojson;32151300110009;100.0%;sama;17;0;0
130 TEMPURAN\desa_3215130011.gpkg;3215_SLS\desa_3215130011.geojson;32151300110002;100.0%;sama;17;0;0
130 TEMPURAN\desa_3215130011.gpkg;3215_SLS\desa_3215130011.geojson;32151300110004;100.0%;sama;17;0;0
130 TEMPURAN\desa_3215130011.gpkg;3215_SLS\desa_3215130011.geojson;32151300110011;100.0%;sama;17;0;0
130 TEMPURAN\desa_3215130011.gpkg;3215_SLS\desa_3215130011.geojson;32151300110016;100.0%;sama;17;0;0
130 TEMPURAN\desa_3215130011.gpkg;3215_SLS\desa_3215130011.geojson;32151300110006;100.0%;sama;17;0;0
130 TEMPURAN\desa_3215130011.gpkg;3215_SLS\desa_3215130011.geojson;32151300110013;100.0%;sama;17;0;0
130 TEMPURAN\desa_3215130011.gpkg;3215_SLS\desa_3215130011.geojson;32151300110010;100.0%;sama;17;0;0
130 TEMPURAN\desa_3215130006.gpkg;3215_SLS\desa_3215130006.geojson;32151300060006;100.0%;sama;14;0;0
130 TEMPURAN\desa_3215130006.gpkg;3215_SLS\desa_3215130006.geojson;32151300060004;100.0%;sama;14;0;0
130 TEMPURAN\desa_3215130006.gpkg;3215_SLS\desa_3215130006.geojson;32151300060005;100.0%;sama;14;0;0
130 TEMPURAN\desa_3215130006.gpkg;3215_SLS\desa_3215130006.geojson;32151300060008;100.0%;sama;14;0;0
130 TEMPURAN\desa_3215130006.gpkg;3215_SLS\desa_3215130006.geojson;32151300060001;100.0%;sama;14;0;0
130 TEMPURAN\desa_3215130006.gpkg;3215_SLS\desa_3215130006.geojson;32151300060002;100.0%;sama;14;0;0
130 TEMPURAN\desa_3215130006.gpkg;3215_SLS\desa_3215130006.geojson;32151300060010;96.62%;sama;14;0;0
130 TEMPURAN\desa_3215130006.gpkg;3215_SLS\desa_3215130006.geojson;32151300060009;97.74%;sama;14;0;0
130 TEMPURAN\desa_3215130006.gpkg;3215_SLS\desa_3215130006.geojson;32151300060007;100.0%;sama;14;0;0
130 TEMPURAN\desa_3215130006.gpkg;3215_SLS\desa_3215130006.geojson;32151300062002;100.0%;sama;14;0;0
130 TEMPURAN\desa_3215130006.gpkg;3215_SLS\desa_3215130006.geojson;32151300060003;100.0%;sama;14;0;0
130 TEMPURAN\desa_3215130006.gpkg;3215_SLS\desa_3215130006.geojson;32151300061001;100.0%;sama;14;0;0
130 TEMPURAN\desa_3215130006.gpkg;3215_SLS\desa_3215130006.geojson;32151300060012;99.41%;sama;14;0;0
130 TEMPURAN\desa_3215130006.gpkg;3215_SLS\desa_3215130006.geojson;32151300060011;98.9%;sama;14;0;0
130 TEMPURAN\desa_3215130007.gpkg;3215_SLS\desa_3215130007.geojson;32151300070004;100.0%;sama;13;0;0
130 TEMPURAN\desa_3215130007.gpkg;3215_SLS\desa_3215130007.geojson;32151300070007;100.0%;sama;13;0;0
130 TEMPURAN\desa_3215130007.gpkg;3215_SLS\desa_3215130007.geojson;32151300070011;100.0%;sama;13;0;0
130 TEMPURAN\desa_3215130007.gpkg;3215_SLS\desa_3215130007.geojson;32151300070003;100.0%;sama;13;0;0
130 TEMPURAN\desa_3215130007.gpkg;3215_SLS\desa_3215130007.geojson;32151300070009;100.0%;sama;13;0;0
130 TEMPURAN\desa_3215130007.gpkg;3215_SLS\desa_3215130007.geojson;32151300070012;100.0%;sama;13;0;0
130 TEMPURAN\desa_3215130007.gpkg;3215_SLS\desa_3215130007.geojson;32151300070010;100.0%;sama;13;0;0
130 TEMPURAN\desa_3215130007.gpkg;3215_SLS\desa_3215130007.geojson;32151300070002;100.0%;sama;13;0;0
130 TEMPURAN\desa_3215130007.gpkg;3215_SLS\desa_3215130007.geojson;32151300070006;100.0%;sama;13;0;0
130 TEMPURAN\desa_3215130007.gpkg;3215_SLS\desa_3215130007.geojson;32151300070001;100.0%;sama;13;0;0
130 TEMPURAN\desa_3215130007.gpkg;3215_SLS\desa_3215130007.geojson;32151300070008;100.0%;sama;13;0;0
130 TEMPURAN\desa_3215130007.gpkg;3215_SLS\desa_3215130007.geojson;32151300071001;100.0%;sama;13;0;0
130 TEMPURAN\desa_3215130007.gpkg;3215_SLS\desa_3215130007.geojson;32151300070005;100.0%;sama;13;0;0
130 TEMPURAN\desa_3215130001.gpkg;3215_SLS\desa_3215130001.geojson;32151300010011;96.78%;sama;27;0;0
130 TEMPURAN\desa_3215130001.gpkg;3215_SLS\desa_3215130001.geojson;32151300010022;100.0%;sama;27;0;0
130 TEMPURAN\desa_3215130001.gpkg;3215_SLS\desa_3215130001.geojson;32151300010009;100.0%;sama;27;0;0
130 TEMPURAN\desa_3215130001.gpkg;3215_SLS\desa_3215130001.geojson;32151300010005;100.0%;sama;27;0;0
130 TEMPURAN\desa_3215130001.gpkg;3215_SLS\desa_3215130001.geojson;32151300010024;100.0%;sama;27;0;0
130 TEMPURAN\desa_3215130001.gpkg;3215_SLS\desa_3215130001.geojson;32151300011002;100.0%;sama;27;0;0
130 TEMPURAN\desa_3215130001.gpkg;3215_SLS\desa_3215130001.geojson;32151300010020;100.0%;sama;27;0;0
130 TEMPURAN\desa_3215130001.gpkg;3215_SLS\desa_3215130001.geojson;32151300010008;100.0%;sama;27;0;0
130 TEMPURAN\desa_3215130001.gpkg;3215_SLS\desa_3215130001.geojson;32151300010002;100.0%;sama;27;0;0
130 TEMPURAN\desa_3215130001.gpkg;3215_SLS\desa_3215130001.geojson;32151300011001;100.0%;sama;27;0;0
130 TEMPURAN\desa_3215130001.gpkg;3215_SLS\desa_3215130001.geojson;32151300010023;100.0%;sama;27;0;0
130 TEMPURAN\desa_3215130001.gpkg;3215_SLS\desa_3215130001.geojson;32151300010006;100.0%;sama;27;0;0
130 TEMPURAN\desa_3215130001.gpkg;3215_SLS\desa_3215130001.geojson;32151300010018;100.0%;sama;27;0;0
130 TEMPURAN\desa_3215130001.gpkg;3215_SLS\desa_3215130001.geojson;32151300010019;100.0%;sama;27;0;0
130 TEMPURAN\desa_3215130001.gpkg;3215_SLS\desa_3215130001.geojson;32151300010014;100.0%;sama;27;0;0
130 TEMPURAN\desa_3215130001.gpkg;3215_SLS\desa_3215130001.geojson;32151300010021;100.0%;sama;27;0;0
130 TEMPURAN\desa_3215130001.gpkg;3215_SLS\desa_3215130001.geojson;32151300010004;100.0%;sama;27;0;0
130 TEMPURAN\desa_3215130001.gpkg;3215_SLS\desa_3215130001.geojson;32151300010017;100.0%;sama;27;0;0
130 TEMPURAN\desa_3215130001.gpkg;3215_SLS\desa_3215130001.geojson;32151300010001;100.0%;sama;27;0;0
130 TEMPURAN\desa_3215130001.gpkg;3215_SLS\desa_3215130001.geojson;32151300010007;100.0%;sama;27;0;0
130 TEMPURAN\desa_3215130001.gpkg;3215_SLS\desa_3215130001.geojson;32151300010012;97.38%;sama;27;0;0
130 TEMPURAN\desa_3215130001.gpkg;3215_SLS\desa_3215130001.geojson;32151300010016;100.0%;sama;27;0;0
130 TEMPURAN\desa_3215130001.gpkg;3215_SLS\desa_3215130001.geojson;32151300010015;100.0%;sama;27;0;0
130 TEMPURAN\desa_3215130001.gpkg;3215_SLS\desa_3215130001.geojson;32151300010013;100.0%;sama;27;0;0
130 TEMPURAN\desa_3215130001.gpkg;3215_SLS\desa_3215130001.geojson;32151300010003;100.0%;sama;27;0;0
130 TEMPURAN\desa_3215130001.gpkg;3215_SLS\desa_3215130001.geojson;32151300011003;100.0%;sama;27;0;0
130 TEMPURAN\desa_3215130001.gpkg;3215_SLS\desa_3215130001.geojson;32151300010010;100.0%;sama;27;0;0
130 TEMPURAN\desa_3215130013.gpkg;3215_SLS\desa_3215130013.geojson;32151300130005;100.0%;sama;13;0;0
130 TEMPURAN\desa_3215130013.gpkg;3215_SLS\desa_3215130013.geojson;32151300130003;100.0%;sama;13;0;0
130 TEMPURAN\desa_3215130013.gpkg;3215_SLS\desa_3215130013.geojson;32151300130012;71.4%;sama;13;0;0
130 TEMPURAN\desa_3215130013.gpkg;3215_SLS\desa_3215130013.geojson;32151300130006;100.0%;sama;13;0;0
130 TEMPURAN\desa_3215130013.gpkg;3215_SLS\desa_3215130013.geojson;32151300131001;94.8%;sama;13;0;0
130 TEMPURAN\desa_3215130013.gpkg;3215_SLS\desa_3215130013.geojson;32151300130007;100.0%;sama;13;0;0
130 TEMPURAN\desa_3215130013.gpkg;3215_SLS\desa_3215130013.geojson;32151300130004;86.98%;sama;13;0;0
130 TEMPURAN\desa_3215130013.gpkg;3215_SLS\desa_3215130013.geojson;32151300130009;46.59%;sama;13;0;0
130 TEMPURAN\desa_3215130013.gpkg;3215_SLS\desa_3215130013.geojson;32151300130001;100.0%;sama;13;0;0
130 TEMPURAN\desa_3215130013.gpkg;3215_SLS\desa_3215130013.geojson;32151300130002;100.0%;sama;13;0;0
130 TEMPURAN\desa_3215130013.gpkg;3215_SLS\desa_3215130013.geojson;32151300130008;93.4%;sama;13;0;0
130 TEMPURAN\desa_3215130013.gpkg;3215_SLS\desa_3215130013.geojson;32151300130011;61.94%;sama;13;0;0
130 TEMPURAN\desa_3215130013.gpkg;3215_SLS\desa_3215130013.geojson;32151300130010;60.26%;sama;13;0;0
130 TEMPURAN\desa_3215130012.gpkg;3215_SLS\desa_3215130012.geojson;32151300121002;100.0%;sama;15;0;0
130 TEMPURAN\desa_3215130012.gpkg;3215_SLS\desa_3215130012.geojson;32151300120008;100.0%;sama;15;0;0
130 TEMPURAN\desa_3215130012.gpkg;3215_SLS\desa_3215130012.geojson;32151300120013;100.0%;sama;15;0;0
130 TEMPURAN\desa_3215130012.gpkg;3215_SLS\desa_3215130012.geojson;32151300120007;100.0%;sama;15;0;0
130 TEMPURAN\desa_3215130012.gpkg;3215_SLS\desa_3215130012.geojson;32151300120009;100.0%;sama;15;0;0
130 TEMPURAN\desa_3215130012.gpkg;3215_SLS\desa_3215130012.geojson;32151300120006;100.0%;sama;15;0;0
130 TEMPURAN\desa_3215130012.gpkg;3215_SLS\desa_3215130012.geojson;32151300121001;100.0%;sama;15;0;0
130 TEMPURAN\desa_3215130012.gpkg;3215_SLS\desa_3215130012.geojson;32151300120005;100.0%;sama;15;0;0
130 TEMPURAN\desa_3215130012.gpkg;3215_SLS\desa_3215130012.geojson;32151300120002;100.0%;sama;15;0;0
130 TEMPURAN\desa_3215130012.gpkg;3215_SLS\desa_3215130012.geojson;32151300120010;100.0%;sama;15;0;0
130 TEMPURAN\desa_3215130012.gpkg;3215_SLS\desa_3215130012.geojson;32151300120003;100.0%;sama;15;0;0
130 TEMPURAN\desa_3215130012.gpkg;3215_SLS\desa_3215130012.geojson;32151300120011;100.0%;sama;15;0;0
130 TEMPURAN\desa_3215130012.gpkg;3215_SLS\desa_3215130012.geojson;32151300120004;100.0%;sama;15;0;0
130 TEMPURAN\desa_3215130012.gpkg;3215_SLS\desa_3215130012.geojson;32151300120012;100.0%;sama;15;0;0
130 TEMPURAN\desa_3215130012.gpkg;3215_SLS\desa_3215130012.geojson;32151300120001;100.0%;sama;15;0;0
130 TEMPURAN\desa_3215130014.gpkg;3215_SLS\desa_3215130014.geojson;32151300140011;100.0%;sama;20;0;0
130 TEMPURAN\desa_3215130014.gpkg;3215_SLS\desa_3215130014.geojson;32151300140009;3.18%;sama;20;0;0
130 TEMPURAN\desa_3215130014.gpkg;3215_SLS\desa_3215130014.geojson;32151300140004;99.28%;sama;20;0;0
130 TEMPURAN\desa_3215130014.gpkg;3215_SLS\desa_3215130014.geojson;32151300140013;95.51%;sama;20;0;0
130 TEMPURAN\desa_3215130014.gpkg;3215_SLS\desa_3215130014.geojson;32151300140002;88.26%;sama;20;0;0
130 TEMPURAN\desa_3215130014.gpkg;3215_SLS\desa_3215130014.geojson;32151300140005;72.65%;sama;20;0;0
130 TEMPURAN\desa_3215130014.gpkg;3215_SLS\desa_3215130014.geojson;32151300140014;100.0%;sama;20;0;0
130 TEMPURAN\desa_3215130014.gpkg;3215_SLS\desa_3215130014.geojson;32151300141003;90.94%;sama;20;0;0
130 TEMPURAN\desa_3215130014.gpkg;3215_SLS\desa_3215130014.geojson;32151300140006;85.69%;sama;20;0;0
130 TEMPURAN\desa_3215130014.gpkg;3215_SLS\desa_3215130014.geojson;32151300140007;93.39%;sama;20;0;0
130 TEMPURAN\desa_3215130014.gpkg;3215_SLS\desa_3215130014.geojson;32151300140017;99.04%;sama;20;0;0
130 TEMPURAN\desa_3215130014.gpkg;3215_SLS\desa_3215130014.geojson;32151300141001;100.0%;sama;20;0;0
130 TEMPURAN\desa_3215130014.gpkg;3215_SLS\desa_3215130014.geojson;32151300140001;100.0%;sama;20;0;0
130 TEMPURAN\desa_3215130014.gpkg;3215_SLS\desa_3215130014.geojson;32151300140008;85.34%;sama;20;0;0
130 TEMPURAN\desa_3215130014.gpkg;3215_SLS\desa_3215130014.geojson;32151300140012;100.0%;sama;20;0;0
130 TEMPURAN\desa_3215130014.gpkg;3215_SLS\desa_3215130014.geojson;32151300140015;100.0%;sama;20;0;0
130 TEMPURAN\desa_3215130014.gpkg;3215_SLS\desa_3215130014.geojson;32151300140016;68.61%;sama;20;0;0
130 TEMPURAN\desa_3215130014.gpkg;3215_SLS\desa_3215130014.geojson;32151300140003;100.0%;sama;20;0;0
130 TEMPURAN\desa_3215130014.gpkg;3215_SLS\desa_3215130014.geojson;32151300141002;100.0%;sama;20;0;0
130 TEMPURAN\desa_3215130014.gpkg;3215_SLS\desa_3215130014.geojson;32151300140010;100.0%;sama;20;0;0
100 TELAGASARI\desa_3215100002.gpkg;3215_SLS\desa_3215100002.geojson;32151000020008;100.0%;sama;19;3;0
100 TELAGASARI\desa_3215100002.gpkg;3215_SLS\desa_3215100002.geojson;32151000020013;13.08%;sama;19;3;0
100 TELAGASARI\desa_3215100002.gpkg;3215_SLS\desa_3215100002.geojson;32151000020015;100.0%;sama;19;3;0
100 TELAGASARI\desa_3215100002.gpkg;3215_SLS\desa_3215100002.geojson;32151000020004;95.45%;sama;19;3;0
100 TELAGASARI\desa_3215100002.gpkg;3215_SLS\desa_3215100002.geojson;32151000021003;98.82%;sama;19;3;0
100 TELAGASARI\desa_3215100002.gpkg;3215_SLS\desa_3215100002.geojson;32151000021001;96.4%;sama;19;3;0
100 TELAGASARI\desa_3215100002.gpkg;3215_SLS\desa_3215100002.geojson;32151000020002;97.95%;sama;19;3;0
100 TELAGASARI\desa_3215100002.gpkg;3215_SLS\desa_3215100002.geojson;32151000021002;100.0%;sama;19;3;0
100 TELAGASARI\desa_3215100002.gpkg;3215_SLS\desa_3215100002.geojson;32151000020014;83.2%;sama;19;3;0
100 TELAGASARI\desa_3215100002.gpkg;3215_SLS\desa_3215100002.geojson;32151000020003;54.16%;sama;19;3;0
100 TELAGASARI\desa_3215100002.gpkg;3215_SLS\desa_3215100002.geojson;32151000020011;100.0%;sama;19;3;0
100 TELAGASARI\desa_3215100002.gpkg;3215_SLS\desa_3215100002.geojson;32151000020006;82.59%;sama;19;3;0
100 TELAGASARI\desa_3215100002.gpkg;3215_SLS\desa_3215100002.geojson;32151000020012;99.9%;sama;19;3;0
100 TELAGASARI\desa_3215100002.gpkg;3215_SLS\desa_3215100002.geojson;32151000020007;92.68%;sama;19;3;0
100 TELAGASARI\desa_3215100002.gpkg;3215_SLS\desa_3215100002.geojson;32151000021004;0.0%;hanya_di_gpkg;19;3;0
100 TELAGASARI\desa_3215100002.gpkg;3215_SLS\desa_3215100002.geojson;32151000020001;38.33%;sama;19;3;0
100 TELAGASARI\desa_3215100002.gpkg;3215_SLS\desa_3215100002.geojson;32151000020016;63.9%;sama;19;3;0
100 TELAGASARI\desa_3215100002.gpkg;3215_SLS\desa_3215100002.geojson;32151000020010;100.0%;sama;19;3;0
100 TELAGASARI\desa_3215100002.gpkg;3215_SLS\desa_3215100002.geojson;32151000021005;0.0%;hanya_di_gpkg;19;3;0
100 TELAGASARI\desa_3215100002.gpkg;3215_SLS\desa_3215100002.geojson;32151000020009;100.0%;sama;19;3;0
100 TELAGASARI\desa_3215100002.gpkg;3215_SLS\desa_3215100002.geojson;32151000020005;92.22%;sama;19;3;0
100 TELAGASARI\desa_3215100002.gpkg;3215_SLS\desa_3215100002.geojson;32151000021006;0.0%;hanya_di_gpkg;19;3;0
072 KOTABARU\desa_3215072001.gpkg;3215_SLS\desa_3215072001.geojson;32150720010033;88.62%;sama;34;0;1
072 KOTABARU\desa_3215072001.gpkg;3215_SLS\desa_3215072001.geojson;32150720010002;84.5%;sama;34;0;1
072 KOTABARU\desa_3215072001.gpkg;3215_SLS\desa_3215072001.geojson;32150720011001;100.0%;sama;34;0;1
072 KOTABARU\desa_3215072001.gpkg;3215_SLS\desa_3215072001.geojson;32150720010008;100.0%;sama;34;0;1
072 KOTABARU\desa_3215072001.gpkg;3215_SLS\desa_3215072001.geojson;32150720010034;100.0%;sama;34;0;1
072 KOTABARU\desa_3215072001.gpkg;3215_SLS\desa_3215072001.geojson;32150720010007;93.83%;sama;34;0;1
072 KOTABARU\desa_3215072001.gpkg;3215_SLS\desa_3215072001.geojson;32150720010032;100.0%;sama;34;0;1
072 KOTABARU\desa_3215072001.gpkg;3215_SLS\desa_3215072001.geojson;32150720010021;100.0%;sama;34;0;1
072 KOTABARU\desa_3215072001.gpkg;3215_SLS\desa_3215072001.geojson;32150720010014;100.0%;sama;34;0;1
072 KOTABARU\desa_3215072001.gpkg;3215_SLS\desa_3215072001.geojson;32150720010009;96.92%;sama;34;0;1
072 KOTABARU\desa_3215072001.gpkg;3215_SLS\desa_3215072001.geojson;32150720010019;100.0%;sama;34;0;1
072 KOTABARU\desa_3215072001.gpkg;3215_SLS\desa_3215072001.geojson;32150720010012;100.0%;sama;34;0;1
072 KOTABARU\desa_3215072001.gpkg;3215_SLS\desa_3215072001.geojson;32150720010016;95.27%;sama;34;0;1
072 KOTABARU\desa_3215072001.gpkg;3215_SLS\desa_3215072001.geojson;32150720010018;100.0%;sama;34;0;1
072 KOTABARU\desa_3215072001.gpkg;3215_SLS\desa_3215072001.geojson;32150720010015;86.9%;sama;34;0;1
072 KOTABARU\desa_3215072001.gpkg;3215_SLS\desa_3215072001.geojson;32150720010024;100.0%;sama;34;0;1
072 KOTABARU\desa_3215072001.gpkg;3215_SLS\desa_3215072001.geojson;32150720010017;97.35%;sama;34;0;1
072 KOTABARU\desa_3215072001.gpkg;3215_SLS\desa_3215072001.geojson;32150720010030;0.0%;hanya_di_geojson;34;0;1
072 KOTABARU\desa_3215072001.gpkg;3215_SLS\desa_3215072001.geojson;32150720010010;92.68%;sama;34;0;1
072 KOTABARU\desa_3215072001.gpkg;3215_SLS\desa_3215072001.geojson;32150720010028;100.0%;sama;34;0;1
072 KOTABARU\desa_3215072001.gpkg;3215_SLS\desa_3215072001.geojson;32150720010011;100.0%;sama;34;0;1
072 KOTABARU\desa_3215072001.gpkg;3215_SLS\desa_3215072001.geojson;32150720010020;100.0%;sama;34;0;1
072 KOTABARU\desa_3215072001.gpkg;3215_SLS\desa_3215072001.geojson;32150720010003;100.0%;sama;34;0;1
072 KOTABARU\desa_3215072001.gpkg;3215_SLS\desa_3215072001.geojson;32150720010013;97.58%;sama;34;0;1
072 KOTABARU\desa_3215072001.gpkg;3215_SLS\desa_3215072001.geojson;32150720010023;100.0%;sama;34;0;1
072 KOTABARU\desa_3215072001.gpkg;3215_SLS\desa_3215072001.geojson;32150720010004;87.35%;sama;34;0;1
072 KOTABARU\desa_3215072001.gpkg;3215_SLS\desa_3215072001.geojson;32150720010029;100.0%;sama;34;0;1
072 KOTABARU\desa_3215072001.gpkg;3215_SLS\desa_3215072001.geojson;32150720010027;100.0%;sama;34;0;1
072 KOTABARU\desa_3215072001.gpkg;3215_SLS\desa_3215072001.geojson;32150720010005;79.16%;sama;34;0;1
072 KOTABARU\desa_3215072001.gpkg;3215_SLS\desa_3215072001.geojson;32150720010001;100.0%;sama;34;0;1
072 KOTABARU\desa_3215072001.gpkg;3215_SLS\desa_3215072001.geojson;32150720010031;49.33%;sama;34;0;1
072 KOTABARU\desa_3215072001.gpkg;3215_SLS\desa_3215072001.geojson;32150720010026;100.0%;sama;34;0;1
072 KOTABARU\desa_3215072001.gpkg;3215_SLS\desa_3215072001.geojson;32150720010022;100.0%;sama;34;0;1
072 KOTABARU\desa_3215072001.gpkg;3215_SLS\desa_3215072001.geojson;32150720010025;100.0%;sama;34;0;1
072 KOTABARU\desa_3215072001.gpkg;3215_SLS\desa_3215072001.geojson;32150720010006;87.1%;sama;34;0;1
072 KOTABARU\desa_3215072005.gpkg;3215_SLS\desa_3215072005.geojson;32150720050048;95.7%;sama;64;0;0
072 KOTABARU\desa_3215072005.gpkg;3215_SLS\desa_3215072005.geojson;32150720050013;100.0%;sama;64;0;0
072 KOTABARU\desa_3215072005.gpkg;3215_SLS\desa_3215072005.geojson;32150720050017;100.0%;sama;64;0;0
072 KOTABARU\desa_3215072005.gpkg;3215_SLS\desa_3215072005.geojson;32150720051003;100.0%;sama;64;0;0
072 KOTABARU\desa_3215072005.gpkg;3215_SLS\desa_3215072005.geojson;32150720050008;100.0%;sama;64;0;0
072 KOTABARU\desa_3215072005.gpkg;3215_SLS\desa_3215072005.geojson;32150720051007;100.0%;sama;64;0;0
072 KOTABARU\desa_3215072005.gpkg;3215_SLS\desa_3215072005.geojson;32150720050036;90.85%;sama;64;0;0
072 KOTABARU\desa_3215072005.gpkg;3215_SLS\desa_3215072005.geojson;32150720050041;100.0%;sama;64;0;0
072 KOTABARU\desa_3215072005.gpkg;3215_SLS\desa_3215072005.geojson;32150720050044;100.0%;sama;64;0;0
072 KOTABARU\desa_3215072005.gpkg;3215_SLS\desa_3215072005.geojson;32150720050034;100.0%;sama;64;0;0
072 KOTABARU\desa_3215072005.gpkg;3215_SLS\desa_3215072005.geojson;32150720050047;100.0%;sama;64;0;0
072 KOTABARU\desa_3215072005.gpkg;3215_SLS\desa_3215072005.geojson;32150720051002;100.0%;sama;64;0;0
072 KOTABARU\desa_3215072005.gpkg;3215_SLS\desa_3215072005.geojson;32150720050056;100.0%;sama;64;0;0
072 KOTABARU\desa_3215072005.gpkg;3215_SLS\desa_3215072005.geojson;32150720050042;100.0%;sama;64;0;0
072 KOTABARU\desa_3215072005.gpkg;3215_SLS\desa_3215072005.geojson;32150720050016;100.0%;sama;64;0;0
072 KOTABARU\desa_3215072005.gpkg;3215_SLS\desa_3215072005.geojson;32150720050014;100.0%;sama;64;0;0
072 KOTABARU\desa_3215072005.gpkg;3215_SLS\desa_3215072005.geojson;32150720050027;100.0%;sama;64;0;0
072 KOTABARU\desa_3215072005.gpkg;3215_SLS\desa_3215072005.geojson;32150720051005;43.14%;sama;64;0;0
072 KOTABARU\desa_3215072005.gpkg;3215_SLS\desa_3215072005.geojson;32150720050051;100.0%;sama;64;0;0
072 KOTABARU\desa_3215072005.gpkg;3215_SLS\desa_3215072005.geojson;32150720050045;100.0%;sama;64;0;0
072 KOTABARU\desa_3215072005.gpkg;3215_SLS\desa_3215072005.geojson;32150720050043;37.85%;sama;64;0;0
072 KOTABARU\desa_3215072005.gpkg;3215_SLS\desa_3215072005.geojson;32150720050040;100.0%;sama;64;0;0
072 KOTABARU\desa_3215072005.gpkg;3215_SLS\desa_3215072005.geojson;32150720050010;100.0%;sama;64;0;0
072 KOTABARU\desa_3215072005.gpkg;3215_SLS\desa_3215072005.geojson;32150720050039;98.58%;sama;64;0;0
072 KOTABARU\desa_3215072005.gpkg;3215_SLS\desa_3215072005.geojson;32150720050035;100.0%;sama;64;0;0
072 KOTABARU\desa_3215072005.gpkg;3215_SLS\desa_3215072005.geojson;32150720051009;100.0%;sama;64;0;0
072 KOTABARU\desa_3215072005.gpkg;3215_SLS\desa_3215072005.geojson;32150720050022;100.0%;sama;64;0;0
072 KOTABARU\desa_3215072005.gpkg;3215_SLS\desa_3215072005.geojson;32150720050002;100.0%;sama;64;0;0
072 KOTABARU\desa_3215072005.gpkg;3215_SLS\desa_3215072005.geojson;32150720051006;98.08%;sama;64;0;0
072 KOTABARU\desa_3215072005.gpkg;3215_SLS\desa_3215072005.geojson;32150720050030;100.0%;sama;64;0;0
072 KOTABARU\desa_3215072005.gpkg;3215_SLS\desa_3215072005.geojson;32150720050001;100.0%;sama;64;0;0
072 KOTABARU\desa_3215072005.gpkg;3215_SLS\desa_3215072005.geojson;32150720054004;100.0%;sama;64;0;0
072 KOTABARU\desa_3215072005.gpkg;3215_SLS\desa_3215072005.geojson;32150720050038;100.0%;sama;64;0;0
072 KOTABARU\desa_3215072005.gpkg;3215_SLS\desa_3215072005.geojson;32150720050004;100.0%;sama;64;0;0
072 KOTABARU\desa_3215072005.gpkg;3215_SLS\desa_3215072005.geojson;32150720050028;100.0%;sama;64;0;0
072 KOTABARU\desa_3215072005.gpkg;3215_SLS\desa_3215072005.geojson;32150720050006;100.0%;sama;64;0;0
072 KOTABARU\desa_3215072005.gpkg;3215_SLS\desa_3215072005.geojson;32150720050031;100.0%;sama;64;0;0
072 KOTABARU\desa_3215072005.gpkg;3215_SLS\desa_3215072005.geojson;32150720050050;100.0%;sama;64;0;0
072 KOTABARU\desa_3215072005.gpkg;3215_SLS\desa_3215072005.geojson;32150720050003;100.0%;sama;64;0;0
072 KOTABARU\desa_3215072005.gpkg;3215_SLS\desa_3215072005.geojson;32150720050032;100.0%;sama;64;0;0
072 KOTABARU\desa_3215072005.gpkg;3215_SLS\desa_3215072005.geojson;32150720050007;100.0%;sama;64;0;0
072 KOTABARU\desa_3215072005.gpkg;3215_SLS\desa_3215072005.geojson;32150720050054;100.0%;sama;64;0;0
072 KOTABARU\desa_3215072005.gpkg;3215_SLS\desa_3215072005.geojson;32150720050015;100.0%;sama;64;0;0
072 KOTABARU\desa_3215072005.gpkg;3215_SLS\desa_3215072005.geojson;32150720050024;100.0%;sama;64;0;0
072 KOTABARU\desa_3215072005.gpkg;3215_SLS\desa_3215072005.geojson;32150720050021;100.0%;sama;64;0;0
072 KOTABARU\desa_3215072005.gpkg;3215_SLS\desa_3215072005.geojson;32150720050029;100.0%;sama;64;0;0
072 KOTABARU\desa_3215072005.gpkg;3215_SLS\desa_3215072005.geojson;32150720050037;95.08%;sama;64;0;0
072 KOTABARU\desa_3215072005.gpkg;3215_SLS\desa_3215072005.geojson;32150720050023;100.0%;sama;64;0;0
072 KOTABARU\desa_3215072005.gpkg;3215_SLS\desa_3215072005.geojson;32150720051008;95.96%;sama;64;0;0
072 KOTABARU\desa_3215072005.gpkg;3215_SLS\desa_3215072005.geojson;32150720051010;100.0%;sama;64;0;0
072 KOTABARU\desa_3215072005.gpkg;3215_SLS\desa_3215072005.geojson;32150720050055;100.0%;sama;64;0;0
072 KOTABARU\desa_3215072005.gpkg;3215_SLS\desa_3215072005.geojson;32150720050049;100.0%;sama;64;0;0
072 KOTABARU\desa_3215072005.gpkg;3215_SLS\desa_3215072005.geojson;32150720050005;100.0%;sama;64;0;0
072 KOTABARU\desa_3215072005.gpkg;3215_SLS\desa_3215072005.geojson;32150720050033;100.0%;sama;64;0;0
072 KOTABARU\desa_3215072005.gpkg;3215_SLS\desa_3215072005.geojson;32150720050018;100.0%;sama;64;0;0
072 KOTABARU\desa_3215072005.gpkg;3215_SLS\desa_3215072005.geojson;32150720050012;100.0%;sama;64;0;0
072 KOTABARU\desa_3215072005.gpkg;3215_SLS\desa_3215072005.geojson;32150720050046;100.0%;sama;64;0;0
072 KOTABARU\desa_3215072005.gpkg;3215_SLS\desa_3215072005.geojson;32150720050026;100.0%;sama;64;0;0
072 KOTABARU\desa_3215072005.gpkg;3215_SLS\desa_3215072005.geojson;32150720050020;100.0%;sama;64;0;0
072 KOTABARU\desa_3215072005.gpkg;3215_SLS\desa_3215072005.geojson;32150720050019;83.74%;sama;64;0;0
072 KOTABARU\desa_3215072005.gpkg;3215_SLS\desa_3215072005.geojson;32150720050011;100.0%;sama;64;0;0
072 KOTABARU\desa_3215072005.gpkg;3215_SLS\desa_3215072005.geojson;32150720050052;100.0%;sama;64;0;0
072 KOTABARU\desa_3215072005.gpkg;3215_SLS\desa_3215072005.geojson;32150720050053;100.0%;sama;64;0;0
072 KOTABARU\desa_3215072005.gpkg;3215_SLS\desa_3215072005.geojson;32150720050025;100.0%;sama;64;0;0
072 KOTABARU\desa_3215072004.gpkg;3215_SLS\desa_3215072004.geojson;32150720040027;93.47%;sama;49;0;0
072 KOTABARU\desa_3215072004.gpkg;3215_SLS\desa_3215072004.geojson;32150720040015;100.0%;sama;49;0;0
072 KOTABARU\desa_3215072004.gpkg;3215_SLS\desa_3215072004.geojson;32150720040034;100.0%;sama;49;0;0
072 KOTABARU\desa_3215072004.gpkg;3215_SLS\desa_3215072004.geojson;32150720040040;100.0%;sama;49;0;0
072 KOTABARU\desa_3215072004.gpkg;3215_SLS\desa_3215072004.geojson;32150720040012;100.0%;sama;49;0;0
072 KOTABARU\desa_3215072004.gpkg;3215_SLS\desa_3215072004.geojson;32150720040042;84.14%;sama;49;0;0
072 KOTABARU\desa_3215072004.gpkg;3215_SLS\desa_3215072004.geojson;32150720040009;100.0%;sama;49;0;0
072 KOTABARU\desa_3215072004.gpkg;3215_SLS\desa_3215072004.geojson;32150720040044;100.0%;sama;49;0;0
072 KOTABARU\desa_3215072004.gpkg;3215_SLS\desa_3215072004.geojson;32150720040046;100.0%;sama;49;0;0
072 KOTABARU\desa_3215072004.gpkg;3215_SLS\desa_3215072004.geojson;32150720040045;97.03%;sama;49;0;0
072 KOTABARU\desa_3215072004.gpkg;3215_SLS\desa_3215072004.geojson;32150720041002;100.0%;sama;49;0;0
072 KOTABARU\desa_3215072004.gpkg;3215_SLS\desa_3215072004.geojson;32150720040031;100.0%;sama;49;0;0
072 KOTABARU\desa_3215072004.gpkg;3215_SLS\desa_3215072004.geojson;32150720040018;100.0%;sama;49;0;0
072 KOTABARU\desa_3215072004.gpkg;3215_SLS\desa_3215072004.geojson;32150720040005;100.0%;sama;49;0;0
072 KOTABARU\desa_3215072004.gpkg;3215_SLS\desa_3215072004.geojson;32150720040041;90.21%;sama;49;0;0
072 KOTABARU\desa_3215072004.gpkg;3215_SLS\desa_3215072004.geojson;32150720040037;100.0%;sama;49;0;0
072 KOTABARU\desa_3215072004.gpkg;3215_SLS\desa_3215072004.geojson;32150720040022;100.0%;sama;49;0;0
072 KOTABARU\desa_3215072004.gpkg;3215_SLS\desa_3215072004.geojson;32150720040043;100.0%;sama;49;0;0
072 KOTABARU\desa_3215072004.gpkg;3215_SLS\desa_3215072004.geojson;32150720040007;99.51%;sama;49;0;0
072 KOTABARU\desa_3215072004.gpkg;3215_SLS\desa_3215072004.geojson;32150720040039;100.0%;sama;49;0;0
072 KOTABARU\desa_3215072004.gpkg;3215_SLS\desa_3215072004.geojson;32150720040029;100.0%;sama;49;0;0
072 KOTABARU\desa_3215072004.gpkg;3215_SLS\desa_3215072004.geojson;32150720040025;99.77%;sama;49;0;0
072 KOTABARU\desa_3215072004.gpkg;3215_SLS\desa_3215072004.geojson;32150720040030;98.89%;sama;49;0;0
072 KOTABARU\desa_3215072004.gpkg;3215_SLS\desa_3215072004.geojson;32150720041001;100.0%;sama;49;0;0
072 KOTABARU\desa_3215072004.gpkg;3215_SLS\desa_3215072004.geojson;32150720040028;96.2%;sama;49;0;0
072 KOTABARU\desa_3215072004.gpkg;3215_SLS\desa_3215072004.geojson;32150720040024;100.0%;sama;49;0;0
072 KOTABARU\desa_3215072004.gpkg;3215_SLS\desa_3215072004.geojson;32150720040017;100.0%;sama;49;0;0
072 KOTABARU\desa_3215072004.gpkg;3215_SLS\desa_3215072004.geojson;32150720040006;99.62%;sama;49;0;0
072 KOTABARU\desa_3215072004.gpkg;3215_SLS\desa_3215072004.geojson;32150720040002;96.22%;sama;49;0;0
072 KOTABARU\desa_3215072004.gpkg;3215_SLS\desa_3215072004.geojson;32150720040016;100.0%;sama;49;0;0
072 KOTABARU\desa_3215072004.gpkg;3215_SLS\desa_3215072004.geojson;32150720040011;100.0%;sama;49;0;0
072 KOTABARU\desa_3215072004.gpkg;3215_SLS\desa_3215072004.geojson;32150720040035;100.0%;sama;49;0;0
072 KOTABARU\desa_3215072004.gpkg;3215_SLS\desa_3215072004.geojson;32150720041003;95.81%;sama;49;0;0
072 KOTABARU\desa_3215072004.gpkg;3215_SLS\desa_3215072004.geojson;32150720040004;100.0%;sama;49;0;0
072 KOTABARU\desa_3215072004.gpkg;3215_SLS\desa_3215072004.geojson;32150720040038;100.0%;sama;49;0;0
072 KOTABARU\desa_3215072004.gpkg;3215_SLS\desa_3215072004.geojson;32150720040033;97.89%;sama;49;0;0
072 KOTABARU\desa_3215072004.gpkg;3215_SLS\desa_3215072004.geojson;32150720040032;100.0%;sama;49;0;0
072 KOTABARU\desa_3215072004.gpkg;3215_SLS\desa_3215072004.geojson;32150720040021;100.0%;sama;49;0;0
072 KOTABARU\desa_3215072004.gpkg;3215_SLS\desa_3215072004.geojson;32150720040036;100.0%;sama;49;0;0
072 KOTABARU\desa_3215072004.gpkg;3215_SLS\desa_3215072004.geojson;32150720040026;100.0%;sama;49;0;0
072 KOTABARU\desa_3215072004.gpkg;3215_SLS\desa_3215072004.geojson;32150720040019;100.0%;sama;49;0;0
072 KOTABARU\desa_3215072004.gpkg;3215_SLS\desa_3215072004.geojson;32150720040003;97.36%;sama;49;0;0
072 KOTABARU\desa_3215072004.gpkg;3215_SLS\desa_3215072004.geojson;32150720040010;100.0%;sama;49;0;0
072 KOTABARU\desa_3215072004.gpkg;3215_SLS\desa_3215072004.geojson;32150720040020;100.0%;sama;49;0;0
072 KOTABARU\desa_3215072004.gpkg;3215_SLS\desa_3215072004.geojson;32150720040014;99.58%;sama;49;0;0
072 KOTABARU\desa_3215072004.gpkg;3215_SLS\desa_3215072004.geojson;32150720040001;100.0%;sama;49;0;0
072 KOTABARU\desa_3215072004.gpkg;3215_SLS\desa_3215072004.geojson;32150720040013;100.0%;sama;49;0;0
072 KOTABARU\desa_3215072004.gpkg;3215_SLS\desa_3215072004.geojson;32150720040023;100.0%;sama;49;0;0
072 KOTABARU\desa_3215072004.gpkg;3215_SLS\desa_3215072004.geojson;32150720040008;100.0%;sama;49;0;0
072 KOTABARU\desa_3215072003.gpkg;3215_SLS\desa_3215072003.geojson;32150720030001;100.0%;sama;22;0;0
072 KOTABARU\desa_3215072003.gpkg;3215_SLS\desa_3215072003.geojson;32150720030021;99.21%;sama;22;0;0
072 KOTABARU\desa_3215072003.gpkg;3215_SLS\desa_3215072003.geojson;32150720030018;99.91%;sama;22;0;0
072 KOTABARU\desa_3215072003.gpkg;3215_SLS\desa_3215072003.geojson;32150720030012;96.9%;sama;22;0;0
072 KOTABARU\desa_3215072003.gpkg;3215_SLS\desa_3215072003.geojson;32150720030002;99.22%;sama;22;0;0
072 KOTABARU\desa_3215072003.gpkg;3215_SLS\desa_3215072003.geojson;32150720030019;99.88%;sama;22;0;0
072 KOTABARU\desa_3215072003.gpkg;3215_SLS\desa_3215072003.geojson;32150720030004;100.0%;sama;22;0;0
072 KOTABARU\desa_3215072003.gpkg;3215_SLS\desa_3215072003.geojson;32150720030009;98.44%;sama;22;0;0
072 KOTABARU\desa_3215072003.gpkg;3215_SLS\desa_3215072003.geojson;32150720030015;100.0%;sama;22;0;0
072 KOTABARU\desa_3215072003.gpkg;3215_SLS\desa_3215072003.geojson;32150720030003;100.0%;sama;22;0;0
072 KOTABARU\desa_3215072003.gpkg;3215_SLS\desa_3215072003.geojson;32150720030008;100.0%;sama;22;0;0
072 KOTABARU\desa_3215072003.gpkg;3215_SLS\desa_3215072003.geojson;32150720030010;95.85%;sama;22;0;0
072 KOTABARU\desa_3215072003.gpkg;3215_SLS\desa_3215072003.geojson;32150720030022;100.0%;sama;22;0;0
072 KOTABARU\desa_3215072003.gpkg;3215_SLS\desa_3215072003.geojson;32150720030006;96.37%;sama;22;0;0
072 KOTABARU\desa_3215072003.gpkg;3215_SLS\desa_3215072003.geojson;32150720030016;100.0%;sama;22;0;0
072 KOTABARU\desa_3215072003.gpkg;3215_SLS\desa_3215072003.geojson;32150720030007;99.08%;sama;22;0;0
072 KOTABARU\desa_3215072003.gpkg;3215_SLS\desa_3215072003.geojson;32150720030011;99.68%;sama;22;0;0
072 KOTABARU\desa_3215072003.gpkg;3215_SLS\desa_3215072003.geojson;32150720030005;97.64%;sama;22;0;0
072 KOTABARU\desa_3215072003.gpkg;3215_SLS\desa_3215072003.geojson;32150720030014;100.0%;sama;22;0;0
072 KOTABARU\desa_3215072003.gpkg;3215_SLS\desa_3215072003.geojson;32150720030013;100.0%;sama;22;0;0
072 KOTABARU\desa_3215072003.gpkg;3215_SLS\desa_3215072003.geojson;32150720030017;100.0%;sama;22;0;0
072 KOTABARU\desa_3215072003.gpkg;3215_SLS\desa_3215072003.geojson;32150720030020;100.0%;sama;22;0;0
072 KOTABARU\desa_3215072002.gpkg;3215_SLS\desa_3215072002.geojson;32150720022001;100.0%;sama;45;0;0
072 KOTABARU\desa_3215072002.gpkg;3215_SLS\desa_3215072002.geojson;32150720022002;100.0%;sama;45;0;0
072 KOTABARU\desa_3215072002.gpkg;3215_SLS\desa_3215072002.geojson;32150720020037;71.05%;sama;45;0;0
072 KOTABARU\desa_3215072002.gpkg;3215_SLS\desa_3215072002.geojson;32150720020034;94.26%;sama;45;0;0
072 KOTABARU\desa_3215072002.gpkg;3215_SLS\desa_3215072002.geojson;32150720020031;94.61%;sama;45;0;0
072 KOTABARU\desa_3215072002.gpkg;3215_SLS\desa_3215072002.geojson;32150720020001;100.0%;sama;45;0;0
072 KOTABARU\desa_3215072002.gpkg;3215_SLS\desa_3215072002.geojson;32150720020005;100.0%;sama;45;0;0
072 KOTABARU\desa_3215072002.gpkg;3215_SLS\desa_3215072002.geojson;32150720020016;100.0%;sama;45;0;0
072 KOTABARU\desa_3215072002.gpkg;3215_SLS\desa_3215072002.geojson;32150720020014;94.82%;sama;45;0;0
072 KOTABARU\desa_3215072002.gpkg;3215_SLS\desa_3215072002.geojson;32150720020013;100.0%;sama;45;0;0
072 KOTABARU\desa_3215072002.gpkg;3215_SLS\desa_3215072002.geojson;32150720020026;100.0%;sama;45;0;0
072 KOTABARU\desa_3215072002.gpkg;3215_SLS\desa_3215072002.geojson;32150720020040;100.0%;sama;45;0;0
072 KOTABARU\desa_3215072002.gpkg;3215_SLS\desa_3215072002.geojson;32150720020021;100.0%;sama;45;0;0
072 KOTABARU\desa_3215072002.gpkg;3215_SLS\desa_3215072002.geojson;32150720020027;100.0%;sama;45;0;0
072 KOTABARU\desa_3215072002.gpkg;3215_SLS\desa_3215072002.geojson;32150720020028;100.0%;sama;45;0;0
072 KOTABARU\desa_3215072002.gpkg;3215_SLS\desa_3215072002.geojson;32150720020002;100.0%;sama;45;0;0
072 KOTABARU\desa_3215072002.gpkg;3215_SLS\desa_3215072002.geojson;32150720020008;100.0%;sama;45;0;0
072 KOTABARU\desa_3215072002.gpkg;3215_SLS\desa_3215072002.geojson;32150720020010;89.45%;sama;45;0;0
072 KOTABARU\desa_3215072002.gpkg;3215_SLS\desa_3215072002.geojson;32150720020030;100.0%;sama;45;0;0
072 KOTABARU\desa_3215072002.gpkg;3215_SLS\desa_3215072002.geojson;32150720020023;91.6%;sama;45;0;0
072 KOTABARU\desa_3215072002.gpkg;3215_SLS\desa_3215072002.geojson;32150720020024;100.0%;sama;45;0;0
072 KOTABARU\desa_3215072002.gpkg;3215_SLS\desa_3215072002.geojson;32150720020042;71.5%;sama;45;0;0
072 KOTABARU\desa_3215072002.gpkg;3215_SLS\desa_3215072002.geojson;32150720020029;97.82%;sama;45;0;0
072 KOTABARU\desa_3215072002.gpkg;3215_SLS\desa_3215072002.geojson;32150720020007;100.0%;sama;45;0;0
072 KOTABARU\desa_3215072002.gpkg;3215_SLS\desa_3215072002.geojson;32150720020036;95.16%;sama;45;0;0
072 KOTABARU\desa_3215072002.gpkg;3215_SLS\desa_3215072002.geojson;32150720020025;100.0%;sama;45;0;0
072 KOTABARU\desa_3215072002.gpkg;3215_SLS\desa_3215072002.geojson;32150720020043;93.88%;sama;45;0;0
072 KOTABARU\desa_3215072002.gpkg;3215_SLS\desa_3215072002.geojson;32150720020033;100.0%;sama;45;0;0
072 KOTABARU\desa_3215072002.gpkg;3215_SLS\desa_3215072002.geojson;32150720020012;100.0%;sama;45;0;0
072 KOTABARU\desa_3215072002.gpkg;3215_SLS\desa_3215072002.geojson;32150720020004;100.0%;sama;45;0;0
072 KOTABARU\desa_3215072002.gpkg;3215_SLS\desa_3215072002.geojson;32150720020039;100.0%;sama;45;0;0
072 KOTABARU\desa_3215072002.gpkg;3215_SLS\desa_3215072002.geojson;32150720020022;87.0%;sama;45;0;0
072 KOTABARU\desa_3215072002.gpkg;3215_SLS\desa_3215072002.geojson;32150720020032;100.0%;sama;45;0;0
072 KOTABARU\desa_3215072002.gpkg;3215_SLS\desa_3215072002.geojson;32150720020020;100.0%;sama;45;0;0
072 KOTABARU\desa_3215072002.gpkg;3215_SLS\desa_3215072002.geojson;32150720020003;100.0%;sama;45;0;0
072 KOTABARU\desa_3215072002.gpkg;3215_SLS\desa_3215072002.geojson;32150720020035;87.23%;sama;45;0;0
072 KOTABARU\desa_3215072002.gpkg;3215_SLS\desa_3215072002.geojson;32150720020015;100.0%;sama;45;0;0
072 KOTABARU\desa_3215072002.gpkg;3215_SLS\desa_3215072002.geojson;32150720020038;100.0%;sama;45;0;0
072 KOTABARU\desa_3215072002.gpkg;3215_SLS\desa_3215072002.geojson;32150720020009;100.0%;sama;45;0;0
072 KOTABARU\desa_3215072002.gpkg;3215_SLS\desa_3215072002.geojson;32150720020017;93.5%;sama;45;0;0
072 KOTABARU\desa_3215072002.gpkg;3215_SLS\desa_3215072002.geojson;32150720020019;97.19%;sama;45;0;0
072 KOTABARU\desa_3215072002.gpkg;3215_SLS\desa_3215072002.geojson;32150720020041;100.0%;sama;45;0;0
072 KOTABARU\desa_3215072002.gpkg;3215_SLS\desa_3215072002.geojson;32150720020011;100.0%;sama;45;0;0
072 KOTABARU\desa_3215072002.gpkg;3215_SLS\desa_3215072002.geojson;32150720020018;100.0%;sama;45;0;0
072 KOTABARU\desa_3215072002.gpkg;3215_SLS\desa_3215072002.geojson;32150720020006;100.0%;sama;45;0;0
072 KOTABARU\desa_3215072008.gpkg;3215_SLS\desa_3215072008.geojson;32150720080035;100.0%;sama;55;0;0
072 KOTABARU\desa_3215072008.gpkg;3215_SLS\desa_3215072008.geojson;32150720080012;100.0%;sama;55;0;0
072 KOTABARU\desa_3215072008.gpkg;3215_SLS\desa_3215072008.geojson;32150720080040;100.0%;sama;55;0;0
072 KOTABARU\desa_3215072008.gpkg;3215_SLS\desa_3215072008.geojson;32150720080029;100.0%;sama;55;0;0
072 KOTABARU\desa_3215072008.gpkg;3215_SLS\desa_3215072008.geojson;32150720080004;100.0%;sama;55;0;0
072 KOTABARU\desa_3215072008.gpkg;3215_SLS\desa_3215072008.geojson;32150720081002;100.0%;sama;55;0;0
072 KOTABARU\desa_3215072008.gpkg;3215_SLS\desa_3215072008.geojson;32150720080050;100.0%;sama;55;0;0
072 KOTABARU\desa_3215072008.gpkg;3215_SLS\desa_3215072008.geojson;32150720080036;98.34%;sama;55;0;0
072 KOTABARU\desa_3215072008.gpkg;3215_SLS\desa_3215072008.geojson;32150720080003;100.0%;sama;55;0;0
072 KOTABARU\desa_3215072008.gpkg;3215_SLS\desa_3215072008.geojson;32150720080013;100.0%;sama;55;0;0
072 KOTABARU\desa_3215072008.gpkg;3215_SLS\desa_3215072008.geojson;32150720080033;100.0%;sama;55;0;0
072 KOTABARU\desa_3215072008.gpkg;3215_SLS\desa_3215072008.geojson;32150720080027;99.5%;sama;55;0;0
072 KOTABARU\desa_3215072008.gpkg;3215_SLS\desa_3215072008.geojson;32150720080016;100.0%;sama;55;0;0
072 KOTABARU\desa_3215072008.gpkg;3215_SLS\desa_3215072008.geojson;32150720080045;100.0%;sama;55;0;0
072 KOTABARU\desa_3215072008.gpkg;3215_SLS\desa_3215072008.geojson;32150720080042;100.0%;sama;55;0;0
072 KOTABARU\desa_3215072008.gpkg;3215_SLS\desa_3215072008.geojson;32150720081003;100.0%;sama;55;0;0
072 KOTABARU\desa_3215072008.gpkg;3215_SLS\desa_3215072008.geojson;32150720080002;100.0%;sama;55;0;0
072 KOTABARU\desa_3215072008.gpkg;3215_SLS\desa_3215072008.geojson;32150720080037;100.0%;sama;55;0;0
072 KOTABARU\desa_3215072008.gpkg;3215_SLS\desa_3215072008.geojson;32150720080009;100.0%;sama;55;0;0
072 KOTABARU\desa_3215072008.gpkg;3215_SLS\desa_3215072008.geojson;32150720080015;91.88%;sama;55;0;0
072 KOTABARU\desa_3215072008.gpkg;3215_SLS\desa_3215072008.geojson;32150720080008;95.25%;sama;55;0;0
072 KOTABARU\desa_3215072008.gpkg;3215_SLS\desa_3215072008.geojson;32150720080014;97.9%;sama;55;0;0
072 KOTABARU\desa_3215072008.gpkg;3215_SLS\desa_3215072008.geojson;32150720080018;95.4%;sama;55;0;0
072 KOTABARU\desa_3215072008.gpkg;3215_SLS\desa_3215072008.geojson;32150720080010;100.0%;sama;55;0;0
072 KOTABARU\desa_3215072008.gpkg;3215_SLS\desa_3215072008.geojson;32150720080032;100.0%;sama;55;0;0
072 KOTABARU\desa_3215072008.gpkg;3215_SLS\desa_3215072008.geojson;32150720080034;100.0%;sama;55;0;0
072 KOTABARU\desa_3215072008.gpkg;3215_SLS\desa_3215072008.geojson;32150720082001;92.1%;sama;55;0;0
072 KOTABARU\desa_3215072008.gpkg;3215_SLS\desa_3215072008.geojson;32150720080020;100.0%;sama;55;0;0
072 KOTABARU\desa_3215072008.gpkg;3215_SLS\desa_3215072008.geojson;32150720080038;100.0%;sama;55;0;0
072 KOTABARU\desa_3215072008.gpkg;3215_SLS\desa_3215072008.geojson;32150720080049;100.0%;sama;55;0;0
072 KOTABARU\desa_3215072008.gpkg;3215_SLS\desa_3215072008.geojson;32150720080051;100.0%;sama;55;0;0
072 KOTABARU\desa_3215072008.gpkg;3215_SLS\desa_3215072008.geojson;32150720080041;100.0%;sama;55;0;0
072 KOTABARU\desa_3215072008.gpkg;3215_SLS\desa_3215072008.geojson;32150720080024;94.37%;sama;55;0;0
072 KOTABARU\desa_3215072008.gpkg;3215_SLS\desa_3215072008.geojson;32150720080052;89.64%;sama;55;0;0
072 KOTABARU\desa_3215072008.gpkg;3215_SLS\desa_3215072008.geojson;32150720080001;100.0%;sama;55;0;0
072 KOTABARU\desa_3215072008.gpkg;3215_SLS\desa_3215072008.geojson;32150720080022;96.24%;sama;55;0;0
072 KOTABARU\desa_3215072008.gpkg;3215_SLS\desa_3215072008.geojson;32150720080039;100.0%;sama;55;0;0
072 KOTABARU\desa_3215072008.gpkg;3215_SLS\desa_3215072008.geojson;32150720080028;100.0%;sama;55;0;0
072 KOTABARU\desa_3215072008.gpkg;3215_SLS\desa_3215072008.geojson;32150720080005;88.54%;sama;55;0;0
072 KOTABARU\desa_3215072008.gpkg;3215_SLS\desa_3215072008.geojson;32150720080017;99.21%;sama;55;0;0
072 KOTABARU\desa_3215072008.gpkg;3215_SLS\desa_3215072008.geojson;32150720080019;100.0%;sama;55;0;0
072 KOTABARU\desa_3215072008.gpkg;3215_SLS\desa_3215072008.geojson;32150720080030;100.0%;sama;55;0;0
072 KOTABARU\desa_3215072008.gpkg;3215_SLS\desa_3215072008.geojson;32150720080025;100.0%;sama;55;0;0
072 KOTABARU\desa_3215072008.gpkg;3215_SLS\desa_3215072008.geojson;32150720080048;100.0%;sama;55;0;0
072 KOTABARU\desa_3215072008.gpkg;3215_SLS\desa_3215072008.geojson;32150720080021;94.66%;sama;55;0;0
072 KOTABARU\desa_3215072008.gpkg;3215_SLS\desa_3215072008.geojson;32150720080046;100.0%;sama;55;0;0
072 KOTABARU\desa_3215072008.gpkg;3215_SLS\desa_3215072008.geojson;32150720080043;93.7%;sama;55;0;0
072 KOTABARU\desa_3215072008.gpkg;3215_SLS\desa_3215072008.geojson;32150720080023;97.5%;sama;55;0;0
072 KOTABARU\desa_3215072008.gpkg;3215_SLS\desa_3215072008.geojson;32150720080026;100.0%;sama;55;0;0
072 KOTABARU\desa_3215072008.gpkg;3215_SLS\desa_3215072008.geojson;32150720080011;100.0%;sama;55;0;0
072 KOTABARU\desa_3215072008.gpkg;3215_SLS\desa_3215072008.geojson;32150720080047;100.0%;sama;55;0;0
072 KOTABARU\desa_3215072008.gpkg;3215_SLS\desa_3215072008.geojson;32150720080006;92.91%;sama;55;0;0
072 KOTABARU\desa_3215072008.gpkg;3215_SLS\desa_3215072008.geojson;32150720080044;100.0%;sama;55;0;0
072 KOTABARU\desa_3215072008.gpkg;3215_SLS\desa_3215072008.geojson;32150720080031;100.0%;sama;55;0;0
072 KOTABARU\desa_3215072008.gpkg;3215_SLS\desa_3215072008.geojson;32150720080007;89.5%;sama;55;0;0
072 KOTABARU\desa_3215072006.gpkg;3215_SLS\desa_3215072006.geojson;32150720060006;87.21%;sama;22;0;0
072 KOTABARU\desa_3215072006.gpkg;3215_SLS\desa_3215072006.geojson;32150720063001;100.0%;sama;22;0;0
072 KOTABARU\desa_3215072006.gpkg;3215_SLS\desa_3215072006.geojson;32150720061002;100.0%;sama;22;0;0
072 KOTABARU\desa_3215072006.gpkg;3215_SLS\desa_3215072006.geojson;32150720060003;92.83%;sama;22;0;0
072 KOTABARU\desa_3215072006.gpkg;3215_SLS\desa_3215072006.geojson;32150720060012;97.06%;sama;22;0;0
072 KOTABARU\desa_3215072006.gpkg;3215_SLS\desa_3215072006.geojson;32150720061006;100.0%;sama;22;0;0
072 KOTABARU\desa_3215072006.gpkg;3215_SLS\desa_3215072006.geojson;32150720060011;100.0%;sama;22;0;0
072 KOTABARU\desa_3215072006.gpkg;3215_SLS\desa_3215072006.geojson;32150720061004;99.37%;sama;22;0;0
072 KOTABARU\desa_3215072006.gpkg;3215_SLS\desa_3215072006.geojson;32150720060004;100.0%;sama;22;0;0
072 KOTABARU\desa_3215072006.gpkg;3215_SLS\desa_3215072006.geojson;32150720060010;100.0%;sama;22;0;0
072 KOTABARU\desa_3215072006.gpkg;3215_SLS\desa_3215072006.geojson;32150720060016;100.0%;sama;22;0;0
072 KOTABARU\desa_3215072006.gpkg;3215_SLS\desa_3215072006.geojson;32150720060015;100.0%;sama;22;0;0
072 KOTABARU\desa_3215072006.gpkg;3215_SLS\desa_3215072006.geojson;32150720060008;100.0%;sama;22;0;0
072 KOTABARU\desa_3215072006.gpkg;3215_SLS\desa_3215072006.geojson;32150720060007;100.0%;sama;22;0;0
072 KOTABARU\desa_3215072006.gpkg;3215_SLS\desa_3215072006.geojson;32150720060013;100.0%;sama;22;0;0
072 KOTABARU\desa_3215072006.gpkg;3215_SLS\desa_3215072006.geojson;32150720060014;100.0%;sama;22;0;0
072 KOTABARU\desa_3215072006.gpkg;3215_SLS\desa_3215072006.geojson;32150720060005;100.0%;sama;22;0;0
072 KOTABARU\desa_3215072006.gpkg;3215_SLS\desa_3215072006.geojson;32150720061005;100.0%;sama;22;0;0
072 KOTABARU\desa_3215072006.gpkg;3215_SLS\desa_3215072006.geojson;32150720061003;100.0%;sama;22;0;0
072 KOTABARU\desa_3215072006.gpkg;3215_SLS\desa_3215072006.geojson;32150720060002;100.0%;sama;22;0;0
072 KOTABARU\desa_3215072006.gpkg;3215_SLS\desa_3215072006.geojson;32150720060009;100.0%;sama;22;0;0
072 KOTABARU\desa_3215072006.gpkg;3215_SLS\desa_3215072006.geojson;32150720060001;100.0%;sama;22;0;0
072 KOTABARU\desa_3215072007.gpkg;3215_SLS\desa_3215072007.geojson;32150720070010;100.0%;sama;56;0;0
072 KOTABARU\desa_3215072007.gpkg;3215_SLS\desa_3215072007.geojson;32150720070019;100.0%;sama;56;0;0
072 KOTABARU\desa_3215072007.gpkg;3215_SLS\desa_3215072007.geojson;32150720070017;100.0%;sama;56;0;0
072 KOTABARU\desa_3215072007.gpkg;3215_SLS\desa_3215072007.geojson;32150720070006;100.0%;sama;56;0;0
072 KOTABARU\desa_3215072007.gpkg;3215_SLS\desa_3215072007.geojson;32150720070013;100.0%;sama;56;0;0
072 KOTABARU\desa_3215072007.gpkg;3215_SLS\desa_3215072007.geojson;32150720070004;100.0%;sama;56;0;0
072 KOTABARU\desa_3215072007.gpkg;3215_SLS\desa_3215072007.geojson;32150720070032;100.0%;sama;56;0;0
072 KOTABARU\desa_3215072007.gpkg;3215_SLS\desa_3215072007.geojson;32150720070033;100.0%;sama;56;0;0
072 KOTABARU\desa_3215072007.gpkg;3215_SLS\desa_3215072007.geojson;32150720070028;100.0%;sama;56;0;0
072 KOTABARU\desa_3215072007.gpkg;3215_SLS\desa_3215072007.geojson;32150720070049;100.0%;sama;56;0;0
072 KOTABARU\desa_3215072007.gpkg;3215_SLS\desa_3215072007.geojson;32150720070012;100.0%;sama;56;0;0
072 KOTABARU\desa_3215072007.gpkg;3215_SLS\desa_3215072007.geojson;32150720070037;100.0%;sama;56;0;0
072 KOTABARU\desa_3215072007.gpkg;3215_SLS\desa_3215072007.geojson;32150720070018;100.0%;sama;56;0;0
072 KOTABARU\desa_3215072007.gpkg;3215_SLS\desa_3215072007.geojson;32150720070021;100.0%;sama;56;0;0
072 KOTABARU\desa_3215072007.gpkg;3215_SLS\desa_3215072007.geojson;32150720070045;100.0%;sama;56;0;0
072 KOTABARU\desa_3215072007.gpkg;3215_SLS\desa_3215072007.geojson;32150720071011;100.0%;sama;56;0;0
072 KOTABARU\desa_3215072007.gpkg;3215_SLS\desa_3215072007.geojson;32150720070034;100.0%;sama;56;0;0
072 KOTABARU\desa_3215072007.gpkg;3215_SLS\desa_3215072007.geojson;32150720070044;100.0%;sama;56;0;0
072 KOTABARU\desa_3215072007.gpkg;3215_SLS\desa_3215072007.geojson;32150720070023;100.0%;sama;56;0;0
072 KOTABARU\desa_3215072007.gpkg;3215_SLS\desa_3215072007.geojson;32150720071004;100.0%;sama;56;0;0
072 KOTABARU\desa_3215072007.gpkg;3215_SLS\desa_3215072007.geojson;32150720071001;100.0%;sama;56;0;0
072 KOTABARU\desa_3215072007.gpkg;3215_SLS\desa_3215072007.geojson;32150720070015;100.0%;sama;56;0;0
072 KOTABARU\desa_3215072007.gpkg;3215_SLS\desa_3215072007.geojson;32150720070038;100.0%;sama;56;0;0
072 KOTABARU\desa_3215072007.gpkg;3215_SLS\desa_3215072007.geojson;32150720070042;100.0%;sama;56;0;0
072 KOTABARU\desa_3215072007.gpkg;3215_SLS\desa_3215072007.geojson;32150720070014;100.0%;sama;56;0;0
072 KOTABARU\desa_3215072007.gpkg;3215_SLS\desa_3215072007.geojson;32150720070031;100.0%;sama;56;0;0
072 KOTABARU\desa_3215072007.gpkg;3215_SLS\desa_3215072007.geojson;32150720070046;100.0%;sama;56;0;0
072 KOTABARU\desa_3215072007.gpkg;3215_SLS\desa_3215072007.geojson;32150720070040;100.0%;sama;56;0;0
072 KOTABARU\desa_3215072007.gpkg;3215_SLS\desa_3215072007.geojson;32150720070022;100.0%;sama;56;0;0
072 KOTABARU\desa_3215072007.gpkg;3215_SLS\desa_3215072007.geojson;32150720070009;100.0%;sama;56;0;0
072 KOTABARU\desa_3215072007.gpkg;3215_SLS\desa_3215072007.geojson;32150720070001;100.0%;sama;56;0;0
072 KOTABARU\desa_3215072007.gpkg;3215_SLS\desa_3215072007.geojson;32150720070039;100.0%;sama;56;0;0
072 KOTABARU\desa_3215072007.gpkg;3215_SLS\desa_3215072007.geojson;32150720070030;100.0%;sama;56;0;0
072 KOTABARU\desa_3215072007.gpkg;3215_SLS\desa_3215072007.geojson;32150720070025;100.0%;sama;56;0;0
072 KOTABARU\desa_3215072007.gpkg;3215_SLS\desa_3215072007.geojson;32150720070035;100.0%;sama;56;0;0
072 KOTABARU\desa_3215072007.gpkg;3215_SLS\desa_3215072007.geojson;32150720070007;100.0%;sama;56;0;0
072 KOTABARU\desa_3215072007.gpkg;3215_SLS\desa_3215072007.geojson;32150720074006;100.0%;sama;56;0;0
072 KOTABARU\desa_3215072007.gpkg;3215_SLS\desa_3215072007.geojson;32150720070003;100.0%;sama;56;0;0
072 KOTABARU\desa_3215072007.gpkg;3215_SLS\desa_3215072007.geojson;32150720071003;100.0%;sama;56;0;0
072 KOTABARU\desa_3215072007.gpkg;3215_SLS\desa_3215072007.geojson;32150720070029;100.0%;sama;56;0;0
072 KOTABARU\desa_3215072007.gpkg;3215_SLS\desa_3215072007.geojson;32150720071002;100.0%;sama;56;0;0
072 KOTABARU\desa_3215072007.gpkg;3215_SLS\desa_3215072007.geojson;32150720070043;100.0%;sama;56;0;0
072 KOTABARU\desa_3215072007.gpkg;3215_SLS\desa_3215072007.geojson;32150720070041;100.0%;sama;56;0;0
072 KOTABARU\desa_3215072007.gpkg;3215_SLS\desa_3215072007.geojson;32150720070047;100.0%;sama;56;0;0
072 KOTABARU\desa_3215072007.gpkg;3215_SLS\desa_3215072007.geojson;32150720071010;100.0%;sama;56;0;0
072 KOTABARU\desa_3215072007.gpkg;3215_SLS\desa_3215072007.geojson;32150720070036;100.0%;sama;56;0;0
072 KOTABARU\desa_3215072007.gpkg;3215_SLS\desa_3215072007.geojson;32150720070008;100.0%;sama;56;0;0
072 KOTABARU\desa_3215072007.gpkg;3215_SLS\desa_3215072007.geojson;32150720070002;100.0%;sama;56;0;0
072 KOTABARU\desa_3215072007.gpkg;3215_SLS\desa_3215072007.geojson;32150720070026;100.0%;sama;56;0;0
072 KOTABARU\desa_3215072007.gpkg;3215_SLS\desa_3215072007.geojson;32150720070020;100.0%;sama;56;0;0
072 KOTABARU\desa_3215072007.gpkg;3215_SLS\desa_3215072007.geojson;32150720070048;100.0%;sama;56;0;0
072 KOTABARU\desa_3215072007.gpkg;3215_SLS\desa_3215072007.geojson;32150720070016;100.0%;sama;56;0;0
072 KOTABARU\desa_3215072007.gpkg;3215_SLS\desa_3215072007.geojson;32150720070024;100.0%;sama;56;0;0
072 KOTABARU\desa_3215072007.gpkg;3215_SLS\desa_3215072007.geojson;32150720070005;100.0%;sama;56;0;0
072 KOTABARU\desa_3215072007.gpkg;3215_SLS\desa_3215072007.geojson;32150720070011;100.0%;sama;56;0;0
072 KOTABARU\desa_3215072007.gpkg;3215_SLS\desa_3215072007.geojson;32150720070027;100.0%;sama;56;0;0
072 KOTABARU\desa_3215072009.gpkg;3215_SLS\desa_3215072009.geojson;32150720090040;81.94%;sama;71;0;0
072 KOTABARU\desa_3215072009.gpkg;3215_SLS\desa_3215072009.geojson;32150720090009;100.0%;sama;71;0;0
072 KOTABARU\desa_3215072009.gpkg;3215_SLS\desa_3215072009.geojson;32150720090045;100.0%;sama;71;0;0
072 KOTABARU\desa_3215072009.gpkg;3215_SLS\desa_3215072009.geojson;32150720090052;100.0%;sama;71;0;0
072 KOTABARU\desa_3215072009.gpkg;3215_SLS\desa_3215072009.geojson;32150720090038;100.0%;sama;71;0;0
072 KOTABARU\desa_3215072009.gpkg;3215_SLS\desa_3215072009.geojson;32150720090013;100.0%;sama;71;0;0
072 KOTABARU\desa_3215072009.gpkg;3215_SLS\desa_3215072009.geojson;32150720090053;94.81%;sama;71;0;0
072 KOTABARU\desa_3215072009.gpkg;3215_SLS\desa_3215072009.geojson;32150720090036;100.0%;sama;71;0;0
072 KOTABARU\desa_3215072009.gpkg;3215_SLS\desa_3215072009.geojson;32150720090022;58.78%;sama;71;0;0
072 KOTABARU\desa_3215072009.gpkg;3215_SLS\desa_3215072009.geojson;32150720090064;76.46%;sama;71;0;0
072 KOTABARU\desa_3215072009.gpkg;3215_SLS\desa_3215072009.geojson;32150720090051;100.0%;sama;71;0;0
072 KOTABARU\desa_3215072009.gpkg;3215_SLS\desa_3215072009.geojson;32150720090057;72.83%;sama;71;0;0
072 KOTABARU\desa_3215072009.gpkg;3215_SLS\desa_3215072009.geojson;32150720090066;100.0%;sama;71;0;0
072 KOTABARU\desa_3215072009.gpkg;3215_SLS\desa_3215072009.geojson;32150720090056;41.1%;sama;71;0;0
072 KOTABARU\desa_3215072009.gpkg;3215_SLS\desa_3215072009.geojson;32150720090030;100.0%;sama;71;0;0
072 KOTABARU\desa_3215072009.gpkg;3215_SLS\desa_3215072009.geojson;32150720090019;100.0%;sama;71;0;0
072 KOTABARU\desa_3215072009.gpkg;3215_SLS\desa_3215072009.geojson;32150720090065;27.83%;sama;71;0;0
072 KOTABARU\desa_3215072009.gpkg;3215_SLS\desa_3215072009.geojson;32150720090043;100.0%;sama;71;0;0
072 KOTABARU\desa_3215072009.gpkg;3215_SLS\desa_3215072009.geojson;32150720090031;100.0%;sama;71;0;0
072 KOTABARU\desa_3215072009.gpkg;3215_SLS\desa_3215072009.geojson;32150720090015;100.0%;sama;71;0;0
072 KOTABARU\desa_3215072009.gpkg;3215_SLS\desa_3215072009.geojson;32150720090055;100.0%;sama;71;0;0
072 KOTABARU\desa_3215072009.gpkg;3215_SLS\desa_3215072009.geojson;32150720090063;98.49%;sama;71;0;0
072 KOTABARU\desa_3215072009.gpkg;3215_SLS\desa_3215072009.geojson;32150720090028;88.83%;sama;71;0;0
072 KOTABARU\desa_3215072009.gpkg;3215_SLS\desa_3215072009.geojson;32150720090037;100.0%;sama;71;0;0
072 KOTABARU\desa_3215072009.gpkg;3215_SLS\desa_3215072009.geojson;32150720090039;100.0%;sama;71;0;0
072 KOTABARU\desa_3215072009.gpkg;3215_SLS\desa_3215072009.geojson;32150720090049;99.68%;sama;71;0;0
072 KOTABARU\desa_3215072009.gpkg;3215_SLS\desa_3215072009.geojson;32150720090024;86.74%;sama;71;0;0
072 KOTABARU\desa_3215072009.gpkg;3215_SLS\desa_3215072009.geojson;32150720090002;100.0%;sama;71;0;0
072 KOTABARU\desa_3215072009.gpkg;3215_SLS\desa_3215072009.geojson;32150720090016;100.0%;sama;71;0;0
072 KOTABARU\desa_3215072009.gpkg;3215_SLS\desa_3215072009.geojson;32150720090054;99.07%;sama;71;0;0
072 KOTABARU\desa_3215072009.gpkg;3215_SLS\desa_3215072009.geojson;32150720090018;92.76%;sama;71;0;0
072 KOTABARU\desa_3215072009.gpkg;3215_SLS\desa_3215072009.geojson;32150720090050;92.4%;sama;71;0;0
072 KOTABARU\desa_3215072009.gpkg;3215_SLS\desa_3215072009.geojson;32150720090026;100.0%;sama;71;0;0
072 KOTABARU\desa_3215072009.gpkg;3215_SLS\desa_3215072009.geojson;32150720090010;100.0%;sama;71;0;0
072 KOTABARU\desa_3215072009.gpkg;3215_SLS\desa_3215072009.geojson;32150720090061;100.0%;sama;71;0;0
072 KOTABARU\desa_3215072009.gpkg;3215_SLS\desa_3215072009.geojson;32150720090046;100.0%;sama;71;0;0
072 KOTABARU\desa_3215072009.gpkg;3215_SLS\desa_3215072009.geojson;32150720090023;100.0%;sama;71;0;0
072 KOTABARU\desa_3215072009.gpkg;3215_SLS\desa_3215072009.geojson;32150720090017;82.45%;sama;71;0;0
072 KOTABARU\desa_3215072009.gpkg;3215_SLS\desa_3215072009.geojson;32150720090034;88.43%;sama;71;0;0
072 KOTABARU\desa_3215072009.gpkg;3215_SLS\desa_3215072009.geojson;32150720090006;100.0%;sama;71;0;0
072 KOTABARU\desa_3215072009.gpkg;3215_SLS\desa_3215072009.geojson;32150720090069;100.0%;sama;71;0;0
072 KOTABARU\desa_3215072009.gpkg;3215_SLS\desa_3215072009.geojson;32150720090025;96.64%;sama;71;0;0
072 KOTABARU\desa_3215072009.gpkg;3215_SLS\desa_3215072009.geojson;32150720090070;65.93%;sama;71;0;0
072 KOTABARU\desa_3215072009.gpkg;3215_SLS\desa_3215072009.geojson;32150720090011;100.0%;sama;71;0;0
072 KOTABARU\desa_3215072009.gpkg;3215_SLS\desa_3215072009.geojson;32150720090012;100.0%;sama;71;0;0
072 KOTABARU\desa_3215072009.gpkg;3215_SLS\desa_3215072009.geojson;32150720090047;100.0%;sama;71;0;0
072 KOTABARU\desa_3215072009.gpkg;3215_SLS\desa_3215072009.geojson;32150720090042;100.0%;sama;71;0;0
072 KOTABARU\desa_3215072009.gpkg;3215_SLS\desa_3215072009.geojson;32150720090027;99.61%;sama;71;0;0
072 KOTABARU\desa_3215072009.gpkg;3215_SLS\desa_3215072009.geojson;32150720090007;100.0%;sama;71;0;0
072 KOTABARU\desa_3215072009.gpkg;3215_SLS\desa_3215072009.geojson;32150720090041;91.05%;sama;71;0;0
072 KOTABARU\desa_3215072009.gpkg;3215_SLS\desa_3215072009.geojson;32150720090001;100.0%;sama;71;0;0
072 KOTABARU\desa_3215072009.gpkg;3215_SLS\desa_3215072009.geojson;32150720090004;52.93%;sama;71;0;0
072 KOTABARU\desa_3215072009.gpkg;3215_SLS\desa_3215072009.geojson;32150720090033;89.86%;sama;71;0;0
072 KOTABARU\desa_3215072009.gpkg;3215_SLS\desa_3215072009.geojson;32150720090044;100.0%;sama;71;0;0
072 KOTABARU\desa_3215072009.gpkg;3215_SLS\desa_3215072009.geojson;32150720090071;96.51%;sama;71;0;0
072 KOTABARU\desa_3215072009.gpkg;3215_SLS\desa_3215072009.geojson;32150720090068;73.12%;sama;71;0;0
072 KOTABARU\desa_3215072009.gpkg;3215_SLS\desa_3215072009.geojson;32150720090005;100.0%;sama;71;0;0
072 KOTABARU\desa_3215072009.gpkg;3215_SLS\desa_3215072009.geojson;32150720090032;98.01%;sama;71;0;0
072 KOTABARU\desa_3215072009.gpkg;3215_SLS\desa_3215072009.geojson;32150720090008;100.0%;sama;71;0;0
072 KOTABARU\desa_3215072009.gpkg;3215_SLS\desa_3215072009.geojson;32150720090014;100.0%;sama;71;0;0
072 KOTABARU\desa_3215072009.gpkg;3215_SLS\desa_3215072009.geojson;32150720090060;100.0%;sama;71;0;0
072 KOTABARU\desa_3215072009.gpkg;3215_SLS\desa_3215072009.geojson;32150720090048;100.0%;sama;71;0;0
072 KOTABARU\desa_3215072009.gpkg;3215_SLS\desa_3215072009.geojson;32150720090003;67.3%;sama;71;0;0
072 KOTABARU\desa_3215072009.gpkg;3215_SLS\desa_3215072009.geojson;32150720090020;100.0%;sama;71;0;0
072 KOTABARU\desa_3215072009.gpkg;3215_SLS\desa_3215072009.geojson;32150720090029;68.32%;sama;71;0;0
072 KOTABARU\desa_3215072009.gpkg;3215_SLS\desa_3215072009.geojson;32150720090021;100.0%;sama;71;0;0
072 KOTABARU\desa_3215072009.gpkg;3215_SLS\desa_3215072009.geojson;32150720090059;100.0%;sama;71;0;0
072 KOTABARU\desa_3215072009.gpkg;3215_SLS\desa_3215072009.geojson;32150720090062;98.34%;sama;71;0;0
072 KOTABARU\desa_3215072009.gpkg;3215_SLS\desa_3215072009.geojson;32150720090035;94.3%;sama;71;0;0
072 KOTABARU\desa_3215072009.gpkg;3215_SLS\desa_3215072009.geojson;32150720090067;74.0%;sama;71;0;0
072 KOTABARU\desa_3215072009.gpkg;3215_SLS\desa_3215072009.geojson;32150720090058;93.89%;sama;71;0;0
081 CILAMAYA WETAN\desa_3215081006.gpkg;3215_SLS\desa_3215081006.geojson;32150810060009;100.0%;sama;34;0;0
081 CILAMAYA WETAN\desa_3215081006.gpkg;3215_SLS\desa_3215081006.geojson;32150810060008;100.0%;sama;34;0;0
081 CILAMAYA WETAN\desa_3215081006.gpkg;3215_SLS\desa_3215081006.geojson;32150810060003;100.0%;sama;34;0;0
081 CILAMAYA WETAN\desa_3215081006.gpkg;3215_SLS\desa_3215081006.geojson;32150810060022;100.0%;sama;34;0;0
081 CILAMAYA WETAN\desa_3215081006.gpkg;3215_SLS\desa_3215081006.geojson;32150810060005;100.0%;sama;34;0;0
081 CILAMAYA WETAN\desa_3215081006.gpkg;3215_SLS\desa_3215081006.geojson;32150810060021;100.0%;sama;34;0;0
081 CILAMAYA WETAN\desa_3215081006.gpkg;3215_SLS\desa_3215081006.geojson;32150810060020;100.0%;sama;34;0;0
081 CILAMAYA WETAN\desa_3215081006.gpkg;3215_SLS\desa_3215081006.geojson;32150810060006;100.0%;sama;34;0;0
081 CILAMAYA WETAN\desa_3215081006.gpkg;3215_SLS\desa_3215081006.geojson;32150810060004;100.0%;sama;34;0;0
081 CILAMAYA WETAN\desa_3215081006.gpkg;3215_SLS\desa_3215081006.geojson;32150810060010;100.0%;sama;34;0;0
081 CILAMAYA WETAN\desa_3215081006.gpkg;3215_SLS\desa_3215081006.geojson;32150810060018;100.0%;sama;34;0;0
081 CILAMAYA WETAN\desa_3215081006.gpkg;3215_SLS\desa_3215081006.geojson;32150810060007;100.0%;sama;34;0;0
081 CILAMAYA WETAN\desa_3215081006.gpkg;3215_SLS\desa_3215081006.geojson;32150810060028;100.0%;sama;34;0;0
081 CILAMAYA WETAN\desa_3215081006.gpkg;3215_SLS\desa_3215081006.geojson;32150810060016;100.0%;sama;34;0;0
081 CILAMAYA WETAN\desa_3215081006.gpkg;3215_SLS\desa_3215081006.geojson;32150810060029;100.0%;sama;34;0;0
081 CILAMAYA WETAN\desa_3215081006.gpkg;3215_SLS\desa_3215081006.geojson;32150810060031;100.0%;sama;34;0;0
081 CILAMAYA WETAN\desa_3215081006.gpkg;3215_SLS\desa_3215081006.geojson;32150810060030;100.0%;sama;34;0;0
081 CILAMAYA WETAN\desa_3215081006.gpkg;3215_SLS\desa_3215081006.geojson;32150810060011;100.0%;sama;34;0;0
081 CILAMAYA WETAN\desa_3215081006.gpkg;3215_SLS\desa_3215081006.geojson;32150810060017;100.0%;sama;34;0;0
081 CILAMAYA WETAN\desa_3215081006.gpkg;3215_SLS\desa_3215081006.geojson;32150810060012;100.0%;sama;34;0;0
081 CILAMAYA WETAN\desa_3215081006.gpkg;3215_SLS\desa_3215081006.geojson;32150810060023;100.0%;sama;34;0;0
081 CILAMAYA WETAN\desa_3215081006.gpkg;3215_SLS\desa_3215081006.geojson;32150810060025;100.0%;sama;34;0;0
081 CILAMAYA WETAN\desa_3215081006.gpkg;3215_SLS\desa_3215081006.geojson;32150810061002;100.0%;sama;34;0;0
081 CILAMAYA WETAN\desa_3215081006.gpkg;3215_SLS\desa_3215081006.geojson;32150810060001;97.09%;sama;34;0;0
081 CILAMAYA WETAN\desa_3215081006.gpkg;3215_SLS\desa_3215081006.geojson;32150810061001;100.0%;sama;34;0;0
081 CILAMAYA WETAN\desa_3215081006.gpkg;3215_SLS\desa_3215081006.geojson;32150810060014;100.0%;sama;34;0;0
081 CILAMAYA WETAN\desa_3215081006.gpkg;3215_SLS\desa_3215081006.geojson;32150810060024;100.0%;sama;34;0;0
081 CILAMAYA WETAN\desa_3215081006.gpkg;3215_SLS\desa_3215081006.geojson;32150810060027;100.0%;sama;34;0;0
081 CILAMAYA WETAN\desa_3215081006.gpkg;3215_SLS\desa_3215081006.geojson;32150810060002;89.05%;sama;34;0;0
081 CILAMAYA WETAN\desa_3215081006.gpkg;3215_SLS\desa_3215081006.geojson;32150810061003;100.0%;sama;34;0;0
081 CILAMAYA WETAN\desa_3215081006.gpkg;3215_SLS\desa_3215081006.geojson;32150810060015;100.0%;sama;34;0;0
081 CILAMAYA WETAN\desa_3215081006.gpkg;3215_SLS\desa_3215081006.geojson;32150810060026;100.0%;sama;34;0;0
081 CILAMAYA WETAN\desa_3215081006.gpkg;3215_SLS\desa_3215081006.geojson;32150810060019;100.0%;sama;34;0;0
081 CILAMAYA WETAN\desa_3215081006.gpkg;3215_SLS\desa_3215081006.geojson;32150810060013;100.0%;sama;34;0;0
081 CILAMAYA WETAN\desa_3215081012.gpkg;3215_SLS\desa_3215081012.geojson;32150810120002;100.0%;sama;20;0;0
081 CILAMAYA WETAN\desa_3215081012.gpkg;3215_SLS\desa_3215081012.geojson;32150810120003;100.0%;sama;20;0;0
081 CILAMAYA WETAN\desa_3215081012.gpkg;3215_SLS\desa_3215081012.geojson;32150810120006;100.0%;sama;20;0;0
081 CILAMAYA WETAN\desa_3215081012.gpkg;3215_SLS\desa_3215081012.geojson;32150810120018;100.0%;sama;20;0;0
081 CILAMAYA WETAN\desa_3215081012.gpkg;3215_SLS\desa_3215081012.geojson;32150810120001;100.0%;sama;20;0;0
081 CILAMAYA WETAN\desa_3215081012.gpkg;3215_SLS\desa_3215081012.geojson;32150810120008;100.0%;sama;20;0;0
081 CILAMAYA WETAN\desa_3215081012.gpkg;3215_SLS\desa_3215081012.geojson;32150810120007;100.0%;sama;20;0;0
081 CILAMAYA WETAN\desa_3215081012.gpkg;3215_SLS\desa_3215081012.geojson;32150810126002;100.0%;sama;20;0;0
081 CILAMAYA WETAN\desa_3215081012.gpkg;3215_SLS\desa_3215081012.geojson;32150810120004;100.0%;sama;20;0;0
081 CILAMAYA WETAN\desa_3215081012.gpkg;3215_SLS\desa_3215081012.geojson;32150810120013;100.0%;sama;20;0;0
081 CILAMAYA WETAN\desa_3215081012.gpkg;3215_SLS\desa_3215081012.geojson;32150810121001;100.0%;sama;20;0;0
081 CILAMAYA WETAN\desa_3215081012.gpkg;3215_SLS\desa_3215081012.geojson;32150810120005;100.0%;sama;20;0;0
081 CILAMAYA WETAN\desa_3215081012.gpkg;3215_SLS\desa_3215081012.geojson;32150810120015;100.0%;sama;20;0;0
081 CILAMAYA WETAN\desa_3215081012.gpkg;3215_SLS\desa_3215081012.geojson;32150810120012;100.0%;sama;20;0;0
081 CILAMAYA WETAN\desa_3215081012.gpkg;3215_SLS\desa_3215081012.geojson;32150810120014;100.0%;sama;20;0;0
081 CILAMAYA WETAN\desa_3215081012.gpkg;3215_SLS\desa_3215081012.geojson;32150810120009;100.0%;sama;20;0;0
081 CILAMAYA WETAN\desa_3215081012.gpkg;3215_SLS\desa_3215081012.geojson;32150810120016;100.0%;sama;20;0;0
081 CILAMAYA WETAN\desa_3215081012.gpkg;3215_SLS\desa_3215081012.geojson;32150810120017;100.0%;sama;20;0;0
081 CILAMAYA WETAN\desa_3215081012.gpkg;3215_SLS\desa_3215081012.geojson;32150810120011;100.0%;sama;20;0;0
081 CILAMAYA WETAN\desa_3215081012.gpkg;3215_SLS\desa_3215081012.geojson;32150810120010;100.0%;sama;20;0;0
081 CILAMAYA WETAN\desa_3215081011.gpkg;3215_SLS\desa_3215081011.geojson;32150810110014;100.0%;sama;18;0;0
081 CILAMAYA WETAN\desa_3215081011.gpkg;3215_SLS\desa_3215081011.geojson;32150810110010;100.0%;sama;18;0;0
081 CILAMAYA WETAN\desa_3215081011.gpkg;3215_SLS\desa_3215081011.geojson;32150810111001;100.0%;sama;18;0;0
081 CILAMAYA WETAN\desa_3215081011.gpkg;3215_SLS\desa_3215081011.geojson;32150810110005;100.0%;sama;18;0;0
081 CILAMAYA WETAN\desa_3215081011.gpkg;3215_SLS\desa_3215081011.geojson;32150810110009;100.0%;sama;18;0;0
081 CILAMAYA WETAN\desa_3215081011.gpkg;3215_SLS\desa_3215081011.geojson;32150810110012;100.0%;sama;18;0;0
081 CILAMAYA WETAN\desa_3215081011.gpkg;3215_SLS\desa_3215081011.geojson;32150810110006;100.0%;sama;18;0;0
081 CILAMAYA WETAN\desa_3215081011.gpkg;3215_SLS\desa_3215081011.geojson;32150810110013;100.0%;sama;18;0;0
081 CILAMAYA WETAN\desa_3215081011.gpkg;3215_SLS\desa_3215081011.geojson;32150810116002;100.0%;sama;18;0;0
081 CILAMAYA WETAN\desa_3215081011.gpkg;3215_SLS\desa_3215081011.geojson;32150810110008;100.0%;sama;18;0;0
081 CILAMAYA WETAN\desa_3215081011.gpkg;3215_SLS\desa_3215081011.geojson;32150810110003;100.0%;sama;18;0;0
081 CILAMAYA WETAN\desa_3215081011.gpkg;3215_SLS\desa_3215081011.geojson;32150810110004;100.0%;sama;18;0;0
081 CILAMAYA WETAN\desa_3215081011.gpkg;3215_SLS\desa_3215081011.geojson;32150810110001;100.0%;sama;18;0;0
081 CILAMAYA WETAN\desa_3215081011.gpkg;3215_SLS\desa_3215081011.geojson;32150810110007;100.0%;sama;18;0;0
081 CILAMAYA WETAN\desa_3215081011.gpkg;3215_SLS\desa_3215081011.geojson;32150810110016;100.0%;sama;18;0;0
081 CILAMAYA WETAN\desa_3215081011.gpkg;3215_SLS\desa_3215081011.geojson;32150810110002;100.0%;sama;18;0;0
081 CILAMAYA WETAN\desa_3215081011.gpkg;3215_SLS\desa_3215081011.geojson;32150810110011;100.0%;sama;18;0;0
081 CILAMAYA WETAN\desa_3215081011.gpkg;3215_SLS\desa_3215081011.geojson;32150810110015;100.0%;sama;18;0;0
081 CILAMAYA WETAN\desa_3215081003.gpkg;3215_SLS\desa_3215081003.geojson;32150810031002;100.0%;sama;16;0;0
081 CILAMAYA WETAN\desa_3215081003.gpkg;3215_SLS\desa_3215081003.geojson;32150810030011;100.0%;sama;16;0;0
081 CILAMAYA WETAN\desa_3215081003.gpkg;3215_SLS\desa_3215081003.geojson;32150810030003;100.0%;sama;16;0;0
081 CILAMAYA WETAN\desa_3215081003.gpkg;3215_SLS\desa_3215081003.geojson;32150810030013;100.0%;sama;16;0;0
081 CILAMAYA WETAN\desa_3215081003.gpkg;3215_SLS\desa_3215081003.geojson;32150810030001;100.0%;sama;16;0;0
081 CILAMAYA WETAN\desa_3215081003.gpkg;3215_SLS\desa_3215081003.geojson;32150810030010;100.0%;sama;16;0;0
081 CILAMAYA WETAN\desa_3215081003.gpkg;3215_SLS\desa_3215081003.geojson;32150810030012;100.0%;sama;16;0;0
081 CILAMAYA WETAN\desa_3215081003.gpkg;3215_SLS\desa_3215081003.geojson;32150810030004;100.0%;sama;16;0;0
081 CILAMAYA WETAN\desa_3215081003.gpkg;3215_SLS\desa_3215081003.geojson;32150810030014;99.04%;sama;16;0;0
081 CILAMAYA WETAN\desa_3215081003.gpkg;3215_SLS\desa_3215081003.geojson;32150810031001;100.0%;sama;16;0;0
081 CILAMAYA WETAN\desa_3215081003.gpkg;3215_SLS\desa_3215081003.geojson;32150810030009;100.0%;sama;16;0;0
081 CILAMAYA WETAN\desa_3215081003.gpkg;3215_SLS\desa_3215081003.geojson;32150810030008;100.0%;sama;16;0;0
081 CILAMAYA WETAN\desa_3215081003.gpkg;3215_SLS\desa_3215081003.geojson;32150810030002;100.0%;sama;16;0;0
081 CILAMAYA WETAN\desa_3215081003.gpkg;3215_SLS\desa_3215081003.geojson;32150810030005;100.0%;sama;16;0;0
081 CILAMAYA WETAN\desa_3215081003.gpkg;3215_SLS\desa_3215081003.geojson;32150810030007;100.0%;sama;16;0;0
081 CILAMAYA WETAN\desa_3215081003.gpkg;3215_SLS\desa_3215081003.geojson;32150810030006;100.0%;sama;16;0;0
081 CILAMAYA WETAN\desa_3215081005.gpkg;3215_SLS\desa_3215081005.geojson;32150810050022;100.0%;sama;27;0;0
081 CILAMAYA WETAN\desa_3215081005.gpkg;3215_SLS\desa_3215081005.geojson;32150810050011;100.0%;sama;27;0;0
081 CILAMAYA WETAN\desa_3215081005.gpkg;3215_SLS\desa_3215081005.geojson;32150810050012;72.84%;sama;27;0;0
081 CILAMAYA WETAN\desa_3215081005.gpkg;3215_SLS\desa_3215081005.geojson;32150810050001;100.0%;sama;27;0;0
081 CILAMAYA WETAN\desa_3215081005.gpkg;3215_SLS\desa_3215081005.geojson;32150810050005;100.0%;sama;27;0;0
081 CILAMAYA WETAN\desa_3215081005.gpkg;3215_SLS\desa_3215081005.geojson;32150810050014;100.0%;sama;27;0;0
081 CILAMAYA WETAN\desa_3215081005.gpkg;3215_SLS\desa_3215081005.geojson;32150810050020;30.13%;sama;27;0;0
081 CILAMAYA WETAN\desa_3215081005.gpkg;3215_SLS\desa_3215081005.geojson;32150810050009;44.01%;sama;27;0;0
081 CILAMAYA WETAN\desa_3215081005.gpkg;3215_SLS\desa_3215081005.geojson;32150810050019;100.0%;sama;27;0;0
081 CILAMAYA WETAN\desa_3215081005.gpkg;3215_SLS\desa_3215081005.geojson;32150810050008;100.0%;sama;27;0;0
081 CILAMAYA WETAN\desa_3215081005.gpkg;3215_SLS\desa_3215081005.geojson;32150810050018;100.0%;sama;27;0;0
081 CILAMAYA WETAN\desa_3215081005.gpkg;3215_SLS\desa_3215081005.geojson;32150810050010;100.0%;sama;27;0;0
081 CILAMAYA WETAN\desa_3215081005.gpkg;3215_SLS\desa_3215081005.geojson;32150810051001;100.0%;sama;27;0;0
081 CILAMAYA WETAN\desa_3215081005.gpkg;3215_SLS\desa_3215081005.geojson;32150810050013;84.33%;sama;27;0;0
081 CILAMAYA WETAN\desa_3215081005.gpkg;3215_SLS\desa_3215081005.geojson;32150810051002;100.0%;sama;27;0;0
081 CILAMAYA WETAN\desa_3215081005.gpkg;3215_SLS\desa_3215081005.geojson;32150810050023;100.0%;sama;27;0;0
081 CILAMAYA WETAN\desa_3215081005.gpkg;3215_SLS\desa_3215081005.geojson;32150810050002;100.0%;sama;27;0;0
081 CILAMAYA WETAN\desa_3215081005.gpkg;3215_SLS\desa_3215081005.geojson;32150810050015;100.0%;sama;27;0;0
081 CILAMAYA WETAN\desa_3215081005.gpkg;3215_SLS\desa_3215081005.geojson;32150810050003;100.0%;sama;27;0;0
081 CILAMAYA WETAN\desa_3215081005.gpkg;3215_SLS\desa_3215081005.geojson;32150810050021;100.0%;sama;27;0;0
081 CILAMAYA WETAN\desa_3215081005.gpkg;3215_SLS\desa_3215081005.geojson;32150810050024;100.0%;sama;27;0;0
081 CILAMAYA WETAN\desa_3215081005.gpkg;3215_SLS\desa_3215081005.geojson;32150810050007;100.0%;sama;27;0;0
081 CILAMAYA WETAN\desa_3215081005.gpkg;3215_SLS\desa_3215081005.geojson;32150810050006;100.0%;sama;27;0;0
081 CILAMAYA WETAN\desa_3215081005.gpkg;3215_SLS\desa_3215081005.geojson;32150810050017;100.0%;sama;27;0;0
081 CILAMAYA WETAN\desa_3215081005.gpkg;3215_SLS\desa_3215081005.geojson;32150810050004;100.0%;sama;27;0;0
081 CILAMAYA WETAN\desa_3215081005.gpkg;3215_SLS\desa_3215081005.geojson;32150810051003;100.0%;sama;27;0;0
081 CILAMAYA WETAN\desa_3215081005.gpkg;3215_SLS\desa_3215081005.geojson;32150810050016;100.0%;sama;27;0;0
081 CILAMAYA WETAN\desa_3215081004.gpkg;3215_SLS\desa_3215081004.geojson;32150810040003;100.0%;sama;23;0;0
081 CILAMAYA WETAN\desa_3215081004.gpkg;3215_SLS\desa_3215081004.geojson;32150810040005;100.0%;sama;23;0;0
081 CILAMAYA WETAN\desa_3215081004.gpkg;3215_SLS\desa_3215081004.geojson;32150810040015;100.0%;sama;23;0;0
081 CILAMAYA WETAN\desa_3215081004.gpkg;3215_SLS\desa_3215081004.geojson;32150810040009;89.56%;sama;23;0;0
081 CILAMAYA WETAN\desa_3215081004.gpkg;3215_SLS\desa_3215081004.geojson;32150810040016;95.55%;sama;23;0;0
081 CILAMAYA WETAN\desa_3215081004.gpkg;3215_SLS\desa_3215081004.geojson;32150810040018;90.15%;sama;23;0;0
081 CILAMAYA WETAN\desa_3215081004.gpkg;3215_SLS\desa_3215081004.geojson;32150810040010;100.0%;sama;23;0;0
081 CILAMAYA WETAN\desa_3215081004.gpkg;3215_SLS\desa_3215081004.geojson;32150810040020;98.98%;sama;23;0;0
081 CILAMAYA WETAN\desa_3215081004.gpkg;3215_SLS\desa_3215081004.geojson;32150810040007;100.0%;sama;23;0;0
081 CILAMAYA WETAN\desa_3215081004.gpkg;3215_SLS\desa_3215081004.geojson;32150810040006;100.0%;sama;23;0;0
081 CILAMAYA WETAN\desa_3215081004.gpkg;3215_SLS\desa_3215081004.geojson;32150810040012;100.0%;sama;23;0;0
081 CILAMAYA WETAN\desa_3215081004.gpkg;3215_SLS\desa_3215081004.geojson;32150810040001;100.0%;sama;23;0;0
081 CILAMAYA WETAN\desa_3215081004.gpkg;3215_SLS\desa_3215081004.geojson;32150810040019;100.0%;sama;23;0;0
081 CILAMAYA WETAN\desa_3215081004.gpkg;3215_SLS\desa_3215081004.geojson;32150810040021;100.0%;sama;23;0;0
081 CILAMAYA WETAN\desa_3215081004.gpkg;3215_SLS\desa_3215081004.geojson;32150810040013;100.0%;sama;23;0;0
081 CILAMAYA WETAN\desa_3215081004.gpkg;3215_SLS\desa_3215081004.geojson;32150810040011;100.0%;sama;23;0;0
081 CILAMAYA WETAN\desa_3215081004.gpkg;3215_SLS\desa_3215081004.geojson;32150810040004;100.0%;sama;23;0;0
081 CILAMAYA WETAN\desa_3215081004.gpkg;3215_SLS\desa_3215081004.geojson;32150810041001;99.65%;sama;23;0;0
081 CILAMAYA WETAN\desa_3215081004.gpkg;3215_SLS\desa_3215081004.geojson;32150810040008;100.0%;sama;23;0;0
081 CILAMAYA WETAN\desa_3215081004.gpkg;3215_SLS\desa_3215081004.geojson;32150810040017;100.0%;sama;23;0;0
081 CILAMAYA WETAN\desa_3215081004.gpkg;3215_SLS\desa_3215081004.geojson;32150810040022;100.0%;sama;23;0;0
081 CILAMAYA WETAN\desa_3215081004.gpkg;3215_SLS\desa_3215081004.geojson;32150810040014;100.0%;sama;23;0;0
081 CILAMAYA WETAN\desa_3215081004.gpkg;3215_SLS\desa_3215081004.geojson;32150810040002;100.0%;sama;23;0;0
081 CILAMAYA WETAN\desa_3215081002.gpkg;3215_SLS\desa_3215081002.geojson;32150810020004;100.0%;sama;25;0;0
081 CILAMAYA WETAN\desa_3215081002.gpkg;3215_SLS\desa_3215081002.geojson;32150810020008;100.0%;sama;25;0;0
081 CILAMAYA WETAN\desa_3215081002.gpkg;3215_SLS\desa_3215081002.geojson;32150810020022;100.0%;sama;25;0;0
081 CILAMAYA WETAN\desa_3215081002.gpkg;3215_SLS\desa_3215081002.geojson;32150810020003;100.0%;sama;25;0;0
081 CILAMAYA WETAN\desa_3215081002.gpkg;3215_SLS\desa_3215081002.geojson;32150810020015;100.0%;sama;25;0;0
081 CILAMAYA WETAN\desa_3215081002.gpkg;3215_SLS\desa_3215081002.geojson;32150810020017;100.0%;sama;25;0;0
081 CILAMAYA WETAN\desa_3215081002.gpkg;3215_SLS\desa_3215081002.geojson;32150810020011;100.0%;sama;25;0;0
081 CILAMAYA WETAN\desa_3215081002.gpkg;3215_SLS\desa_3215081002.geojson;32150810020002;100.0%;sama;25;0;0
081 CILAMAYA WETAN\desa_3215081002.gpkg;3215_SLS\desa_3215081002.geojson;32150810020013;100.0%;sama;25;0;0
081 CILAMAYA WETAN\desa_3215081002.gpkg;3215_SLS\desa_3215081002.geojson;32150810020009;100.0%;sama;25;0;0
081 CILAMAYA WETAN\desa_3215081002.gpkg;3215_SLS\desa_3215081002.geojson;32150810020001;100.0%;sama;25;0;0
081 CILAMAYA WETAN\desa_3215081002.gpkg;3215_SLS\desa_3215081002.geojson;32150810020018;100.0%;sama;25;0;0
081 CILAMAYA WETAN\desa_3215081002.gpkg;3215_SLS\desa_3215081002.geojson;32150810020005;100.0%;sama;25;0;0
081 CILAMAYA WETAN\desa_3215081002.gpkg;3215_SLS\desa_3215081002.geojson;32150810020020;100.0%;sama;25;0;0
081 CILAMAYA WETAN\desa_3215081002.gpkg;3215_SLS\desa_3215081002.geojson;32150810020016;100.0%;sama;25;0;0
081 CILAMAYA WETAN\desa_3215081002.gpkg;3215_SLS\desa_3215081002.geojson;32150810020014;100.0%;sama;25;0;0
081 CILAMAYA WETAN\desa_3215081002.gpkg;3215_SLS\desa_3215081002.geojson;32150810020012;100.0%;sama;25;0;0
081 CILAMAYA WETAN\desa_3215081002.gpkg;3215_SLS\desa_3215081002.geojson;32150810020021;100.0%;sama;25;0;0
081 CILAMAYA WETAN\desa_3215081002.gpkg;3215_SLS\desa_3215081002.geojson;32150810021001;100.0%;sama;25;0;0
081 CILAMAYA WETAN\desa_3215081002.gpkg;3215_SLS\desa_3215081002.geojson;32150810020024;100.0%;sama;25;0;0
081 CILAMAYA WETAN\desa_3215081002.gpkg;3215_SLS\desa_3215081002.geojson;32150810020010;100.0%;sama;25;0;0
081 CILAMAYA WETAN\desa_3215081002.gpkg;3215_SLS\desa_3215081002.geojson;32150810020023;100.0%;sama;25;0;0
081 CILAMAYA WETAN\desa_3215081002.gpkg;3215_SLS\desa_3215081002.geojson;32150810020006;100.0%;sama;25;0;0
081 CILAMAYA WETAN\desa_3215081002.gpkg;3215_SLS\desa_3215081002.geojson;32150810020019;100.0%;sama;25;0;0
081 CILAMAYA WETAN\desa_3215081002.gpkg;3215_SLS\desa_3215081002.geojson;32150810020007;100.0%;sama;25;0;0
081 CILAMAYA WETAN\desa_3215081001.gpkg;3215_SLS\desa_3215081001.geojson;32150810010014;95.56%;sama;22;0;0
081 CILAMAYA WETAN\desa_3215081001.gpkg;3215_SLS\desa_3215081001.geojson;32150810010009;100.0%;sama;22;0;0
081 CILAMAYA WETAN\desa_3215081001.gpkg;3215_SLS\desa_3215081001.geojson;32150810010015;98.92%;sama;22;0;0
081 CILAMAYA WETAN\desa_3215081001.gpkg;3215_SLS\desa_3215081001.geojson;32150810010012;96.33%;sama;22;0;0
081 CILAMAYA WETAN\desa_3215081001.gpkg;3215_SLS\desa_3215081001.geojson;32150810010006;100.0%;sama;22;0;0
081 CILAMAYA WETAN\desa_3215081001.gpkg;3215_SLS\desa_3215081001.geojson;32150810010020;100.0%;sama;22;0;0
081 CILAMAYA WETAN\desa_3215081001.gpkg;3215_SLS\desa_3215081001.geojson;32150810010002;100.0%;sama;22;0;0
081 CILAMAYA WETAN\desa_3215081001.gpkg;3215_SLS\desa_3215081001.geojson;32150810010004;91.61%;sama;22;0;0
081 CILAMAYA WETAN\desa_3215081001.gpkg;3215_SLS\desa_3215081001.geojson;32150810010007;100.0%;sama;22;0;0
081 CILAMAYA WETAN\desa_3215081001.gpkg;3215_SLS\desa_3215081001.geojson;32150810010017;100.0%;sama;22;0;0
081 CILAMAYA WETAN\desa_3215081001.gpkg;3215_SLS\desa_3215081001.geojson;32150810010008;100.0%;sama;22;0;0
081 CILAMAYA WETAN\desa_3215081001.gpkg;3215_SLS\desa_3215081001.geojson;32150810010018;100.0%;sama;22;0;0
081 CILAMAYA WETAN\desa_3215081001.gpkg;3215_SLS\desa_3215081001.geojson;32150810010021;100.0%;sama;22;0;0
081 CILAMAYA WETAN\desa_3215081001.gpkg;3215_SLS\desa_3215081001.geojson;32150810010001;96.69%;sama;22;0;0
081 CILAMAYA WETAN\desa_3215081001.gpkg;3215_SLS\desa_3215081001.geojson;32150810010010;100.0%;sama;22;0;0
081 CILAMAYA WETAN\desa_3215081001.gpkg;3215_SLS\desa_3215081001.geojson;32150810010011;100.0%;sama;22;0;0
081 CILAMAYA WETAN\desa_3215081001.gpkg;3215_SLS\desa_3215081001.geojson;32150810010005;100.0%;sama;22;0;0
081 CILAMAYA WETAN\desa_3215081001.gpkg;3215_SLS\desa_3215081001.geojson;32150810010016;100.0%;sama;22;0;0
081 CILAMAYA WETAN\desa_3215081001.gpkg;3215_SLS\desa_3215081001.geojson;32150810011001;99.79%;sama;22;0;0
081 CILAMAYA WETAN\desa_3215081001.gpkg;3215_SLS\desa_3215081001.geojson;32150810010013;96.94%;sama;22;0;0
081 CILAMAYA WETAN\desa_3215081001.gpkg;3215_SLS\desa_3215081001.geojson;32150810010019;100.0%;sama;22;0;0
081 CILAMAYA WETAN\desa_3215081001.gpkg;3215_SLS\desa_3215081001.geojson;32150810010003;92.43%;sama;22;0;0
090 LEMAHABANG\desa_3215090011.gpkg;3215_SLS\desa_3215090011.geojson;32150900110006;5.86%;sama;8;2;0
090 LEMAHABANG\desa_3215090011.gpkg;3215_SLS\desa_3215090011.geojson;32150900110004;11.45%;sama;8;2;0
090 LEMAHABANG\desa_3215090011.gpkg;3215_SLS\desa_3215090011.geojson;32150900110008;4.39%;sama;8;2;0
090 LEMAHABANG\desa_3215090011.gpkg;3215_SLS\desa_3215090011.geojson;32150900110007;4.81%;sama;8;2;0
090 LEMAHABANG\desa_3215090011.gpkg;3215_SLS\desa_3215090011.geojson;32150900111002;0.0%;hanya_di_gpkg;8;2;0
090 LEMAHABANG\desa_3215090011.gpkg;3215_SLS\desa_3215090011.geojson;32150900110001;34.07%;sama;8;2;0
090 LEMAHABANG\desa_3215090011.gpkg;3215_SLS\desa_3215090011.geojson;32150900110002;23.13%;sama;8;2;0
090 LEMAHABANG\desa_3215090011.gpkg;3215_SLS\desa_3215090011.geojson;32150900110005;3.13%;sama;8;2;0
090 LEMAHABANG\desa_3215090011.gpkg;3215_SLS\desa_3215090011.geojson;32150900111001;0.0%;hanya_di_gpkg;8;2;0
090 LEMAHABANG\desa_3215090011.gpkg;3215_SLS\desa_3215090011.geojson;32150900110003;43.0%;sama;8;2;0
111 MAJALAYA\desa_3215111002.gpkg;3215_SLS\desa_3215111002.geojson;32151110021002;100.0%;sama;17;1;0
111 MAJALAYA\desa_3215111002.gpkg;3215_SLS\desa_3215111002.geojson;32151110020012;100.0%;sama;17;1;0
111 MAJALAYA\desa_3215111002.gpkg;3215_SLS\desa_3215111002.geojson;32151110021003;93.96%;sama;17;1;0
111 MAJALAYA\desa_3215111002.gpkg;3215_SLS\desa_3215111002.geojson;32151110020006;100.0%;sama;17;1;0
111 MAJALAYA\desa_3215111002.gpkg;3215_SLS\desa_3215111002.geojson;32151110020003;100.0%;sama;17;1;0
111 MAJALAYA\desa_3215111002.gpkg;3215_SLS\desa_3215111002.geojson;32151110020005;100.0%;sama;17;1;0
111 MAJALAYA\desa_3215111002.gpkg;3215_SLS\desa_3215111002.geojson;32151110021004;99.09%;sama;17;1;0
111 MAJALAYA\desa_3215111002.gpkg;3215_SLS\desa_3215111002.geojson;32151110020002;100.0%;sama;17;1;0
111 MAJALAYA\desa_3215111002.gpkg;3215_SLS\desa_3215111002.geojson;32151110020009;100.0%;sama;17;1;0
111 MAJALAYA\desa_3215111002.gpkg;3215_SLS\desa_3215111002.geojson;32151110020001;100.0%;sama;17;1;0
111 MAJALAYA\desa_3215111002.gpkg;3215_SLS\desa_3215111002.geojson;32151110021001;100.0%;sama;17;1;0
111 MAJALAYA\desa_3215111002.gpkg;3215_SLS\desa_3215111002.geojson;32151110030025;0.0%;hanya_di_gpkg;17;1;0
111 MAJALAYA\desa_3215111002.gpkg;3215_SLS\desa_3215111002.geojson;32151110020011;100.0%;sama;17;1;0
111 MAJALAYA\desa_3215111002.gpkg;3215_SLS\desa_3215111002.geojson;32151110020007;100.0%;sama;17;1;0
111 MAJALAYA\desa_3215111002.gpkg;3215_SLS\desa_3215111002.geojson;32151110020013;63.95%;sama;17;1;0
111 MAJALAYA\desa_3215111002.gpkg;3215_SLS\desa_3215111002.geojson;32151110020010;100.0%;sama;17;1;0
111 MAJALAYA\desa_3215111002.gpkg;3215_SLS\desa_3215111002.geojson;32151110020004;100.0%;sama;17;1;0
111 MAJALAYA\desa_3215111002.gpkg;3215_SLS\desa_3215111002.geojson;32151110020008;100.0%;sama;17;1;0
111 MAJALAYA\desa_3215111001.gpkg;3215_SLS\desa_3215111001.geojson;32151110010012;100.0%;sama;40;1;0
111 MAJALAYA\desa_3215111001.gpkg;3215_SLS\desa_3215111001.geojson;32151110010026;100.0%;sama;40;1;0
111 MAJALAYA\desa_3215111001.gpkg;3215_SLS\desa_3215111001.geojson;32151110010032;96.31%;sama;40;1;0
111 MAJALAYA\desa_3215111001.gpkg;3215_SLS\desa_3215111001.geojson;32151110010024;85.56%;sama;40;1;0
111 MAJALAYA\desa_3215111001.gpkg;3215_SLS\desa_3215111001.geojson;32151110010004;93.63%;sama;40;1;0
111 MAJALAYA\desa_3215111001.gpkg;3215_SLS\desa_3215111001.geojson;32151110010016;27.98%;sama;40;1;0
111 MAJALAYA\desa_3215111001.gpkg;3215_SLS\desa_3215111001.geojson;32151110010023;53.62%;sama;40;1;0
111 MAJALAYA\desa_3215111001.gpkg;3215_SLS\desa_3215111001.geojson;32151110010002;100.0%;sama;40;1;0
111 MAJALAYA\desa_3215111001.gpkg;3215_SLS\desa_3215111001.geojson;32151110011002;100.0%;sama;40;1;0
111 MAJALAYA\desa_3215111001.gpkg;3215_SLS\desa_3215111001.geojson;32151110010005;100.0%;sama;40;1;0
111 MAJALAYA\desa_3215111001.gpkg;3215_SLS\desa_3215111001.geojson;32151110010013;37.01%;sama;40;1;0
111 MAJALAYA\desa_3215111001.gpkg;3215_SLS\desa_3215111001.geojson;32151110010007;100.0%;sama;40;1;0
111 MAJALAYA\desa_3215111001.gpkg;3215_SLS\desa_3215111001.geojson;32151110010028;84.05%;sama;40;1;0
111 MAJALAYA\desa_3215111001.gpkg;3215_SLS\desa_3215111001.geojson;32151110010017;47.39%;sama;40;1;0
111 MAJALAYA\desa_3215111001.gpkg;3215_SLS\desa_3215111001.geojson;32151110010018;69.08%;sama;40;1;0
111 MAJALAYA\desa_3215111001.gpkg;3215_SLS\desa_3215111001.geojson;32151110010006;100.0%;sama;40;1;0
111 MAJALAYA\desa_3215111001.gpkg;3215_SLS\desa_3215111001.geojson;32151110010009;90.7%;sama;40;1;0
111 MAJALAYA\desa_3215111001.gpkg;3215_SLS\desa_3215111001.geojson;32151110010020;17.24%;sama;40;1;0
111 MAJALAYA\desa_3215111001.gpkg;3215_SLS\desa_3215111001.geojson;32151110011003;92.16%;sama;40;1;0
111 MAJALAYA\desa_3215111001.gpkg;3215_SLS\desa_3215111001.geojson;32151110010035;100.0%;sama;40;1;0
111 MAJALAYA\desa_3215111001.gpkg;3215_SLS\desa_3215111001.geojson;32151110010022;59.32%;sama;40;1;0
111 MAJALAYA\desa_3215111001.gpkg;3215_SLS\desa_3215111001.geojson;32151110010029;98.62%;sama;40;1;0
111 MAJALAYA\desa_3215111001.gpkg;3215_SLS\desa_3215111001.geojson;32151110010030;94.51%;sama;40;1;0
111 MAJALAYA\desa_3215111001.gpkg;3215_SLS\desa_3215111001.geojson;32151110011004;0.0%;hanya_di_gpkg;40;1;0
111 MAJALAYA\desa_3215111001.gpkg;3215_SLS\desa_3215111001.geojson;32151110010021;100.0%;sama;40;1;0
111 MAJALAYA\desa_3215111001.gpkg;3215_SLS\desa_3215111001.geojson;32151110010025;82.15%;sama;40;1;0
111 MAJALAYA\desa_3215111001.gpkg;3215_SLS\desa_3215111001.geojson;32151110010027;94.61%;sama;40;1;0
111 MAJALAYA\desa_3215111001.gpkg;3215_SLS\desa_3215111001.geojson;32151110010036;60.71%;sama;40;1;0
111 MAJALAYA\desa_3215111001.gpkg;3215_SLS\desa_3215111001.geojson;32151110010008;100.0%;sama;40;1;0
111 MAJALAYA\desa_3215111001.gpkg;3215_SLS\desa_3215111001.geojson;32151110010001;100.0%;sama;40;1;0
111 MAJALAYA\desa_3215111001.gpkg;3215_SLS\desa_3215111001.geojson;32151110010010;100.0%;sama;40;1;0
111 MAJALAYA\desa_3215111001.gpkg;3215_SLS\desa_3215111001.geojson;32151110010014;98.02%;sama;40;1;0
111 MAJALAYA\desa_3215111001.gpkg;3215_SLS\desa_3215111001.geojson;32151110010037;35.65%;sama;40;1;0
111 MAJALAYA\desa_3215111001.gpkg;3215_SLS\desa_3215111001.geojson;32151110010034;44.46%;sama;40;1;0
111 MAJALAYA\desa_3215111001.gpkg;3215_SLS\desa_3215111001.geojson;32151110010003;100.0%;sama;40;1;0
111 MAJALAYA\desa_3215111001.gpkg;3215_SLS\desa_3215111001.geojson;32151110010031;91.92%;sama;40;1;0
111 MAJALAYA\desa_3215111001.gpkg;3215_SLS\desa_3215111001.geojson;32151110010011;93.63%;sama;40;1;0
111 MAJALAYA\desa_3215111001.gpkg;3215_SLS\desa_3215111001.geojson;32151110010019;100.0%;sama;40;1;0
111 MAJALAYA\desa_3215111001.gpkg;3215_SLS\desa_3215111001.geojson;32151110010033;97.66%;sama;40;1;0
111 MAJALAYA\desa_3215111001.gpkg;3215_SLS\desa_3215111001.geojson;32151110011001;90.23%;sama;40;1;0
111 MAJALAYA\desa_3215111001.gpkg;3215_SLS\desa_3215111001.geojson;32151110010015;91.49%;sama;40;1;0
111 MAJALAYA\desa_3215111005.gpkg;3215_SLS\desa_3215111005.geojson;32151110050053;47.27%;sama;69;0;0
111 MAJALAYA\desa_3215111005.gpkg;3215_SLS\desa_3215111005.geojson;32151110050051;100.0%;sama;69;0;0
111 MAJALAYA\desa_3215111005.gpkg;3215_SLS\desa_3215111005.geojson;32151110050036;100.0%;sama;69;0;0
111 MAJALAYA\desa_3215111005.gpkg;3215_SLS\desa_3215111005.geojson;32151110050024;100.0%;sama;69;0;0
111 MAJALAYA\desa_3215111005.gpkg;3215_SLS\desa_3215111005.geojson;32151110050001;100.0%;sama;69;0;0
111 MAJALAYA\desa_3215111005.gpkg;3215_SLS\desa_3215111005.geojson;32151110050017;100.0%;sama;69;0;0
111 MAJALAYA\desa_3215111005.gpkg;3215_SLS\desa_3215111005.geojson;32151110050038;100.0%;sama;69;0;0
111 MAJALAYA\desa_3215111005.gpkg;3215_SLS\desa_3215111005.geojson;32151110050043;100.0%;sama;69;0;0
111 MAJALAYA\desa_3215111005.gpkg;3215_SLS\desa_3215111005.geojson;32151110050064;100.0%;sama;69;0;0
111 MAJALAYA\desa_3215111005.gpkg;3215_SLS\desa_3215111005.geojson;32151110050039;100.0%;sama;69;0;0
111 MAJALAYA\desa_3215111005.gpkg;3215_SLS\desa_3215111005.geojson;32151110050031;100.0%;sama;69;0;0
111 MAJALAYA\desa_3215111005.gpkg;3215_SLS\desa_3215111005.geojson;32151110050058;100.0%;sama;69;0;0
111 MAJALAYA\desa_3215111005.gpkg;3215_SLS\desa_3215111005.geojson;32151110050006;99.3%;sama;69;0;0
111 MAJALAYA\desa_3215111005.gpkg;3215_SLS\desa_3215111005.geojson;32151110050012;99.34%;sama;69;0;0
111 MAJALAYA\desa_3215111005.gpkg;3215_SLS\desa_3215111005.geojson;32151110050011;97.14%;sama;69;0;0
111 MAJALAYA\desa_3215111005.gpkg;3215_SLS\desa_3215111005.geojson;32151110050027;88.49%;sama;69;0;0
111 MAJALAYA\desa_3215111005.gpkg;3215_SLS\desa_3215111005.geojson;32151110050033;99.64%;sama;69;0;0
111 MAJALAYA\desa_3215111005.gpkg;3215_SLS\desa_3215111005.geojson;32151110050009;98.2%;sama;69;0;0
111 MAJALAYA\desa_3215111005.gpkg;3215_SLS\desa_3215111005.geojson;32151110050055;10.97%;sama;69;0;0
111 MAJALAYA\desa_3215111005.gpkg;3215_SLS\desa_3215111005.geojson;32151110050021;98.84%;sama;69;0;0
111 MAJALAYA\desa_3215111005.gpkg;3215_SLS\desa_3215111005.geojson;32151110050029;88.99%;sama;69;0;0
111 MAJALAYA\desa_3215111005.gpkg;3215_SLS\desa_3215111005.geojson;32151110050020;100.0%;sama;69;0;0
111 MAJALAYA\desa_3215111005.gpkg;3215_SLS\desa_3215111005.geojson;32151110050002;100.0%;sama;69;0;0
111 MAJALAYA\desa_3215111005.gpkg;3215_SLS\desa_3215111005.geojson;32151110050030;84.18%;sama;69;0;0
111 MAJALAYA\desa_3215111005.gpkg;3215_SLS\desa_3215111005.geojson;32151110050045;100.0%;sama;69;0;0
111 MAJALAYA\desa_3215111005.gpkg;3215_SLS\desa_3215111005.geojson;32151110050022;99.45%;sama;69;0;0
111 MAJALAYA\desa_3215111005.gpkg;3215_SLS\desa_3215111005.geojson;32151110050062;100.0%;sama;69;0;0
111 MAJALAYA\desa_3215111005.gpkg;3215_SLS\desa_3215111005.geojson;32151110050054;60.55%;sama;69;0;0
111 MAJALAYA\desa_3215111005.gpkg;3215_SLS\desa_3215111005.geojson;32151110050013;100.0%;sama;69;0;0
111 MAJALAYA\desa_3215111005.gpkg;3215_SLS\desa_3215111005.geojson;32151110050028;100.0%;sama;69;0;0
111 MAJALAYA\desa_3215111005.gpkg;3215_SLS\desa_3215111005.geojson;32151110050003;100.0%;sama;69;0;0
111 MAJALAYA\desa_3215111005.gpkg;3215_SLS\desa_3215111005.geojson;32151110050052;100.0%;sama;69;0;0
111 MAJALAYA\desa_3215111005.gpkg;3215_SLS\desa_3215111005.geojson;32151110050056;100.0%;sama;69;0;0
111 MAJALAYA\desa_3215111005.gpkg;3215_SLS\desa_3215111005.geojson;32151110050044;100.0%;sama;69;0;0
111 MAJALAYA\desa_3215111005.gpkg;3215_SLS\desa_3215111005.geojson;32151110050067;100.0%;sama;69;0;0
111 MAJALAYA\desa_3215111005.gpkg;3215_SLS\desa_3215111005.geojson;32151110050032;96.83%;sama;69;0;0
111 MAJALAYA\desa_3215111005.gpkg;3215_SLS\desa_3215111005.geojson;32151110050025;100.0%;sama;69;0;0
111 MAJALAYA\desa_3215111005.gpkg;3215_SLS\desa_3215111005.geojson;32151110050061;100.0%;sama;69;0;0
111 MAJALAYA\desa_3215111005.gpkg;3215_SLS\desa_3215111005.geojson;32151110051002;100.0%;sama;69;0;0
111 MAJALAYA\desa_3215111005.gpkg;3215_SLS\desa_3215111005.geojson;32151110050019;100.0%;sama;69;0;0
111 MAJALAYA\desa_3215111005.gpkg;3215_SLS\desa_3215111005.geojson;32151110050063;100.0%;sama;69;0;0
111 MAJALAYA\desa_3215111005.gpkg;3215_SLS\desa_3215111005.geojson;32151110050048;96.91%;sama;69;0;0
111 MAJALAYA\desa_3215111005.gpkg;3215_SLS\desa_3215111005.geojson;32151110050037;100.0%;sama;69;0;0
111 MAJALAYA\desa_3215111005.gpkg;3215_SLS\desa_3215111005.geojson;32151110050023;88.99%;sama;69;0;0
111 MAJALAYA\desa_3215111005.gpkg;3215_SLS\desa_3215111005.geojson;32151110050035;100.0%;sama;69;0;0
111 MAJALAYA\desa_3215111005.gpkg;3215_SLS\desa_3215111005.geojson;32151110050026;100.0%;sama;69;0;0
111 MAJALAYA\desa_3215111005.gpkg;3215_SLS\desa_3215111005.geojson;32151110050034;100.0%;sama;69;0;0
111 MAJALAYA\desa_3215111005.gpkg;3215_SLS\desa_3215111005.geojson;32151110050018;100.0%;sama;69;0;0
111 MAJALAYA\desa_3215111005.gpkg;3215_SLS\desa_3215111005.geojson;32151110050014;100.0%;sama;69;0;0
111 MAJALAYA\desa_3215111005.gpkg;3215_SLS\desa_3215111005.geojson;32151110050010;97.81%;sama;69;0;0
111 MAJALAYA\desa_3215111005.gpkg;3215_SLS\desa_3215111005.geojson;32151110050047;100.0%;sama;69;0;0
111 MAJALAYA\desa_3215111005.gpkg;3215_SLS\desa_3215111005.geojson;32151110050040;100.0%;sama;69;0;0
111 MAJALAYA\desa_3215111005.gpkg;3215_SLS\desa_3215111005.geojson;32151110051001;100.0%;sama;69;0;0
111 MAJALAYA\desa_3215111005.gpkg;3215_SLS\desa_3215111005.geojson;32151110050050;100.0%;sama;69;0;0
111 MAJALAYA\desa_3215111005.gpkg;3215_SLS\desa_3215111005.geojson;32151110050004;100.0%;sama;69;0;0
111 MAJALAYA\desa_3215111005.gpkg;3215_SLS\desa_3215111005.geojson;32151110050042;100.0%;sama;69;0;0
111 MAJALAYA\desa_3215111005.gpkg;3215_SLS\desa_3215111005.geojson;32151110050060;53.91%;sama;69;0;0
111 MAJALAYA\desa_3215111005.gpkg;3215_SLS\desa_3215111005.geojson;32151110050041;100.0%;sama;69;0;0
111 MAJALAYA\desa_3215111005.gpkg;3215_SLS\desa_3215111005.geojson;32151110050007;100.0%;sama;69;0;0
111 MAJALAYA\desa_3215111005.gpkg;3215_SLS\desa_3215111005.geojson;32151110050065;100.0%;sama;69;0;0
111 MAJALAYA\desa_3215111005.gpkg;3215_SLS\desa_3215111005.geojson;32151110050066;100.0%;sama;69;0;0
111 MAJALAYA\desa_3215111005.gpkg;3215_SLS\desa_3215111005.geojson;32151110050008;100.0%;sama;69;0;0
111 MAJALAYA\desa_3215111005.gpkg;3215_SLS\desa_3215111005.geojson;32151110050059;100.0%;sama;69;0;0
111 MAJALAYA\desa_3215111005.gpkg;3215_SLS\desa_3215111005.geojson;32151110050049;74.7%;sama;69;0;0
111 MAJALAYA\desa_3215111005.gpkg;3215_SLS\desa_3215111005.geojson;32151110050015;100.0%;sama;69;0;0
111 MAJALAYA\desa_3215111005.gpkg;3215_SLS\desa_3215111005.geojson;32151110050005;100.0%;sama;69;0;0
111 MAJALAYA\desa_3215111005.gpkg;3215_SLS\desa_3215111005.geojson;32151110050057;100.0%;sama;69;0;0
111 MAJALAYA\desa_3215111005.gpkg;3215_SLS\desa_3215111005.geojson;32151110050046;100.0%;sama;69;0;0
111 MAJALAYA\desa_3215111005.gpkg;3215_SLS\desa_3215111005.geojson;32151110050016;96.07%;sama;69;0;0
082 CILAMAYA KULON\desa_3215082012.gpkg;3215_SLS\desa_3215082012.geojson;32150820120011;100.0%;sama;17;1;0
082 CILAMAYA KULON\desa_3215082012.gpkg;3215_SLS\desa_3215082012.geojson;32150820120008;96.16%;sama;17;1;0
082 CILAMAYA KULON\desa_3215082012.gpkg;3215_SLS\desa_3215082012.geojson;32150820120012;99.08%;sama;17;1;0
082 CILAMAYA KULON\desa_3215082012.gpkg;3215_SLS\desa_3215082012.geojson;32150820120016;56.24%;sama;17;1;0
082 CILAMAYA KULON\desa_3215082012.gpkg;3215_SLS\desa_3215082012.geojson;32150820120007;100.0%;sama;17;1;0
082 CILAMAYA KULON\desa_3215082012.gpkg;3215_SLS\desa_3215082012.geojson;32150820120015;96.65%;sama;17;1;0
082 CILAMAYA KULON\desa_3215082012.gpkg;3215_SLS\desa_3215082012.geojson;32150820120009;100.0%;sama;17;1;0
082 CILAMAYA KULON\desa_3215082012.gpkg;3215_SLS\desa_3215082012.geojson;32150820120004;100.0%;sama;17;1;0
082 CILAMAYA KULON\desa_3215082012.gpkg;3215_SLS\desa_3215082012.geojson;32151300090004;0.0%;hanya_di_gpkg;17;1;0
082 CILAMAYA KULON\desa_3215082012.gpkg;3215_SLS\desa_3215082012.geojson;32150820120003;100.0%;sama;17;1;0
082 CILAMAYA KULON\desa_3215082012.gpkg;3215_SLS\desa_3215082012.geojson;32150820120010;100.0%;sama;17;1;0
082 CILAMAYA KULON\desa_3215082012.gpkg;3215_SLS\desa_3215082012.geojson;32150820120002;95.74%;sama;17;1;0
082 CILAMAYA KULON\desa_3215082012.gpkg;3215_SLS\desa_3215082012.geojson;32150820120005;100.0%;sama;17;1;0
082 CILAMAYA KULON\desa_3215082012.gpkg;3215_SLS\desa_3215082012.geojson;32150820121001;96.2%;sama;17;1;0
082 CILAMAYA KULON\desa_3215082012.gpkg;3215_SLS\desa_3215082012.geojson;32150820120014;98.57%;sama;17;1;0
082 CILAMAYA KULON\desa_3215082012.gpkg;3215_SLS\desa_3215082012.geojson;32150820120013;96.14%;sama;17;1;0
082 CILAMAYA KULON\desa_3215082012.gpkg;3215_SLS\desa_3215082012.geojson;32150820120006;100.0%;sama;17;1;0
082 CILAMAYA KULON\desa_3215082012.gpkg;3215_SLS\desa_3215082012.geojson;32150820120001;95.92%;sama;17;1;0
082 CILAMAYA KULON\desa_3215082006.gpkg;3215_SLS\desa_3215082006.geojson;32150820060004;100.0%;sama;12;0;0
082 CILAMAYA KULON\desa_3215082006.gpkg;3215_SLS\desa_3215082006.geojson;32150820060003;100.0%;sama;12;0;0
082 CILAMAYA KULON\desa_3215082006.gpkg;3215_SLS\desa_3215082006.geojson;32150820060008;100.0%;sama;12;0;0
082 CILAMAYA KULON\desa_3215082006.gpkg;3215_SLS\desa_3215082006.geojson;32150820061002;100.0%;sama;12;0;0
082 CILAMAYA KULON\desa_3215082006.gpkg;3215_SLS\desa_3215082006.geojson;32150820060002;100.0%;sama;12;0;0
082 CILAMAYA KULON\desa_3215082006.gpkg;3215_SLS\desa_3215082006.geojson;32150820061001;100.0%;sama;12;0;0
082 CILAMAYA KULON\desa_3215082006.gpkg;3215_SLS\desa_3215082006.geojson;32150820060005;100.0%;sama;12;0;0
082 CILAMAYA KULON\desa_3215082006.gpkg;3215_SLS\desa_3215082006.geojson;32150820060001;100.0%;sama;12;0;0
082 CILAMAYA KULON\desa_3215082006.gpkg;3215_SLS\desa_3215082006.geojson;32150820061003;100.0%;sama;12;0;0
082 CILAMAYA KULON\desa_3215082006.gpkg;3215_SLS\desa_3215082006.geojson;32150820060007;100.0%;sama;12;0;0
082 CILAMAYA KULON\desa_3215082006.gpkg;3215_SLS\desa_3215082006.geojson;32150820060009;100.0%;sama;12;0;0
082 CILAMAYA KULON\desa_3215082006.gpkg;3215_SLS\desa_3215082006.geojson;32150820060006;100.0%;sama;12;0;0
082 CILAMAYA KULON\desa_3215082010.gpkg;3215_SLS\desa_3215082010.geojson;32150820100014;100.0%;sama;17;0;0
082 CILAMAYA KULON\desa_3215082010.gpkg;3215_SLS\desa_3215082010.geojson;32150820100009;100.0%;sama;17;0;0
082 CILAMAYA KULON\desa_3215082010.gpkg;3215_SLS\desa_3215082010.geojson;32150820100005;100.0%;sama;17;0;0
082 CILAMAYA KULON\desa_3215082010.gpkg;3215_SLS\desa_3215082010.geojson;32150820100008;100.0%;sama;17;0;0
082 CILAMAYA KULON\desa_3215082010.gpkg;3215_SLS\desa_3215082010.geojson;32150820100007;100.0%;sama;17;0;0
082 CILAMAYA KULON\desa_3215082010.gpkg;3215_SLS\desa_3215082010.geojson;32150820101002;100.0%;sama;17;0;0
082 CILAMAYA KULON\desa_3215082010.gpkg;3215_SLS\desa_3215082010.geojson;32150820100015;100.0%;sama;17;0;0
082 CILAMAYA KULON\desa_3215082010.gpkg;3215_SLS\desa_3215082010.geojson;32150820100003;76.9%;sama;17;0;0
082 CILAMAYA KULON\desa_3215082010.gpkg;3215_SLS\desa_3215082010.geojson;32150820100006;100.0%;sama;17;0;0
082 CILAMAYA KULON\desa_3215082010.gpkg;3215_SLS\desa_3215082010.geojson;32150820100001;100.0%;sama;17;0;0
082 CILAMAYA KULON\desa_3215082010.gpkg;3215_SLS\desa_3215082010.geojson;32150820100012;100.0%;sama;17;0;0
082 CILAMAYA KULON\desa_3215082010.gpkg;3215_SLS\desa_3215082010.geojson;32150820100004;98.96%;sama;17;0;0
082 CILAMAYA KULON\desa_3215082010.gpkg;3215_SLS\desa_3215082010.geojson;32150820100011;100.0%;sama;17;0;0
082 CILAMAYA KULON\desa_3215082010.gpkg;3215_SLS\desa_3215082010.geojson;32150820100013;100.0%;sama;17;0;0
082 CILAMAYA KULON\desa_3215082010.gpkg;3215_SLS\desa_3215082010.geojson;32150820101001;100.0%;sama;17;0;0
082 CILAMAYA KULON\desa_3215082010.gpkg;3215_SLS\desa_3215082010.geojson;32150820100010;100.0%;sama;17;0;0
082 CILAMAYA KULON\desa_3215082010.gpkg;3215_SLS\desa_3215082010.geojson;32150820100002;81.77%;sama;17;0;0
082 CILAMAYA KULON\desa_3215082002.gpkg;3215_SLS\desa_3215082002.geojson;32150820020007;100.0%;sama;16;0;0
082 CILAMAYA KULON\desa_3215082002.gpkg;3215_SLS\desa_3215082002.geojson;32150820020006;100.0%;sama;16;0;0
082 CILAMAYA KULON\desa_3215082002.gpkg;3215_SLS\desa_3215082002.geojson;32150820020012;100.0%;sama;16;0;0
082 CILAMAYA KULON\desa_3215082002.gpkg;3215_SLS\desa_3215082002.geojson;32150820020009;100.0%;sama;16;0;0
082 CILAMAYA KULON\desa_3215082002.gpkg;3215_SLS\desa_3215082002.geojson;32150820021002;100.0%;sama;16;0;0
082 CILAMAYA KULON\desa_3215082002.gpkg;3215_SLS\desa_3215082002.geojson;32150820020003;100.0%;sama;16;0;0
082 CILAMAYA KULON\desa_3215082002.gpkg;3215_SLS\desa_3215082002.geojson;32150820020004;100.0%;sama;16;0;0
082 CILAMAYA KULON\desa_3215082002.gpkg;3215_SLS\desa_3215082002.geojson;32150820020010;100.0%;sama;16;0;0
082 CILAMAYA KULON\desa_3215082002.gpkg;3215_SLS\desa_3215082002.geojson;32150820020008;100.0%;sama;16;0;0
082 CILAMAYA KULON\desa_3215082002.gpkg;3215_SLS\desa_3215082002.geojson;32150820020005;100.0%;sama;16;0;0
082 CILAMAYA KULON\desa_3215082002.gpkg;3215_SLS\desa_3215082002.geojson;32150820020011;100.0%;sama;16;0;0
082 CILAMAYA KULON\desa_3215082002.gpkg;3215_SLS\desa_3215082002.geojson;32150820020002;100.0%;sama;16;0;0
082 CILAMAYA KULON\desa_3215082002.gpkg;3215_SLS\desa_3215082002.geojson;32150820021003;100.0%;sama;16;0;0
082 CILAMAYA KULON\desa_3215082002.gpkg;3215_SLS\desa_3215082002.geojson;32150820020001;100.0%;sama;16;0;0
082 CILAMAYA KULON\desa_3215082002.gpkg;3215_SLS\desa_3215082002.geojson;32150820021001;100.0%;sama;16;0;0
082 CILAMAYA KULON\desa_3215082002.gpkg;3215_SLS\desa_3215082002.geojson;32150820021004;90.61%;sama;16;0;0
082 CILAMAYA KULON\desa_3215082008.gpkg;3215_SLS\desa_3215082008.geojson;32150820080012;100.0%;sama;30;0;0
082 CILAMAYA KULON\desa_3215082008.gpkg;3215_SLS\desa_3215082008.geojson;32150820080015;100.0%;sama;30;0;0
082 CILAMAYA KULON\desa_3215082008.gpkg;3215_SLS\desa_3215082008.geojson;32150820080005;100.0%;sama;30;0;0
082 CILAMAYA KULON\desa_3215082008.gpkg;3215_SLS\desa_3215082008.geojson;32150820080013;100.0%;sama;30;0;0
082 CILAMAYA KULON\desa_3215082008.gpkg;3215_SLS\desa_3215082008.geojson;32150820080022;100.0%;sama;30;0;0
082 CILAMAYA KULON\desa_3215082008.gpkg;3215_SLS\desa_3215082008.geojson;32150820080018;100.0%;sama;30;0;0
082 CILAMAYA KULON\desa_3215082008.gpkg;3215_SLS\desa_3215082008.geojson;32150820080017;100.0%;sama;30;0;0
082 CILAMAYA KULON\desa_3215082008.gpkg;3215_SLS\desa_3215082008.geojson;32150820080011;100.0%;sama;30;0;0
082 CILAMAYA KULON\desa_3215082008.gpkg;3215_SLS\desa_3215082008.geojson;32150820081002;100.0%;sama;30;0;0
082 CILAMAYA KULON\desa_3215082008.gpkg;3215_SLS\desa_3215082008.geojson;32150820080007;100.0%;sama;30;0;0
082 CILAMAYA KULON\desa_3215082008.gpkg;3215_SLS\desa_3215082008.geojson;32150820080023;100.0%;sama;30;0;0
082 CILAMAYA KULON\desa_3215082008.gpkg;3215_SLS\desa_3215082008.geojson;32150820080002;100.0%;sama;30;0;0
082 CILAMAYA KULON\desa_3215082008.gpkg;3215_SLS\desa_3215082008.geojson;32150820080001;100.0%;sama;30;0;0
082 CILAMAYA KULON\desa_3215082008.gpkg;3215_SLS\desa_3215082008.geojson;32150820080006;100.0%;sama;30;0;0
082 CILAMAYA KULON\desa_3215082008.gpkg;3215_SLS\desa_3215082008.geojson;32150820081003;100.0%;sama;30;0;0
082 CILAMAYA KULON\desa_3215082008.gpkg;3215_SLS\desa_3215082008.geojson;32150820080010;100.0%;sama;30;0;0
082 CILAMAYA KULON\desa_3215082008.gpkg;3215_SLS\desa_3215082008.geojson;32150820080003;100.0%;sama;30;0;0
082 CILAMAYA KULON\desa_3215082008.gpkg;3215_SLS\desa_3215082008.geojson;32150820080020;100.0%;sama;30;0;0
082 CILAMAYA KULON\desa_3215082008.gpkg;3215_SLS\desa_3215082008.geojson;32150820080019;100.0%;sama;30;0;0
082 CILAMAYA KULON\desa_3215082008.gpkg;3215_SLS\desa_3215082008.geojson;32150820081004;100.0%;sama;30;0;0
082 CILAMAYA KULON\desa_3215082008.gpkg;3215_SLS\desa_3215082008.geojson;32150820080014;100.0%;sama;30;0;0
082 CILAMAYA KULON\desa_3215082008.gpkg;3215_SLS\desa_3215082008.geojson;32150820080016;100.0%;sama;30;0;0
082 CILAMAYA KULON\desa_3215082008.gpkg;3215_SLS\desa_3215082008.geojson;32150820081001;100.0%;sama;30;0;0
082 CILAMAYA KULON\desa_3215082008.gpkg;3215_SLS\desa_3215082008.geojson;32150820080024;100.0%;sama;30;0;0
082 CILAMAYA KULON\desa_3215082008.gpkg;3215_SLS\desa_3215082008.geojson;32150820080025;100.0%;sama;30;0;0
082 CILAMAYA KULON\desa_3215082008.gpkg;3215_SLS\desa_3215082008.geojson;32150820080009;100.0%;sama;30;0;0
082 CILAMAYA KULON\desa_3215082008.gpkg;3215_SLS\desa_3215082008.geojson;32150820080026;100.0%;sama;30;0;0
082 CILAMAYA KULON\desa_3215082008.gpkg;3215_SLS\desa_3215082008.geojson;32150820080004;76.01%;sama;30;0;0
082 CILAMAYA KULON\desa_3215082008.gpkg;3215_SLS\desa_3215082008.geojson;32150820080021;100.0%;sama;30;0;0
082 CILAMAYA KULON\desa_3215082008.gpkg;3215_SLS\desa_3215082008.geojson;32150820080008;100.0%;sama;30;0;0
082 CILAMAYA KULON\desa_3215082003.gpkg;3215_SLS\desa_3215082003.geojson;32150820030014;100.0%;sama;22;1;0
082 CILAMAYA KULON\desa_3215082003.gpkg;3215_SLS\desa_3215082003.geojson;32150820030015;100.0%;sama;22;1;0
082 CILAMAYA KULON\desa_3215082003.gpkg;3215_SLS\desa_3215082003.geojson;32150820030002;100.0%;sama;22;1;0
082 CILAMAYA KULON\desa_3215082003.gpkg;3215_SLS\desa_3215082003.geojson;32150820031003;91.55%;sama;22;1;0
082 CILAMAYA KULON\desa_3215082003.gpkg;3215_SLS\desa_3215082003.geojson;32150820030013;100.0%;sama;22;1;0
082 CILAMAYA KULON\desa_3215082003.gpkg;3215_SLS\desa_3215082003.geojson;32150820030011;100.0%;sama;22;1;0
082 CILAMAYA KULON\desa_3215082003.gpkg;3215_SLS\desa_3215082003.geojson;32150820030007;100.0%;sama;22;1;0
082 CILAMAYA KULON\desa_3215082003.gpkg;3215_SLS\desa_3215082003.geojson;32150820030008;100.0%;sama;22;1;0
082 CILAMAYA KULON\desa_3215082003.gpkg;3215_SLS\desa_3215082003.geojson;32150820030006;100.0%;sama;22;1;0
082 CILAMAYA KULON\desa_3215082003.gpkg;3215_SLS\desa_3215082003.geojson;32150820031001;100.0%;sama;22;1;0
082 CILAMAYA KULON\desa_3215082003.gpkg;3215_SLS\desa_3215082003.geojson;32150820031002;100.0%;sama;22;1;0
082 CILAMAYA KULON\desa_3215082003.gpkg;3215_SLS\desa_3215082003.geojson;32150820030018;100.0%;sama;22;1;0
082 CILAMAYA KULON\desa_3215082003.gpkg;3215_SLS\desa_3215082003.geojson;32150820030009;100.0%;sama;22;1;0
082 CILAMAYA KULON\desa_3215082003.gpkg;3215_SLS\desa_3215082003.geojson;32150820021004;0.0%;hanya_di_gpkg;22;1;0
082 CILAMAYA KULON\desa_3215082003.gpkg;3215_SLS\desa_3215082003.geojson;32150820030010;100.0%;sama;22;1;0
082 CILAMAYA KULON\desa_3215082003.gpkg;3215_SLS\desa_3215082003.geojson;32150820030004;100.0%;sama;22;1;0
082 CILAMAYA KULON\desa_3215082003.gpkg;3215_SLS\desa_3215082003.geojson;32150820030001;100.0%;sama;22;1;0
082 CILAMAYA KULON\desa_3215082003.gpkg;3215_SLS\desa_3215082003.geojson;32150820030019;100.0%;sama;22;1;0
082 CILAMAYA KULON\desa_3215082003.gpkg;3215_SLS\desa_3215082003.geojson;32150820030005;100.0%;sama;22;1;0
082 CILAMAYA KULON\desa_3215082003.gpkg;3215_SLS\desa_3215082003.geojson;32150820030012;100.0%;sama;22;1;0
082 CILAMAYA KULON\desa_3215082003.gpkg;3215_SLS\desa_3215082003.geojson;32150820030003;100.0%;sama;22;1;0
082 CILAMAYA KULON\desa_3215082003.gpkg;3215_SLS\desa_3215082003.geojson;32150820030016;100.0%;sama;22;1;0
082 CILAMAYA KULON\desa_3215082003.gpkg;3215_SLS\desa_3215082003.geojson;32150820030017;100.0%;sama;22;1;0
082 CILAMAYA KULON\desa_3215082007.gpkg;3215_SLS\desa_3215082007.geojson;32150820070017;96.04%;sama;23;0;0
082 CILAMAYA KULON\desa_3215082007.gpkg;3215_SLS\desa_3215082007.geojson;32150820070008;100.0%;sama;23;0;0
082 CILAMAYA KULON\desa_3215082007.gpkg;3215_SLS\desa_3215082007.geojson;32150820070021;100.0%;sama;23;0;0
082 CILAMAYA KULON\desa_3215082007.gpkg;3215_SLS\desa_3215082007.geojson;32150820070002;100.0%;sama;23;0;0
082 CILAMAYA KULON\desa_3215082007.gpkg;3215_SLS\desa_3215082007.geojson;32150820070005;91.33%;sama;23;0;0
082 CILAMAYA KULON\desa_3215082007.gpkg;3215_SLS\desa_3215082007.geojson;32150820070014;100.0%;sama;23;0;0
082 CILAMAYA KULON\desa_3215082007.gpkg;3215_SLS\desa_3215082007.geojson;32150820070016;95.27%;sama;23;0;0
082 CILAMAYA KULON\desa_3215082007.gpkg;3215_SLS\desa_3215082007.geojson;32150820070018;87.0%;sama;23;0;0
082 CILAMAYA KULON\desa_3215082007.gpkg;3215_SLS\desa_3215082007.geojson;32150820070003;100.0%;sama;23;0;0
082 CILAMAYA KULON\desa_3215082007.gpkg;3215_SLS\desa_3215082007.geojson;32150820071002;100.0%;sama;23;0;0
082 CILAMAYA KULON\desa_3215082007.gpkg;3215_SLS\desa_3215082007.geojson;32150820070007;100.0%;sama;23;0;0
082 CILAMAYA KULON\desa_3215082007.gpkg;3215_SLS\desa_3215082007.geojson;32150820070019;100.0%;sama;23;0;0
082 CILAMAYA KULON\desa_3215082007.gpkg;3215_SLS\desa_3215082007.geojson;32150820070010;100.0%;sama;23;0;0
082 CILAMAYA KULON\desa_3215082007.gpkg;3215_SLS\desa_3215082007.geojson;32150820070011;100.0%;sama;23;0;0
082 CILAMAYA KULON\desa_3215082007.gpkg;3215_SLS\desa_3215082007.geojson;32150820070015;89.32%;sama;23;0;0
082 CILAMAYA KULON\desa_3215082007.gpkg;3215_SLS\desa_3215082007.geojson;32150820071001;99.81%;sama;23;0;0
082 CILAMAYA KULON\desa_3215082007.gpkg;3215_SLS\desa_3215082007.geojson;32150820070020;100.0%;sama;23;0;0
082 CILAMAYA KULON\desa_3215082007.gpkg;3215_SLS\desa_3215082007.geojson;32150820070006;100.0%;sama;23;0;0
082 CILAMAYA KULON\desa_3215082007.gpkg;3215_SLS\desa_3215082007.geojson;32150820070004;95.77%;sama;23;0;0
082 CILAMAYA KULON\desa_3215082007.gpkg;3215_SLS\desa_3215082007.geojson;32150820070012;100.0%;sama;23;0;0
082 CILAMAYA KULON\desa_3215082007.gpkg;3215_SLS\desa_3215082007.geojson;32150820070009;100.0%;sama;23;0;0
082 CILAMAYA KULON\desa_3215082007.gpkg;3215_SLS\desa_3215082007.geojson;32150820070013;100.0%;sama;23;0;0
082 CILAMAYA KULON\desa_3215082007.gpkg;3215_SLS\desa_3215082007.geojson;32150820070001;100.0%;sama;23;0;0
082 CILAMAYA KULON\desa_3215082011.gpkg;3215_SLS\desa_3215082011.geojson;32150820110001;100.0%;sama;14;0;0
082 CILAMAYA KULON\desa_3215082011.gpkg;3215_SLS\desa_3215082011.geojson;32150820111001;93.66%;sama;14;0;0
082 CILAMAYA KULON\desa_3215082011.gpkg;3215_SLS\desa_3215082011.geojson;32150820110011;100.0%;sama;14;0;0
082 CILAMAYA KULON\desa_3215082011.gpkg;3215_SLS\desa_3215082011.geojson;32150820110010;100.0%;sama;14;0;0
082 CILAMAYA KULON\desa_3215082011.gpkg;3215_SLS\desa_3215082011.geojson;32150820110007;100.0%;sama;14;0;0
082 CILAMAYA KULON\desa_3215082011.gpkg;3215_SLS\desa_3215082011.geojson;32150820110005;100.0%;sama;14;0;0
082 CILAMAYA KULON\desa_3215082011.gpkg;3215_SLS\desa_3215082011.geojson;32150820110009;100.0%;sama;14;0;0
082 CILAMAYA KULON\desa_3215082011.gpkg;3215_SLS\desa_3215082011.geojson;32150820110008;100.0%;sama;14;0;0
082 CILAMAYA KULON\desa_3215082011.gpkg;3215_SLS\desa_3215082011.geojson;32150820110004;100.0%;sama;14;0;0
082 CILAMAYA KULON\desa_3215082011.gpkg;3215_SLS\desa_3215082011.geojson;32150820110006;100.0%;sama;14;0;0
082 CILAMAYA KULON\desa_3215082011.gpkg;3215_SLS\desa_3215082011.geojson;32150820110013;100.0%;sama;14;0;0
082 CILAMAYA KULON\desa_3215082011.gpkg;3215_SLS\desa_3215082011.geojson;32150820110003;100.0%;sama;14;0;0
082 CILAMAYA KULON\desa_3215082011.gpkg;3215_SLS\desa_3215082011.geojson;32150820110002;100.0%;sama;14;0;0
082 CILAMAYA KULON\desa_3215082011.gpkg;3215_SLS\desa_3215082011.geojson;32150820110012;100.0%;sama;14;0;0
082 CILAMAYA KULON\desa_3215082005.gpkg;3215_SLS\desa_3215082005.geojson;32150820050006;100.0%;sama;16;0;1
082 CILAMAYA KULON\desa_3215082005.gpkg;3215_SLS\desa_3215082005.geojson;32150820050002;100.0%;sama;16;0;1
082 CILAMAYA KULON\desa_3215082005.gpkg;3215_SLS\desa_3215082005.geojson;32150820050012;45.26%;sama;16;0;1
082 CILAMAYA KULON\desa_3215082005.gpkg;3215_SLS\desa_3215082005.geojson;32150820050004;100.0%;sama;16;0;1
082 CILAMAYA KULON\desa_3215082005.gpkg;3215_SLS\desa_3215082005.geojson;32150820051005;100.0%;sama;16;0;1
082 CILAMAYA KULON\desa_3215082005.gpkg;3215_SLS\desa_3215082005.geojson;32150820050008;100.0%;sama;16;0;1
082 CILAMAYA KULON\desa_3215082005.gpkg;3215_SLS\desa_3215082005.geojson;32150820051001;100.0%;sama;16;0;1
082 CILAMAYA KULON\desa_3215082005.gpkg;3215_SLS\desa_3215082005.geojson;32150820051003;100.0%;sama;16;0;1
082 CILAMAYA KULON\desa_3215082005.gpkg;3215_SLS\desa_3215082005.geojson;32150820051002;100.0%;sama;16;0;1
082 CILAMAYA KULON\desa_3215082005.gpkg;3215_SLS\desa_3215082005.geojson;32150820050011;0.0%;hanya_di_geojson;16;0;1
082 CILAMAYA KULON\desa_3215082005.gpkg;3215_SLS\desa_3215082005.geojson;32150820051004;100.0%;sama;16;0;1
082 CILAMAYA KULON\desa_3215082005.gpkg;3215_SLS\desa_3215082005.geojson;32150820050001;100.0%;sama;16;0;1
082 CILAMAYA KULON\desa_3215082005.gpkg;3215_SLS\desa_3215082005.geojson;32150820050009;100.0%;sama;16;0;1
082 CILAMAYA KULON\desa_3215082005.gpkg;3215_SLS\desa_3215082005.geojson;32150820050010;100.0%;sama;16;0;1
082 CILAMAYA KULON\desa_3215082005.gpkg;3215_SLS\desa_3215082005.geojson;32150820050003;100.0%;sama;16;0;1
082 CILAMAYA KULON\desa_3215082005.gpkg;3215_SLS\desa_3215082005.geojson;32150820050007;100.0%;sama;16;0;1
082 CILAMAYA KULON\desa_3215082005.gpkg;3215_SLS\desa_3215082005.geojson;32150820050005;100.0%;sama;16;0;1
082 CILAMAYA KULON\desa_3215082001.gpkg;3215_SLS\desa_3215082001.geojson;32150820010003;100.0%;sama;15;0;0
082 CILAMAYA KULON\desa_3215082001.gpkg;3215_SLS\desa_3215082001.geojson;32150820010014;100.0%;sama;15;0;0
082 CILAMAYA KULON\desa_3215082001.gpkg;3215_SLS\desa_3215082001.geojson;32150820010013;100.0%;sama;15;0;0
082 CILAMAYA KULON\desa_3215082001.gpkg;3215_SLS\desa_3215082001.geojson;32150820010001;100.0%;sama;15;0;0
082 CILAMAYA KULON\desa_3215082001.gpkg;3215_SLS\desa_3215082001.geojson;32150820010011;100.0%;sama;15;0;0
082 CILAMAYA KULON\desa_3215082001.gpkg;3215_SLS\desa_3215082001.geojson;32150820010007;100.0%;sama;15;0;0
082 CILAMAYA KULON\desa_3215082001.gpkg;3215_SLS\desa_3215082001.geojson;32150820010004;100.0%;sama;15;0;0
082 CILAMAYA KULON\desa_3215082001.gpkg;3215_SLS\desa_3215082001.geojson;32150820010010;100.0%;sama;15;0;0
082 CILAMAYA KULON\desa_3215082001.gpkg;3215_SLS\desa_3215082001.geojson;32150820010005;100.0%;sama;15;0;0
082 CILAMAYA KULON\desa_3215082001.gpkg;3215_SLS\desa_3215082001.geojson;32150820010002;100.0%;sama;15;0;0
082 CILAMAYA KULON\desa_3215082001.gpkg;3215_SLS\desa_3215082001.geojson;32150820010006;100.0%;sama;15;0;0
082 CILAMAYA KULON\desa_3215082001.gpkg;3215_SLS\desa_3215082001.geojson;32150820010008;100.0%;sama;15;0;0
082 CILAMAYA KULON\desa_3215082001.gpkg;3215_SLS\desa_3215082001.geojson;32150820011001;100.0%;sama;15;0;0
082 CILAMAYA KULON\desa_3215082001.gpkg;3215_SLS\desa_3215082001.geojson;32150820010009;100.0%;sama;15;0;0
082 CILAMAYA KULON\desa_3215082001.gpkg;3215_SLS\desa_3215082001.geojson;32150820010012;100.0%;sama;15;0;0
082 CILAMAYA KULON\desa_3215082009.gpkg;3215_SLS\desa_3215082009.geojson;32150820091001;97.64%;sama;10;0;0
082 CILAMAYA KULON\desa_3215082009.gpkg;3215_SLS\desa_3215082009.geojson;32150820090002;100.0%;sama;10;0;0
082 CILAMAYA KULON\desa_3215082009.gpkg;3215_SLS\desa_3215082009.geojson;32150820090008;60.15%;sama;10;0;0
082 CILAMAYA KULON\desa_3215082009.gpkg;3215_SLS\desa_3215082009.geojson;32150820090005;100.0%;sama;10;0;0
082 CILAMAYA KULON\desa_3215082009.gpkg;3215_SLS\desa_3215082009.geojson;32150820090004;100.0%;sama;10;0;0
082 CILAMAYA KULON\desa_3215082009.gpkg;3215_SLS\desa_3215082009.geojson;32150820090009;100.0%;sama;10;0;0
082 CILAMAYA KULON\desa_3215082009.gpkg;3215_SLS\desa_3215082009.geojson;32150820090003;100.0%;sama;10;0;0
082 CILAMAYA KULON\desa_3215082009.gpkg;3215_SLS\desa_3215082009.geojson;32150820090001;100.0%;sama;10;0;0
082 CILAMAYA KULON\desa_3215082009.gpkg;3215_SLS\desa_3215082009.geojson;32150820090007;100.0%;sama;10;0;0
082 CILAMAYA KULON\desa_3215082009.gpkg;3215_SLS\desa_3215082009.geojson;32150820090006;100.0%;sama;10;0;0
082 CILAMAYA KULON\desa_3215082004.gpkg;3215_SLS\desa_3215082004.geojson;32150820041002;100.0%;sama;14;0;0
082 CILAMAYA KULON\desa_3215082004.gpkg;3215_SLS\desa_3215082004.geojson;32150820040004;100.0%;sama;14;0;0
082 CILAMAYA KULON\desa_3215082004.gpkg;3215_SLS\desa_3215082004.geojson;32150820040009;100.0%;sama;14;0;0
082 CILAMAYA KULON\desa_3215082004.gpkg;3215_SLS\desa_3215082004.geojson;32150820040012;100.0%;sama;14;0;0
082 CILAMAYA KULON\desa_3215082004.gpkg;3215_SLS\desa_3215082004.geojson;32150820040008;100.0%;sama;14;0;0
082 CILAMAYA KULON\desa_3215082004.gpkg;3215_SLS\desa_3215082004.geojson;32150820040011;100.0%;sama;14;0;0
082 CILAMAYA KULON\desa_3215082004.gpkg;3215_SLS\desa_3215082004.geojson;32150820040007;100.0%;sama;14;0;0
082 CILAMAYA KULON\desa_3215082004.gpkg;3215_SLS\desa_3215082004.geojson;32150820041001;88.74%;sama;14;0;0
082 CILAMAYA KULON\desa_3215082004.gpkg;3215_SLS\desa_3215082004.geojson;32150820040003;100.0%;sama;14;0;0
082 CILAMAYA KULON\desa_3215082004.gpkg;3215_SLS\desa_3215082004.geojson;32150820040006;100.0%;sama;14;0;0
082 CILAMAYA KULON\desa_3215082004.gpkg;3215_SLS\desa_3215082004.geojson;32150820040002;100.0%;sama;14;0;0
082 CILAMAYA KULON\desa_3215082004.gpkg;3215_SLS\desa_3215082004.geojson;32150820040001;100.0%;sama;14;0;0
082 CILAMAYA KULON\desa_3215082004.gpkg;3215_SLS\desa_3215082004.geojson;32150820040005;100.0%;sama;14;0;0
082 CILAMAYA KULON\desa_3215082004.gpkg;3215_SLS\desa_3215082004.geojson;32150820040010;100.0%;sama;14;0;0
071 BANYUSARI\desa_3215071012.gpkg;3215_SLS\desa_3215071012.geojson;32150710120009;100.0%;sama;22;0;0
071 BANYUSARI\desa_3215071012.gpkg;3215_SLS\desa_3215071012.geojson;32150710120014;100.0%;sama;22;0;0
071 BANYUSARI\desa_3215071012.gpkg;3215_SLS\desa_3215071012.geojson;32150710120005;100.0%;sama;22;0;0
071 BANYUSARI\desa_3215071012.gpkg;3215_SLS\desa_3215071012.geojson;32150710120015;100.0%;sama;22;0;0
071 BANYUSARI\desa_3215071012.gpkg;3215_SLS\desa_3215071012.geojson;32150710120007;100.0%;sama;22;0;0
071 BANYUSARI\desa_3215071012.gpkg;3215_SLS\desa_3215071012.geojson;32150710121002;100.0%;sama;22;0;0
071 BANYUSARI\desa_3215071012.gpkg;3215_SLS\desa_3215071012.geojson;32150710120013;100.0%;sama;22;0;0
071 BANYUSARI\desa_3215071012.gpkg;3215_SLS\desa_3215071012.geojson;32150710120011;100.0%;sama;22;0;0
071 BANYUSARI\desa_3215071012.gpkg;3215_SLS\desa_3215071012.geojson;32150710120016;100.0%;sama;22;0;0
071 BANYUSARI\desa_3215071012.gpkg;3215_SLS\desa_3215071012.geojson;32150710120010;100.0%;sama;22;0;0
071 BANYUSARI\desa_3215071012.gpkg;3215_SLS\desa_3215071012.geojson;32150710120004;100.0%;sama;22;0;0
071 BANYUSARI\desa_3215071012.gpkg;3215_SLS\desa_3215071012.geojson;32150710120019;100.0%;sama;22;0;0
071 BANYUSARI\desa_3215071012.gpkg;3215_SLS\desa_3215071012.geojson;32150710120012;100.0%;sama;22;0;0
071 BANYUSARI\desa_3215071012.gpkg;3215_SLS\desa_3215071012.geojson;32150710120001;100.0%;sama;22;0;0
071 BANYUSARI\desa_3215071012.gpkg;3215_SLS\desa_3215071012.geojson;32150710120002;100.0%;sama;22;0;0
071 BANYUSARI\desa_3215071012.gpkg;3215_SLS\desa_3215071012.geojson;32150710120017;100.0%;sama;22;0;0
071 BANYUSARI\desa_3215071012.gpkg;3215_SLS\desa_3215071012.geojson;32150710120008;100.0%;sama;22;0;0
071 BANYUSARI\desa_3215071012.gpkg;3215_SLS\desa_3215071012.geojson;32150710121001;100.0%;sama;22;0;0
071 BANYUSARI\desa_3215071012.gpkg;3215_SLS\desa_3215071012.geojson;32150710120006;100.0%;sama;22;0;0
071 BANYUSARI\desa_3215071012.gpkg;3215_SLS\desa_3215071012.geojson;32150710120020;100.0%;sama;22;0;0
071 BANYUSARI\desa_3215071012.gpkg;3215_SLS\desa_3215071012.geojson;32150710120018;100.0%;sama;22;0;0
071 BANYUSARI\desa_3215071012.gpkg;3215_SLS\desa_3215071012.geojson;32150710120003;100.0%;sama;22;0;0
071 BANYUSARI\desa_3215071009.gpkg;3215_SLS\desa_3215071009.geojson;32150710090010;100.0%;sama;19;0;0
071 BANYUSARI\desa_3215071009.gpkg;3215_SLS\desa_3215071009.geojson;32150710090011;98.22%;sama;19;0;0
071 BANYUSARI\desa_3215071009.gpkg;3215_SLS\desa_3215071009.geojson;32150710090013;100.0%;sama;19;0;0
071 BANYUSARI\desa_3215071009.gpkg;3215_SLS\desa_3215071009.geojson;32150710090014;100.0%;sama;19;0;0
071 BANYUSARI\desa_3215071009.gpkg;3215_SLS\desa_3215071009.geojson;32150710090004;100.0%;sama;19;0;0
071 BANYUSARI\desa_3215071009.gpkg;3215_SLS\desa_3215071009.geojson;32150710090008;100.0%;sama;19;0;0
071 BANYUSARI\desa_3215071009.gpkg;3215_SLS\desa_3215071009.geojson;32150710090001;100.0%;sama;19;0;0
071 BANYUSARI\desa_3215071009.gpkg;3215_SLS\desa_3215071009.geojson;32150710090002;100.0%;sama;19;0;0
071 BANYUSARI\desa_3215071009.gpkg;3215_SLS\desa_3215071009.geojson;32150710090005;99.24%;sama;19;0;0
071 BANYUSARI\desa_3215071009.gpkg;3215_SLS\desa_3215071009.geojson;32150710090003;100.0%;sama;19;0;0
071 BANYUSARI\desa_3215071009.gpkg;3215_SLS\desa_3215071009.geojson;32150710091002;59.0%;sama;19;0;0
071 BANYUSARI\desa_3215071009.gpkg;3215_SLS\desa_3215071009.geojson;32150710090016;46.9%;sama;19;0;0
071 BANYUSARI\desa_3215071009.gpkg;3215_SLS\desa_3215071009.geojson;32150710090006;98.72%;sama;19;0;0
071 BANYUSARI\desa_3215071009.gpkg;3215_SLS\desa_3215071009.geojson;32150710090012;98.77%;sama;19;0;0
071 BANYUSARI\desa_3215071009.gpkg;3215_SLS\desa_3215071009.geojson;32150710090015;100.0%;sama;19;0;0
071 BANYUSARI\desa_3215071009.gpkg;3215_SLS\desa_3215071009.geojson;32150710090009;100.0%;sama;19;0;0
071 BANYUSARI\desa_3215071009.gpkg;3215_SLS\desa_3215071009.geojson;32150710091001;100.0%;sama;19;0;0
071 BANYUSARI\desa_3215071009.gpkg;3215_SLS\desa_3215071009.geojson;32150710091003;94.35%;sama;19;0;0
071 BANYUSARI\desa_3215071009.gpkg;3215_SLS\desa_3215071009.geojson;32150710090007;100.0%;sama;19;0;0
071 BANYUSARI\desa_3215071008.gpkg;3215_SLS\desa_3215071008.geojson;32150710080017;100.0%;sama;26;0;3
071 BANYUSARI\desa_3215071008.gpkg;3215_SLS\desa_3215071008.geojson;32150710080004;0.0%;hanya_di_geojson;26;0;3
071 BANYUSARI\desa_3215071008.gpkg;3215_SLS\desa_3215071008.geojson;32150710080007;0.0%;hanya_di_geojson;26;0;3
071 BANYUSARI\desa_3215071008.gpkg;3215_SLS\desa_3215071008.geojson;32150710080014;100.0%;sama;26;0;3
071 BANYUSARI\desa_3215071008.gpkg;3215_SLS\desa_3215071008.geojson;32150710081006;100.0%;sama;26;0;3
071 BANYUSARI\desa_3215071008.gpkg;3215_SLS\desa_3215071008.geojson;32150710080002;98.54%;sama;26;0;3
071 BANYUSARI\desa_3215071008.gpkg;3215_SLS\desa_3215071008.geojson;32150710081005;100.0%;sama;26;0;3
071 BANYUSARI\desa_3215071008.gpkg;3215_SLS\desa_3215071008.geojson;32150710080005;3.76%;sama;26;0;3
071 BANYUSARI\desa_3215071008.gpkg;3215_SLS\desa_3215071008.geojson;32150710081002;100.0%;sama;26;0;3
071 BANYUSARI\desa_3215071008.gpkg;3215_SLS\desa_3215071008.geojson;32150710080020;100.0%;sama;26;0;3
071 BANYUSARI\desa_3215071008.gpkg;3215_SLS\desa_3215071008.geojson;32150710080001;99.07%;sama;26;0;3
071 BANYUSARI\desa_3215071008.gpkg;3215_SLS\desa_3215071008.geojson;32150710080003;90.39%;sama;26;0;3
071 BANYUSARI\desa_3215071008.gpkg;3215_SLS\desa_3215071008.geojson;32150710080012;100.0%;sama;26;0;3
071 BANYUSARI\desa_3215071008.gpkg;3215_SLS\desa_3215071008.geojson;32150710080021;100.0%;sama;26;0;3
071 BANYUSARI\desa_3215071008.gpkg;3215_SLS\desa_3215071008.geojson;32150710080018;100.0%;sama;26;0;3
071 BANYUSARI\desa_3215071008.gpkg;3215_SLS\desa_3215071008.geojson;32150710081003;100.0%;sama;26;0;3
071 BANYUSARI\desa_3215071008.gpkg;3215_SLS\desa_3215071008.geojson;32150710080016;100.0%;sama;26;0;3
071 BANYUSARI\desa_3215071008.gpkg;3215_SLS\desa_3215071008.geojson;32150710080023;100.0%;sama;26;0;3
071 BANYUSARI\desa_3215071008.gpkg;3215_SLS\desa_3215071008.geojson;32150710080019;100.0%;sama;26;0;3
071 BANYUSARI\desa_3215071008.gpkg;3215_SLS\desa_3215071008.geojson;32150710080015;0.0%;hanya_di_geojson;26;0;3
071 BANYUSARI\desa_3215071008.gpkg;3215_SLS\desa_3215071008.geojson;32150710080009;100.0%;sama;26;0;3
071 BANYUSARI\desa_3215071008.gpkg;3215_SLS\desa_3215071008.geojson;32150710081004;100.0%;sama;26;0;3
071 BANYUSARI\desa_3215071008.gpkg;3215_SLS\desa_3215071008.geojson;32150710080006;98.92%;sama;26;0;3
071 BANYUSARI\desa_3215071008.gpkg;3215_SLS\desa_3215071008.geojson;32150710081001;99.18%;sama;26;0;3
071 BANYUSARI\desa_3215071008.gpkg;3215_SLS\desa_3215071008.geojson;32150710080010;92.14%;sama;26;0;3
071 BANYUSARI\desa_3215071008.gpkg;3215_SLS\desa_3215071008.geojson;32150710080013;100.0%;sama;26;0;3
071 BANYUSARI\desa_3215071008.gpkg;3215_SLS\desa_3215071008.geojson;32150710080022;100.0%;sama;26;0;3
071 BANYUSARI\desa_3215071008.gpkg;3215_SLS\desa_3215071008.geojson;32150710080008;98.42%;sama;26;0;3
071 BANYUSARI\desa_3215071008.gpkg;3215_SLS\desa_3215071008.geojson;32150710080011;100.0%;sama;26;0;3
071 BANYUSARI\desa_3215071002.gpkg;3215_SLS\desa_3215071002.geojson;32150710020015;100.0%;sama;27;0;0
071 BANYUSARI\desa_3215071002.gpkg;3215_SLS\desa_3215071002.geojson;32150710021004;100.0%;sama;27;0;0
071 BANYUSARI\desa_3215071002.gpkg;3215_SLS\desa_3215071002.geojson;32150710020023;100.0%;sama;27;0;0
071 BANYUSARI\desa_3215071002.gpkg;3215_SLS\desa_3215071002.geojson;32150710020013;100.0%;sama;27;0;0
071 BANYUSARI\desa_3215071002.gpkg;3215_SLS\desa_3215071002.geojson;32150710020011;100.0%;sama;27;0;0
071 BANYUSARI\desa_3215071002.gpkg;3215_SLS\desa_3215071002.geojson;32150710020016;100.0%;sama;27;0;0
071 BANYUSARI\desa_3215071002.gpkg;3215_SLS\desa_3215071002.geojson;32150710020007;100.0%;sama;27;0;0
071 BANYUSARI\desa_3215071002.gpkg;3215_SLS\desa_3215071002.geojson;32150710021001;100.0%;sama;27;0;0
071 BANYUSARI\desa_3215071002.gpkg;3215_SLS\desa_3215071002.geojson;32150710020020;100.0%;sama;27;0;0
071 BANYUSARI\desa_3215071002.gpkg;3215_SLS\desa_3215071002.geojson;32150710020012;100.0%;sama;27;0;0
071 BANYUSARI\desa_3215071002.gpkg;3215_SLS\desa_3215071002.geojson;32150710021002;100.0%;sama;27;0;0
071 BANYUSARI\desa_3215071002.gpkg;3215_SLS\desa_3215071002.geojson;32150710020001;2.12%;sama;27;0;0
071 BANYUSARI\desa_3215071002.gpkg;3215_SLS\desa_3215071002.geojson;32150710020008;100.0%;sama;27;0;0
071 BANYUSARI\desa_3215071002.gpkg;3215_SLS\desa_3215071002.geojson;32150710020022;100.0%;sama;27;0;0
071 BANYUSARI\desa_3215071002.gpkg;3215_SLS\desa_3215071002.geojson;32150710020017;100.0%;sama;27;0;0
071 BANYUSARI\desa_3215071002.gpkg;3215_SLS\desa_3215071002.geojson;32150710020018;100.0%;sama;27;0;0
071 BANYUSARI\desa_3215071002.gpkg;3215_SLS\desa_3215071002.geojson;32150710020005;100.0%;sama;27;0;0
071 BANYUSARI\desa_3215071002.gpkg;3215_SLS\desa_3215071002.geojson;32150710020014;100.0%;sama;27;0;0
071 BANYUSARI\desa_3215071002.gpkg;3215_SLS\desa_3215071002.geojson;32150710020019;100.0%;sama;27;0;0
071 BANYUSARI\desa_3215071002.gpkg;3215_SLS\desa_3215071002.geojson;32150710020004;100.0%;sama;27;0;0
071 BANYUSARI\desa_3215071002.gpkg;3215_SLS\desa_3215071002.geojson;32150710020010;100.0%;sama;27;0;0
071 BANYUSARI\desa_3215071002.gpkg;3215_SLS\desa_3215071002.geojson;32150710020002;100.0%;sama;27;0;0
071 BANYUSARI\desa_3215071002.gpkg;3215_SLS\desa_3215071002.geojson;32150710021003;100.0%;sama;27;0;0
071 BANYUSARI\desa_3215071002.gpkg;3215_SLS\desa_3215071002.geojson;32150710020021;100.0%;sama;27;0;0
071 BANYUSARI\desa_3215071002.gpkg;3215_SLS\desa_3215071002.geojson;32150710020006;100.0%;sama;27;0;0
071 BANYUSARI\desa_3215071002.gpkg;3215_SLS\desa_3215071002.geojson;32150710020009;100.0%;sama;27;0;0
071 BANYUSARI\desa_3215071002.gpkg;3215_SLS\desa_3215071002.geojson;32150710020003;100.0%;sama;27;0;0
071 BANYUSARI\desa_3215071004.gpkg;3215_SLS\desa_3215071004.geojson;32150710040012;100.0%;sama;23;0;0
071 BANYUSARI\desa_3215071004.gpkg;3215_SLS\desa_3215071004.geojson;32150710040018;100.0%;sama;23;0;0
071 BANYUSARI\desa_3215071004.gpkg;3215_SLS\desa_3215071004.geojson;32150710041004;100.0%;sama;23;0;0
071 BANYUSARI\desa_3215071004.gpkg;3215_SLS\desa_3215071004.geojson;32150710040007;100.0%;sama;23;0;0
071 BANYUSARI\desa_3215071004.gpkg;3215_SLS\desa_3215071004.geojson;32150710041001;100.0%;sama;23;0;0
071 BANYUSARI\desa_3215071004.gpkg;3215_SLS\desa_3215071004.geojson;32150710040019;100.0%;sama;23;0;0
071 BANYUSARI\desa_3215071004.gpkg;3215_SLS\desa_3215071004.geojson;32150710040017;100.0%;sama;23;0;0
071 BANYUSARI\desa_3215071004.gpkg;3215_SLS\desa_3215071004.geojson;32150710040015;100.0%;sama;23;0;0
071 BANYUSARI\desa_3215071004.gpkg;3215_SLS\desa_3215071004.geojson;32150710040013;100.0%;sama;23;0;0
071 BANYUSARI\desa_3215071004.gpkg;3215_SLS\desa_3215071004.geojson;32150710040001;100.0%;sama;23;0;0
071 BANYUSARI\desa_3215071004.gpkg;3215_SLS\desa_3215071004.geojson;32150710040010;100.0%;sama;23;0;0
071 BANYUSARI\desa_3215071004.gpkg;3215_SLS\desa_3215071004.geojson;32150710040016;100.0%;sama;23;0;0
071 BANYUSARI\desa_3215071004.gpkg;3215_SLS\desa_3215071004.geojson;32150710040009;100.0%;sama;23;0;0
071 BANYUSARI\desa_3215071004.gpkg;3215_SLS\desa_3215071004.geojson;32150710040011;100.0%;sama;23;0;0
071 BANYUSARI\desa_3215071004.gpkg;3215_SLS\desa_3215071004.geojson;32150710042003;100.0%;sama;23;0;0
071 BANYUSARI\desa_3215071004.gpkg;3215_SLS\desa_3215071004.geojson;32150710040005;100.0%;sama;23;0;0
071 BANYUSARI\desa_3215071004.gpkg;3215_SLS\desa_3215071004.geojson;32150710040003;0.0%;sama;23;0;0
071 BANYUSARI\desa_3215071004.gpkg;3215_SLS\desa_3215071004.geojson;32150710040004;100.0%;sama;23;0;0
071 BANYUSARI\desa_3215071004.gpkg;3215_SLS\desa_3215071004.geojson;32150710040008;100.0%;sama;23;0;0
071 BANYUSARI\desa_3215071004.gpkg;3215_SLS\desa_3215071004.geojson;32150710040002;100.0%;sama;23;0;0
071 BANYUSARI\desa_3215071004.gpkg;3215_SLS\desa_3215071004.geojson;32150710040006;100.0%;sama;23;0;0
071 BANYUSARI\desa_3215071004.gpkg;3215_SLS\desa_3215071004.geojson;32150710041002;100.0%;sama;23;0;0
071 BANYUSARI\desa_3215071004.gpkg;3215_SLS\desa_3215071004.geojson;32150710040014;100.0%;sama;23;0;0
071 BANYUSARI\desa_3215071010.gpkg;3215_SLS\desa_3215071010.geojson;32150710100002;100.0%;sama;13;1;0
071 BANYUSARI\desa_3215071010.gpkg;3215_SLS\desa_3215071010.geojson;32150710100001;100.0%;sama;13;1;0
071 BANYUSARI\desa_3215071010.gpkg;3215_SLS\desa_3215071010.geojson;32150710100006;100.0%;sama;13;1;0
071 BANYUSARI\desa_3215071010.gpkg;3215_SLS\desa_3215071010.geojson;32150710100010;100.0%;sama;13;1;0
071 BANYUSARI\desa_3215071010.gpkg;3215_SLS\desa_3215071010.geojson;32150710100003;100.0%;sama;13;1;0
071 BANYUSARI\desa_3215071010.gpkg;3215_SLS\desa_3215071010.geojson;32150710100011;10.95%;sama;13;1;0
071 BANYUSARI\desa_3215071010.gpkg;3215_SLS\desa_3215071010.geojson;32150710100004;100.0%;sama;13;1;0
071 BANYUSARI\desa_3215071010.gpkg;3215_SLS\desa_3215071010.geojson;32150710100005;100.0%;sama;13;1;0
071 BANYUSARI\desa_3215071010.gpkg;3215_SLS\desa_3215071010.geojson;32150710100009;100.0%;sama;13;1;0
071 BANYUSARI\desa_3215071010.gpkg;3215_SLS\desa_3215071010.geojson;32150710100013;100.0%;sama;13;1;0
071 BANYUSARI\desa_3215071010.gpkg;3215_SLS\desa_3215071010.geojson;32150710100007;100.0%;sama;13;1;0
071 BANYUSARI\desa_3215071010.gpkg;3215_SLS\desa_3215071010.geojson;32150710100012;100.0%;sama;13;1;0
071 BANYUSARI\desa_3215071010.gpkg;3215_SLS\desa_3215071010.geojson;32150710101002;0.0%;hanya_di_gpkg;13;1;0
071 BANYUSARI\desa_3215071010.gpkg;3215_SLS\desa_3215071010.geojson;32150710100008;100.0%;sama;13;1;0
070 JATISARI\desa_3215070018.gpkg;3215_SLS\desa_3215070018.geojson;32150700180003;100.0%;sama;17;0;0
070 JATISARI\desa_3215070018.gpkg;3215_SLS\desa_3215070018.geojson;32150700181001;100.0%;sama;17;0;0
070 JATISARI\desa_3215070018.gpkg;3215_SLS\desa_3215070018.geojson;32150700180004;100.0%;sama;17;0;0
070 JATISARI\desa_3215070018.gpkg;3215_SLS\desa_3215070018.geojson;32150700180009;100.0%;sama;17;0;0
070 JATISARI\desa_3215070018.gpkg;3215_SLS\desa_3215070018.geojson;32150700180002;100.0%;sama;17;0;0
070 JATISARI\desa_3215070018.gpkg;3215_SLS\desa_3215070018.geojson;32150700180005;100.0%;sama;17;0;0
070 JATISARI\desa_3215070018.gpkg;3215_SLS\desa_3215070018.geojson;32150700180013;100.0%;sama;17;0;0
070 JATISARI\desa_3215070018.gpkg;3215_SLS\desa_3215070018.geojson;32150700180006;100.0%;sama;17;0;0
070 JATISARI\desa_3215070018.gpkg;3215_SLS\desa_3215070018.geojson;32150700181004;100.0%;sama;17;0;0
070 JATISARI\desa_3215070018.gpkg;3215_SLS\desa_3215070018.geojson;32150700181002;100.0%;sama;17;0;0
070 JATISARI\desa_3215070018.gpkg;3215_SLS\desa_3215070018.geojson;32150700180010;100.0%;sama;17;0;0
070 JATISARI\desa_3215070018.gpkg;3215_SLS\desa_3215070018.geojson;32150700180008;100.0%;sama;17;0;0
070 JATISARI\desa_3215070018.gpkg;3215_SLS\desa_3215070018.geojson;32150700180011;100.0%;sama;17;0;0
070 JATISARI\desa_3215070018.gpkg;3215_SLS\desa_3215070018.geojson;32150700180001;100.0%;sama;17;0;0
070 JATISARI\desa_3215070018.gpkg;3215_SLS\desa_3215070018.geojson;32150700181003;100.0%;sama;17;0;0
070 JATISARI\desa_3215070018.gpkg;3215_SLS\desa_3215070018.geojson;32150700180012;100.0%;sama;17;0;0
070 JATISARI\desa_3215070018.gpkg;3215_SLS\desa_3215070018.geojson;32150700180007;100.0%;sama;17;0;0
070 JATISARI\desa_3215070019.gpkg;3215_SLS\desa_3215070019.geojson;32150700190021;100.0%;sama;22;0;0
070 JATISARI\desa_3215070019.gpkg;3215_SLS\desa_3215070019.geojson;32150700190002;100.0%;sama;22;0;0
070 JATISARI\desa_3215070019.gpkg;3215_SLS\desa_3215070019.geojson;32150700190004;98.55%;sama;22;0;0
070 JATISARI\desa_3215070019.gpkg;3215_SLS\desa_3215070019.geojson;32150700190009;100.0%;sama;22;0;0
070 JATISARI\desa_3215070019.gpkg;3215_SLS\desa_3215070019.geojson;32150700190019;30.28%;sama;22;0;0
070 JATISARI\desa_3215070019.gpkg;3215_SLS\desa_3215070019.geojson;32150700190005;100.0%;sama;22;0;0
070 JATISARI\desa_3215070019.gpkg;3215_SLS\desa_3215070019.geojson;32150700190018;25.8%;sama;22;0;0
070 JATISARI\desa_3215070019.gpkg;3215_SLS\desa_3215070019.geojson;32150700190014;100.0%;sama;22;0;0
070 JATISARI\desa_3215070019.gpkg;3215_SLS\desa_3215070019.geojson;32150700190011;100.0%;sama;22;0;0
070 JATISARI\desa_3215070019.gpkg;3215_SLS\desa_3215070019.geojson;32150700190020;100.0%;sama;22;0;0
070 JATISARI\desa_3215070019.gpkg;3215_SLS\desa_3215070019.geojson;32150700190010;100.0%;sama;22;0;0
070 JATISARI\desa_3215070019.gpkg;3215_SLS\desa_3215070019.geojson;32150700190008;3.44%;sama;22;0;0
070 JATISARI\desa_3215070019.gpkg;3215_SLS\desa_3215070019.geojson;32150700190006;53.04%;sama;22;0;0
070 JATISARI\desa_3215070019.gpkg;3215_SLS\desa_3215070019.geojson;32150700190001;100.0%;sama;22;0;0
070 JATISARI\desa_3215070019.gpkg;3215_SLS\desa_3215070019.geojson;32150700190012;100.0%;sama;22;0;0
070 JATISARI\desa_3215070019.gpkg;3215_SLS\desa_3215070019.geojson;32150700190017;4.77%;sama;22;0;0
070 JATISARI\desa_3215070019.gpkg;3215_SLS\desa_3215070019.geojson;32150700190003;99.67%;sama;22;0;0
070 JATISARI\desa_3215070019.gpkg;3215_SLS\desa_3215070019.geojson;32150700191001;60.78%;sama;22;0;0
070 JATISARI\desa_3215070019.gpkg;3215_SLS\desa_3215070019.geojson;32150700190016;9.71%;sama;22;0;0
070 JATISARI\desa_3215070019.gpkg;3215_SLS\desa_3215070019.geojson;32150700190013;100.0%;sama;22;0;0
070 JATISARI\desa_3215070019.gpkg;3215_SLS\desa_3215070019.geojson;32150700190007;16.88%;sama;22;0;0
070 JATISARI\desa_3215070019.gpkg;3215_SLS\desa_3215070019.geojson;32150700190015;5.02%;sama;22;0;0
070 JATISARI\desa_3215070016.gpkg;3215_SLS\desa_3215070016.geojson;32150700160016;100.0%;sama;22;0;0
070 JATISARI\desa_3215070016.gpkg;3215_SLS\desa_3215070016.geojson;32150700161001;98.0%;sama;22;0;0
070 JATISARI\desa_3215070016.gpkg;3215_SLS\desa_3215070016.geojson;32150700160013;100.0%;sama;22;0;0
070 JATISARI\desa_3215070016.gpkg;3215_SLS\desa_3215070016.geojson;32150700160014;100.0%;sama;22;0;0
070 JATISARI\desa_3215070016.gpkg;3215_SLS\desa_3215070016.geojson;32150700160011;100.0%;sama;22;0;0
070 JATISARI\desa_3215070016.gpkg;3215_SLS\desa_3215070016.geojson;32150700160012;100.0%;sama;22;0;0
070 JATISARI\desa_3215070016.gpkg;3215_SLS\desa_3215070016.geojson;32150700160009;100.0%;sama;22;0;0
070 JATISARI\desa_3215070016.gpkg;3215_SLS\desa_3215070016.geojson;32150700160018;100.0%;sama;22;0;0
070 JATISARI\desa_3215070016.gpkg;3215_SLS\desa_3215070016.geojson;32150700161002;100.0%;sama;22;0;0
070 JATISARI\desa_3215070016.gpkg;3215_SLS\desa_3215070016.geojson;32150700160017;100.0%;sama;22;0;0
070 JATISARI\desa_3215070016.gpkg;3215_SLS\desa_3215070016.geojson;32150700160005;62.88%;sama;22;0;0
070 JATISARI\desa_3215070016.gpkg;3215_SLS\desa_3215070016.geojson;32150700160010;100.0%;sama;22;0;0
070 JATISARI\desa_3215070016.gpkg;3215_SLS\desa_3215070016.geojson;32150700160008;100.0%;sama;22;0;0
070 JATISARI\desa_3215070016.gpkg;3215_SLS\desa_3215070016.geojson;32150700160001;83.18%;sama;22;0;0
070 JATISARI\desa_3215070016.gpkg;3215_SLS\desa_3215070016.geojson;32150700160003;100.0%;sama;22;0;0
070 JATISARI\desa_3215070016.gpkg;3215_SLS\desa_3215070016.geojson;32150700160002;61.41%;sama;22;0;0
070 JATISARI\desa_3215070016.gpkg;3215_SLS\desa_3215070016.geojson;32150700160004;100.0%;sama;22;0;0
070 JATISARI\desa_3215070016.gpkg;3215_SLS\desa_3215070016.geojson;32150700160019;25.89%;sama;22;0;0
070 JATISARI\desa_3215070016.gpkg;3215_SLS\desa_3215070016.geojson;32150700160006;100.0%;sama;22;0;0
070 JATISARI\desa_3215070016.gpkg;3215_SLS\desa_3215070016.geojson;32150700161003;83.06%;sama;22;0;0
070 JATISARI\desa_3215070016.gpkg;3215_SLS\desa_3215070016.geojson;32150700160015;100.0%;sama;22;0;0
070 JATISARI\desa_3215070016.gpkg;3215_SLS\desa_3215070016.geojson;32150700160007;100.0%;sama;22;0;0
070 JATISARI\desa_3215070017.gpkg;3215_SLS\desa_3215070017.geojson;32150700170011;100.0%;sama;18;0;0
070 JATISARI\desa_3215070017.gpkg;3215_SLS\desa_3215070017.geojson;32150700170003;100.0%;sama;18;0;0
070 JATISARI\desa_3215070017.gpkg;3215_SLS\desa_3215070017.geojson;32150700170001;91.28%;sama;18;0;0
070 JATISARI\desa_3215070017.gpkg;3215_SLS\desa_3215070017.geojson;32150700170016;9.1%;sama;18;0;0
070 JATISARI\desa_3215070017.gpkg;3215_SLS\desa_3215070017.geojson;32150700171001;56.58%;sama;18;0;0
070 JATISARI\desa_3215070017.gpkg;3215_SLS\desa_3215070017.geojson;32150700170008;100.0%;sama;18;0;0
070 JATISARI\desa_3215070017.gpkg;3215_SLS\desa_3215070017.geojson;32150700170007;91.15%;sama;18;0;0
070 JATISARI\desa_3215070017.gpkg;3215_SLS\desa_3215070017.geojson;32150700170002;99.37%;sama;18;0;0
070 JATISARI\desa_3215070017.gpkg;3215_SLS\desa_3215070017.geojson;32150700170013;96.2%;sama;18;0;0
070 JATISARI\desa_3215070017.gpkg;3215_SLS\desa_3215070017.geojson;32150700170015;4.55%;sama;18;0;0
070 JATISARI\desa_3215070017.gpkg;3215_SLS\desa_3215070017.geojson;32150700170017;9.2%;sama;18;0;0
070 JATISARI\desa_3215070017.gpkg;3215_SLS\desa_3215070017.geojson;32150700170005;100.0%;sama;18;0;0
070 JATISARI\desa_3215070017.gpkg;3215_SLS\desa_3215070017.geojson;32150700170006;97.96%;sama;18;0;0
070 JATISARI\desa_3215070017.gpkg;3215_SLS\desa_3215070017.geojson;32150700170010;22.48%;sama;18;0;0
070 JATISARI\desa_3215070017.gpkg;3215_SLS\desa_3215070017.geojson;32150700170012;97.46%;sama;18;0;0
070 JATISARI\desa_3215070017.gpkg;3215_SLS\desa_3215070017.geojson;32150700170009;25.31%;sama;18;0;0
070 JATISARI\desa_3215070017.gpkg;3215_SLS\desa_3215070017.geojson;32150700170004;100.0%;sama;18;0;0
070 JATISARI\desa_3215070017.gpkg;3215_SLS\desa_3215070017.geojson;32150700170014;2.92%;sama;18;0;0
070 JATISARI\desa_3215070005.gpkg;3215_SLS\desa_3215070005.geojson;32150700050012;50.45%;sama;15;0;0
070 JATISARI\desa_3215070005.gpkg;3215_SLS\desa_3215070005.geojson;32150700051002;78.1%;sama;15;0;0
070 JATISARI\desa_3215070005.gpkg;3215_SLS\desa_3215070005.geojson;32150700050002;87.94%;sama;15;0;0
070 JATISARI\desa_3215070005.gpkg;3215_SLS\desa_3215070005.geojson;32150700050004;52.66%;sama;15;0;0
070 JATISARI\desa_3215070005.gpkg;3215_SLS\desa_3215070005.geojson;32150700050005;49.97%;sama;15;0;0
070 JATISARI\desa_3215070005.gpkg;3215_SLS\desa_3215070005.geojson;32150700050013;21.61%;sama;15;0;0
070 JATISARI\desa_3215070005.gpkg;3215_SLS\desa_3215070005.geojson;32150700050009;35.89%;sama;15;0;0
070 JATISARI\desa_3215070005.gpkg;3215_SLS\desa_3215070005.geojson;32150700050003;37.07%;sama;15;0;0
070 JATISARI\desa_3215070005.gpkg;3215_SLS\desa_3215070005.geojson;32150700050006;18.18%;sama;15;0;0
070 JATISARI\desa_3215070005.gpkg;3215_SLS\desa_3215070005.geojson;32150700051001;83.98%;sama;15;0;0
070 JATISARI\desa_3215070005.gpkg;3215_SLS\desa_3215070005.geojson;32150700050008;53.78%;sama;15;0;0
070 JATISARI\desa_3215070005.gpkg;3215_SLS\desa_3215070005.geojson;32150700050011;23.64%;sama;15;0;0
070 JATISARI\desa_3215070005.gpkg;3215_SLS\desa_3215070005.geojson;32150700050001;96.22%;sama;15;0;0
070 JATISARI\desa_3215070005.gpkg;3215_SLS\desa_3215070005.geojson;32150700050007;22.75%;sama;15;0;0
070 JATISARI\desa_3215070005.gpkg;3215_SLS\desa_3215070005.geojson;32150700050010;15.58%;sama;15;0;0
070 JATISARI\desa_3215070010.gpkg;3215_SLS\desa_3215070010.geojson;32150700100011;100.0%;sama;18;0;0
070 JATISARI\desa_3215070010.gpkg;3215_SLS\desa_3215070010.geojson;32150700100001;100.0%;sama;18;0;0
070 JATISARI\desa_3215070010.gpkg;3215_SLS\desa_3215070010.geojson;32150700100010;100.0%;sama;18;0;0
070 JATISARI\desa_3215070010.gpkg;3215_SLS\desa_3215070010.geojson;32150700100016;100.0%;sama;18;0;0
070 JATISARI\desa_3215070010.gpkg;3215_SLS\desa_3215070010.geojson;32150700100012;100.0%;sama;18;0;0
070 JATISARI\desa_3215070010.gpkg;3215_SLS\desa_3215070010.geojson;32150700100018;100.0%;sama;18;0;0
070 JATISARI\desa_3215070010.gpkg;3215_SLS\desa_3215070010.geojson;32150700100015;100.0%;sama;18;0;0
070 JATISARI\desa_3215070010.gpkg;3215_SLS\desa_3215070010.geojson;32150700100017;100.0%;sama;18;0;0
070 JATISARI\desa_3215070010.gpkg;3215_SLS\desa_3215070010.geojson;32150700100002;100.0%;sama;18;0;0
070 JATISARI\desa_3215070010.gpkg;3215_SLS\desa_3215070010.geojson;32150700100003;100.0%;sama;18;0;0
070 JATISARI\desa_3215070010.gpkg;3215_SLS\desa_3215070010.geojson;32150700100014;100.0%;sama;18;0;0
070 JATISARI\desa_3215070010.gpkg;3215_SLS\desa_3215070010.geojson;32150700100013;100.0%;sama;18;0;0
070 JATISARI\desa_3215070010.gpkg;3215_SLS\desa_3215070010.geojson;32150700100008;100.0%;sama;18;0;0
070 JATISARI\desa_3215070010.gpkg;3215_SLS\desa_3215070010.geojson;32150700100006;62.86%;sama;18;0;0
070 JATISARI\desa_3215070010.gpkg;3215_SLS\desa_3215070010.geojson;32150700100004;100.0%;sama;18;0;0
070 JATISARI\desa_3215070010.gpkg;3215_SLS\desa_3215070010.geojson;32150700100005;100.0%;sama;18;0;0
070 JATISARI\desa_3215070010.gpkg;3215_SLS\desa_3215070010.geojson;32150700100007;76.17%;sama;18;0;0
070 JATISARI\desa_3215070010.gpkg;3215_SLS\desa_3215070010.geojson;32150700100009;100.0%;sama;18;0;0
070 JATISARI\desa_3215070009.gpkg;3215_SLS\desa_3215070009.geojson;32150700090002;100.0%;sama;19;0;1
070 JATISARI\desa_3215070009.gpkg;3215_SLS\desa_3215070009.geojson;32150700091001;49.25%;sama;19;0;1
070 JATISARI\desa_3215070009.gpkg;3215_SLS\desa_3215070009.geojson;32150700090005;61.65%;sama;19;0;1
070 JATISARI\desa_3215070009.gpkg;3215_SLS\desa_3215070009.geojson;32150700090001;100.0%;sama;19;0;1
070 JATISARI\desa_3215070009.gpkg;3215_SLS\desa_3215070009.geojson;32150700090015;23.14%;sama;19;0;1
070 JATISARI\desa_3215070009.gpkg;3215_SLS\desa_3215070009.geojson;32150700090008;84.22%;sama;19;0;1
070 JATISARI\desa_3215070009.gpkg;3215_SLS\desa_3215070009.geojson;32150700090013;38.75%;sama;19;0;1
070 JATISARI\desa_3215070009.gpkg;3215_SLS\desa_3215070009.geojson;32150700090006;0.0%;hanya_di_geojson;19;0;1
070 JATISARI\desa_3215070009.gpkg;3215_SLS\desa_3215070009.geojson;32150700090017;100.0%;sama;19;0;1
070 JATISARI\desa_3215070009.gpkg;3215_SLS\desa_3215070009.geojson;32150700090012;25.82%;sama;19;0;1
070 JATISARI\desa_3215070009.gpkg;3215_SLS\desa_3215070009.geojson;32150700091002;100.0%;sama;19;0;1
070 JATISARI\desa_3215070009.gpkg;3215_SLS\desa_3215070009.geojson;32150700090011;100.0%;sama;19;0;1
070 JATISARI\desa_3215070009.gpkg;3215_SLS\desa_3215070009.geojson;32150700090004;38.56%;sama;19;0;1
070 JATISARI\desa_3215070009.gpkg;3215_SLS\desa_3215070009.geojson;32150700090003;100.0%;sama;19;0;1
070 JATISARI\desa_3215070009.gpkg;3215_SLS\desa_3215070009.geojson;32150700090009;45.19%;sama;19;0;1
070 JATISARI\desa_3215070009.gpkg;3215_SLS\desa_3215070009.geojson;32150700090014;33.53%;sama;19;0;1
070 JATISARI\desa_3215070009.gpkg;3215_SLS\desa_3215070009.geojson;32150700090016;18.13%;sama;19;0;1
070 JATISARI\desa_3215070009.gpkg;3215_SLS\desa_3215070009.geojson;32150700091003;88.07%;sama;19;0;1
070 JATISARI\desa_3215070009.gpkg;3215_SLS\desa_3215070009.geojson;32150700090010;100.0%;sama;19;0;1
070 JATISARI\desa_3215070009.gpkg;3215_SLS\desa_3215070009.geojson;32150700090007;27.46%;sama;19;0;1
070 JATISARI\desa_3215070011.gpkg;3215_SLS\desa_3215070011.geojson;32150700110010;14.67%;sama;19;1;0
070 JATISARI\desa_3215070011.gpkg;3215_SLS\desa_3215070011.geojson;32150700111001;82.51%;sama;19;1;0
070 JATISARI\desa_3215070011.gpkg;3215_SLS\desa_3215070011.geojson;32150700110003;99.43%;sama;19;1;0
070 JATISARI\desa_3215070011.gpkg;3215_SLS\desa_3215070011.geojson;32150700110007;84.39%;sama;19;1;0
070 JATISARI\desa_3215070011.gpkg;3215_SLS\desa_3215070011.geojson;32150700110016;97.69%;sama;19;1;0
070 JATISARI\desa_3215070011.gpkg;3215_SLS\desa_3215070011.geojson;32150700110006;4.97%;sama;19;1;0
070 JATISARI\desa_3215070011.gpkg;3215_SLS\desa_3215070011.geojson;32150700110011;100.0%;sama;19;1;0
070 JATISARI\desa_3215070011.gpkg;3215_SLS\desa_3215070011.geojson;32150700110008;100.0%;sama;19;1;0
070 JATISARI\desa_3215070011.gpkg;3215_SLS\desa_3215070011.geojson;32150700110001;98.87%;sama;19;1;0
070 JATISARI\desa_3215070011.gpkg;3215_SLS\desa_3215070011.geojson;32150700110004;30.13%;sama;19;1;0
070 JATISARI\desa_3215070011.gpkg;3215_SLS\desa_3215070011.geojson;32150700110017;42.89%;sama;19;1;0
070 JATISARI\desa_3215070011.gpkg;3215_SLS\desa_3215070011.geojson;32150700110012;88.01%;sama;19;1;0
070 JATISARI\desa_3215070011.gpkg;3215_SLS\desa_3215070011.geojson;32150700110014;100.0%;sama;19;1;0
070 JATISARI\desa_3215070011.gpkg;3215_SLS\desa_3215070011.geojson;32150700110009;37.73%;sama;19;1;0
070 JATISARI\desa_3215070011.gpkg;3215_SLS\desa_3215070011.geojson;32150700110018;95.61%;sama;19;1;0
070 JATISARI\desa_3215070011.gpkg;3215_SLS\desa_3215070011.geojson;32150700110015;100.0%;sama;19;1;0
070 JATISARI\desa_3215070011.gpkg;3215_SLS\desa_3215070011.geojson;32150700110013;83.43%;sama;19;1;0
070 JATISARI\desa_3215070011.gpkg;3215_SLS\desa_3215070011.geojson;32150700110002;92.82%;sama;19;1;0
070 JATISARI\desa_3215070011.gpkg;3215_SLS\desa_3215070011.geojson;32150700110005;95.96%;sama;19;1;0
070 JATISARI\desa_3215070011.gpkg;3215_SLS\desa_3215070011.geojson;32150700111002;0.0%;hanya_di_gpkg;19;1;0
070 JATISARI\desa_3215070014.gpkg;3215_SLS\desa_3215070014.geojson;32150700140014;100.0%;sama;31;0;0
070 JATISARI\desa_3215070014.gpkg;3215_SLS\desa_3215070014.geojson;32150700141002;100.0%;sama;31;0;0
070 JATISARI\desa_3215070014.gpkg;3215_SLS\desa_3215070014.geojson;32150700141008;100.0%;sama;31;0;0
070 JATISARI\desa_3215070014.gpkg;3215_SLS\desa_3215070014.geojson;32150700140016;100.0%;sama;31;0;0
070 JATISARI\desa_3215070014.gpkg;3215_SLS\desa_3215070014.geojson;32150700140019;100.0%;sama;31;0;0
070 JATISARI\desa_3215070014.gpkg;3215_SLS\desa_3215070014.geojson;32150700140006;100.0%;sama;31;0;0
070 JATISARI\desa_3215070014.gpkg;3215_SLS\desa_3215070014.geojson;32150700140004;100.0%;sama;31;0;0
070 JATISARI\desa_3215070014.gpkg;3215_SLS\desa_3215070014.geojson;32150700141009;100.0%;sama;31;0;0
070 JATISARI\desa_3215070014.gpkg;3215_SLS\desa_3215070014.geojson;32150700141006;100.0%;sama;31;0;0
070 JATISARI\desa_3215070014.gpkg;3215_SLS\desa_3215070014.geojson;32150700140008;100.0%;sama;31;0;0
070 JATISARI\desa_3215070014.gpkg;3215_SLS\desa_3215070014.geojson;32150700140005;100.0%;sama;31;0;0
070 JATISARI\desa_3215070014.gpkg;3215_SLS\desa_3215070014.geojson;32150700140007;100.0%;sama;31;0;0
070 JATISARI\desa_3215070014.gpkg;3215_SLS\desa_3215070014.geojson;32150700141003;100.0%;sama;31;0;0
070 JATISARI\desa_3215070014.gpkg;3215_SLS\desa_3215070014.geojson;32150700141005;100.0%;sama;31;0;0
070 JATISARI\desa_3215070014.gpkg;3215_SLS\desa_3215070014.geojson;32150700140001;100.0%;sama;31;0;0
070 JATISARI\desa_3215070014.gpkg;3215_SLS\desa_3215070014.geojson;32150700140012;100.0%;sama;31;0;0
070 JATISARI\desa_3215070014.gpkg;3215_SLS\desa_3215070014.geojson;32150700140017;100.0%;sama;31;0;0
070 JATISARI\desa_3215070014.gpkg;3215_SLS\desa_3215070014.geojson;32150700140013;100.0%;sama;31;0;0
070 JATISARI\desa_3215070014.gpkg;3215_SLS\desa_3215070014.geojson;32150700141010;100.0%;sama;31;0;0
070 JATISARI\desa_3215070014.gpkg;3215_SLS\desa_3215070014.geojson;32150700140015;100.0%;sama;31;0;0
070 JATISARI\desa_3215070014.gpkg;3215_SLS\desa_3215070014.geojson;32150700140020;100.0%;sama;31;0;0
070 JATISARI\desa_3215070014.gpkg;3215_SLS\desa_3215070014.geojson;32150700141007;100.0%;sama;31;0;0
070 JATISARI\desa_3215070014.gpkg;3215_SLS\desa_3215070014.geojson;32150700140021;100.0%;sama;31;0;0
070 JATISARI\desa_3215070014.gpkg;3215_SLS\desa_3215070014.geojson;32150700140011;100.0%;sama;31;0;0
070 JATISARI\desa_3215070014.gpkg;3215_SLS\desa_3215070014.geojson;32150700141001;100.0%;sama;31;0;0
070 JATISARI\desa_3215070014.gpkg;3215_SLS\desa_3215070014.geojson;32150700140003;100.0%;sama;31;0;0
070 JATISARI\desa_3215070014.gpkg;3215_SLS\desa_3215070014.geojson;32150700140009;100.0%;sama;31;0;0
070 JATISARI\desa_3215070014.gpkg;3215_SLS\desa_3215070014.geojson;32150700141004;100.0%;sama;31;0;0
070 JATISARI\desa_3215070014.gpkg;3215_SLS\desa_3215070014.geojson;32150700140018;100.0%;sama;31;0;0
070 JATISARI\desa_3215070014.gpkg;3215_SLS\desa_3215070014.geojson;32150700140010;100.0%;sama;31;0;0
070 JATISARI\desa_3215070014.gpkg;3215_SLS\desa_3215070014.geojson;32150700140002;100.0%;sama;31;0;0
070 JATISARI\desa_3215070012.gpkg;3215_SLS\desa_3215070012.geojson;32150700121001;78.91%;sama;14;0;0
070 JATISARI\desa_3215070012.gpkg;3215_SLS\desa_3215070012.geojson;32150700120009;100.0%;sama;14;0;0
070 JATISARI\desa_3215070012.gpkg;3215_SLS\desa_3215070012.geojson;32150700120010;100.0%;sama;14;0;0
070 JATISARI\desa_3215070012.gpkg;3215_SLS\desa_3215070012.geojson;32150700120008;100.0%;sama;14;0;0
070 JATISARI\desa_3215070012.gpkg;3215_SLS\desa_3215070012.geojson;32150700120003;100.0%;sama;14;0;0
070 JATISARI\desa_3215070012.gpkg;3215_SLS\desa_3215070012.geojson;32150700120001;0.0%;sama;14;0;0
070 JATISARI\desa_3215070012.gpkg;3215_SLS\desa_3215070012.geojson;32150700121002;100.0%;sama;14;0;0
070 JATISARI\desa_3215070012.gpkg;3215_SLS\desa_3215070012.geojson;32150700120011;6.96%;sama;14;0;0
070 JATISARI\desa_3215070012.gpkg;3215_SLS\desa_3215070012.geojson;32150700120006;100.0%;sama;14;0;0
070 JATISARI\desa_3215070012.gpkg;3215_SLS\desa_3215070012.geojson;32150700120002;0.0%;sama;14;0;0
070 JATISARI\desa_3215070012.gpkg;3215_SLS\desa_3215070012.geojson;32150700120005;100.0%;sama;14;0;0
070 JATISARI\desa_3215070012.gpkg;3215_SLS\desa_3215070012.geojson;32150700120007;100.0%;sama;14;0;0
070 JATISARI\desa_3215070012.gpkg;3215_SLS\desa_3215070012.geojson;32150700120004;100.0%;sama;14;0;0
070 JATISARI\desa_3215070012.gpkg;3215_SLS\desa_3215070012.geojson;32150700120012;100.0%;sama;14;0;0
070 JATISARI\desa_3215070013.gpkg;3215_SLS\desa_3215070013.geojson;32150700130010;100.0%;sama;20;0;0
070 JATISARI\desa_3215070013.gpkg;3215_SLS\desa_3215070013.geojson;32150700130013;100.0%;sama;20;0;0
070 JATISARI\desa_3215070013.gpkg;3215_SLS\desa_3215070013.geojson;32150700130002;100.0%;sama;20;0;0
070 JATISARI\desa_3215070013.gpkg;3215_SLS\desa_3215070013.geojson;32150700130001;100.0%;sama;20;0;0
070 JATISARI\desa_3215070013.gpkg;3215_SLS\desa_3215070013.geojson;32150700130015;100.0%;sama;20;0;0
070 JATISARI\desa_3215070013.gpkg;3215_SLS\desa_3215070013.geojson;32150700131002;100.0%;sama;20;0;0
070 JATISARI\desa_3215070013.gpkg;3215_SLS\desa_3215070013.geojson;32150700130012;100.0%;sama;20;0;0
070 JATISARI\desa_3215070013.gpkg;3215_SLS\desa_3215070013.geojson;32150700130009;100.0%;sama;20;0;0
070 JATISARI\desa_3215070013.gpkg;3215_SLS\desa_3215070013.geojson;32150700130008;100.0%;sama;20;0;0
070 JATISARI\desa_3215070013.gpkg;3215_SLS\desa_3215070013.geojson;32150700130014;100.0%;sama;20;0;0
070 JATISARI\desa_3215070013.gpkg;3215_SLS\desa_3215070013.geojson;32150700130004;100.0%;sama;20;0;0
070 JATISARI\desa_3215070013.gpkg;3215_SLS\desa_3215070013.geojson;32150700131001;100.0%;sama;20;0;0
070 JATISARI\desa_3215070013.gpkg;3215_SLS\desa_3215070013.geojson;32150700130017;100.0%;sama;20;0;0
070 JATISARI\desa_3215070013.gpkg;3215_SLS\desa_3215070013.geojson;32150700130011;100.0%;sama;20;0;0
070 JATISARI\desa_3215070013.gpkg;3215_SLS\desa_3215070013.geojson;32150700130005;100.0%;sama;20;0;0
070 JATISARI\desa_3215070013.gpkg;3215_SLS\desa_3215070013.geojson;32150700130016;100.0%;sama;20;0;0
070 JATISARI\desa_3215070013.gpkg;3215_SLS\desa_3215070013.geojson;32150700130006;100.0%;sama;20;0;0
070 JATISARI\desa_3215070013.gpkg;3215_SLS\desa_3215070013.geojson;32150700130007;100.0%;sama;20;0;0
070 JATISARI\desa_3215070013.gpkg;3215_SLS\desa_3215070013.geojson;32150700130003;100.0%;sama;20;0;0
070 JATISARI\desa_3215070013.gpkg;3215_SLS\desa_3215070013.geojson;32150700131003;100.0%;sama;20;0;0
050 CIKAMPEK\desa_3215050012.gpkg;3215_SLS\desa_3215050012.geojson;32150500120062;92.62%;sama;66;0;0
050 CIKAMPEK\desa_3215050012.gpkg;3215_SLS\desa_3215050012.geojson;32150500120053;100.0%;sama;66;0;0
050 CIKAMPEK\desa_3215050012.gpkg;3215_SLS\desa_3215050012.geojson;32150500120007;100.0%;sama;66;0;0
050 CIKAMPEK\desa_3215050012.gpkg;3215_SLS\desa_3215050012.geojson;32150500120014;100.0%;sama;66;0;0
050 CIKAMPEK\desa_3215050012.gpkg;3215_SLS\desa_3215050012.geojson;32150500120021;98.32%;sama;66;0;0
050 CIKAMPEK\desa_3215050012.gpkg;3215_SLS\desa_3215050012.geojson;32150500120006;98.95%;sama;66;0;0
050 CIKAMPEK\desa_3215050012.gpkg;3215_SLS\desa_3215050012.geojson;32150500120019;100.0%;sama;66;0;0
050 CIKAMPEK\desa_3215050012.gpkg;3215_SLS\desa_3215050012.geojson;32150500120012;100.0%;sama;66;0;0
050 CIKAMPEK\desa_3215050012.gpkg;3215_SLS\desa_3215050012.geojson;32150500120011;100.0%;sama;66;0;0
050 CIKAMPEK\desa_3215050012.gpkg;3215_SLS\desa_3215050012.geojson;32150500120035;96.91%;sama;66;0;0
050 CIKAMPEK\desa_3215050012.gpkg;3215_SLS\desa_3215050012.geojson;32150500120039;41.9%;sama;66;0;0
050 CIKAMPEK\desa_3215050012.gpkg;3215_SLS\desa_3215050012.geojson;32150500120063;89.09%;sama;66;0;0
050 CIKAMPEK\desa_3215050012.gpkg;3215_SLS\desa_3215050012.geojson;32150500120004;100.0%;sama;66;0;0
050 CIKAMPEK\desa_3215050012.gpkg;3215_SLS\desa_3215050012.geojson;32150500120003;100.0%;sama;66;0;0
050 CIKAMPEK\desa_3215050012.gpkg;3215_SLS\desa_3215050012.geojson;32150500120037;96.03%;sama;66;0;0
050 CIKAMPEK\desa_3215050012.gpkg;3215_SLS\desa_3215050012.geojson;32150500120048;88.95%;sama;66;0;0
050 CIKAMPEK\desa_3215050012.gpkg;3215_SLS\desa_3215050012.geojson;32150500120055;50.85%;sama;66;0;0
050 CIKAMPEK\desa_3215050012.gpkg;3215_SLS\desa_3215050012.geojson;32150500120061;97.79%;sama;66;0;0
050 CIKAMPEK\desa_3215050012.gpkg;3215_SLS\desa_3215050012.geojson;32150500120052;100.0%;sama;66;0;0
050 CIKAMPEK\desa_3215050012.gpkg;3215_SLS\desa_3215050012.geojson;32150500120065;100.0%;sama;66;0;0
050 CIKAMPEK\desa_3215050012.gpkg;3215_SLS\desa_3215050012.geojson;32150500120050;73.77%;sama;66;0;0
050 CIKAMPEK\desa_3215050012.gpkg;3215_SLS\desa_3215050012.geojson;32150500120002;100.0%;sama;66;0;0
050 CIKAMPEK\desa_3215050012.gpkg;3215_SLS\desa_3215050012.geojson;32150500120064;95.16%;sama;66;0;0
050 CIKAMPEK\desa_3215050012.gpkg;3215_SLS\desa_3215050012.geojson;32150500120041;64.96%;sama;66;0;0
050 CIKAMPEK\desa_3215050012.gpkg;3215_SLS\desa_3215050012.geojson;32150500120051;31.93%;sama;66;0;0
050 CIKAMPEK\desa_3215050012.gpkg;3215_SLS\desa_3215050012.geojson;32150500120040;100.0%;sama;66;0;0
050 CIKAMPEK\desa_3215050012.gpkg;3215_SLS\desa_3215050012.geojson;32150500120023;79.74%;sama;66;0;0
050 CIKAMPEK\desa_3215050012.gpkg;3215_SLS\desa_3215050012.geojson;32150500120043;93.45%;sama;66;0;0
050 CIKAMPEK\desa_3215050012.gpkg;3215_SLS\desa_3215050012.geojson;32150500120016;100.0%;sama;66;0;0
050 CIKAMPEK\desa_3215050012.gpkg;3215_SLS\desa_3215050012.geojson;32150500120059;100.0%;sama;66;0;0
050 CIKAMPEK\desa_3215050012.gpkg;3215_SLS\desa_3215050012.geojson;32150500120018;100.0%;sama;66;0;0
050 CIKAMPEK\desa_3215050012.gpkg;3215_SLS\desa_3215050012.geojson;32150500120013;100.0%;sama;66;0;0
050 CIKAMPEK\desa_3215050012.gpkg;3215_SLS\desa_3215050012.geojson;32150500120032;87.08%;sama;66;0;0
050 CIKAMPEK\desa_3215050012.gpkg;3215_SLS\desa_3215050012.geojson;32150500120001;11.89%;sama;66;0;0
050 CIKAMPEK\desa_3215050012.gpkg;3215_SLS\desa_3215050012.geojson;32150500120033;100.0%;sama;66;0;0
050 CIKAMPEK\desa_3215050012.gpkg;3215_SLS\desa_3215050012.geojson;32150500120047;98.94%;sama;66;0;0
050 CIKAMPEK\desa_3215050012.gpkg;3215_SLS\desa_3215050012.geojson;32150500120031;74.89%;sama;66;0;0
050 CIKAMPEK\desa_3215050012.gpkg;3215_SLS\desa_3215050012.geojson;32150500120028;100.0%;sama;66;0;0
050 CIKAMPEK\desa_3215050012.gpkg;3215_SLS\desa_3215050012.geojson;32150500120029;100.0%;sama;66;0;0
050 CIKAMPEK\desa_3215050012.gpkg;3215_SLS\desa_3215050012.geojson;32150500120024;66.37%;sama;66;0;0
050 CIKAMPEK\desa_3215050012.gpkg;3215_SLS\desa_3215050012.geojson;32150500120045;100.0%;sama;66;0;0
050 CIKAMPEK\desa_3215050012.gpkg;3215_SLS\desa_3215050012.geojson;32150500120009;100.0%;sama;66;0;0
050 CIKAMPEK\desa_3215050012.gpkg;3215_SLS\desa_3215050012.geojson;32150500120034;100.0%;sama;66;0;0
050 CIKAMPEK\desa_3215050012.gpkg;3215_SLS\desa_3215050012.geojson;32150500120046;71.46%;sama;66;0;0
050 CIKAMPEK\desa_3215050012.gpkg;3215_SLS\desa_3215050012.geojson;32150500120066;99.44%;sama;66;0;0
050 CIKAMPEK\desa_3215050012.gpkg;3215_SLS\desa_3215050012.geojson;32150500120030;52.29%;sama;66;0;0
050 CIKAMPEK\desa_3215050012.gpkg;3215_SLS\desa_3215050012.geojson;32150500120056;100.0%;sama;66;0;0
050 CIKAMPEK\desa_3215050012.gpkg;3215_SLS\desa_3215050012.geojson;32150500120022;99.17%;sama;66;0;0
050 CIKAMPEK\desa_3215050012.gpkg;3215_SLS\desa_3215050012.geojson;32150500120027;62.35%;sama;66;0;0
050 CIKAMPEK\desa_3215050012.gpkg;3215_SLS\desa_3215050012.geojson;32150500120005;96.26%;sama;66;0;0
050 CIKAMPEK\desa_3215050012.gpkg;3215_SLS\desa_3215050012.geojson;32150500120008;100.0%;sama;66;0;0
050 CIKAMPEK\desa_3215050012.gpkg;3215_SLS\desa_3215050012.geojson;32150500120042;96.17%;sama;66;0;0
050 CIKAMPEK\desa_3215050012.gpkg;3215_SLS\desa_3215050012.geojson;32150500120020;98.51%;sama;66;0;0
050 CIKAMPEK\desa_3215050012.gpkg;3215_SLS\desa_3215050012.geojson;32150500120060;100.0%;sama;66;0;0
050 CIKAMPEK\desa_3215050012.gpkg;3215_SLS\desa_3215050012.geojson;32150500120038;100.0%;sama;66;0;0
050 CIKAMPEK\desa_3215050012.gpkg;3215_SLS\desa_3215050012.geojson;32150500120017;100.0%;sama;66;0;0
050 CIKAMPEK\desa_3215050012.gpkg;3215_SLS\desa_3215050012.geojson;32150500120057;100.0%;sama;66;0;0
050 CIKAMPEK\desa_3215050012.gpkg;3215_SLS\desa_3215050012.geojson;32150500120026;64.43%;sama;66;0;0
050 CIKAMPEK\desa_3215050012.gpkg;3215_SLS\desa_3215050012.geojson;32150500120044;98.53%;sama;66;0;0
050 CIKAMPEK\desa_3215050012.gpkg;3215_SLS\desa_3215050012.geojson;32150500120054;100.0%;sama;66;0;0
050 CIKAMPEK\desa_3215050012.gpkg;3215_SLS\desa_3215050012.geojson;32150500120015;100.0%;sama;66;0;0
050 CIKAMPEK\desa_3215050012.gpkg;3215_SLS\desa_3215050012.geojson;32150500120025;65.98%;sama;66;0;0
050 CIKAMPEK\desa_3215050012.gpkg;3215_SLS\desa_3215050012.geojson;32150500120049;88.17%;sama;66;0;0
050 CIKAMPEK\desa_3215050012.gpkg;3215_SLS\desa_3215050012.geojson;32150500120058;100.0%;sama;66;0;0
050 CIKAMPEK\desa_3215050012.gpkg;3215_SLS\desa_3215050012.geojson;32150500120036;100.0%;sama;66;0;0
050 CIKAMPEK\desa_3215050012.gpkg;3215_SLS\desa_3215050012.geojson;32150500120010;94.37%;sama;66;0;0
050 CIKAMPEK\desa_3215050008.gpkg;3215_SLS\desa_3215050008.geojson;32150500080022;100.0%;sama;37;0;0
050 CIKAMPEK\desa_3215050008.gpkg;3215_SLS\desa_3215050008.geojson;32150500080016;100.0%;sama;37;0;0
050 CIKAMPEK\desa_3215050008.gpkg;3215_SLS\desa_3215050008.geojson;32150500080034;100.0%;sama;37;0;0
050 CIKAMPEK\desa_3215050008.gpkg;3215_SLS\desa_3215050008.geojson;32150500080033;100.0%;sama;37;0;0
050 CIKAMPEK\desa_3215050008.gpkg;3215_SLS\desa_3215050008.geojson;32150500080015;100.0%;sama;37;0;0
050 CIKAMPEK\desa_3215050008.gpkg;3215_SLS\desa_3215050008.geojson;32150500080011;100.0%;sama;37;0;0
050 CIKAMPEK\desa_3215050008.gpkg;3215_SLS\desa_3215050008.geojson;32150500080020;100.0%;sama;37;0;0
050 CIKAMPEK\desa_3215050008.gpkg;3215_SLS\desa_3215050008.geojson;32150500080006;57.22%;sama;37;0;0
050 CIKAMPEK\desa_3215050008.gpkg;3215_SLS\desa_3215050008.geojson;32150500080003;100.0%;sama;37;0;0
050 CIKAMPEK\desa_3215050008.gpkg;3215_SLS\desa_3215050008.geojson;32150500080014;99.12%;sama;37;0;0
050 CIKAMPEK\desa_3215050008.gpkg;3215_SLS\desa_3215050008.geojson;32150500080037;44.32%;sama;37;0;0
050 CIKAMPEK\desa_3215050008.gpkg;3215_SLS\desa_3215050008.geojson;32150500080018;100.0%;sama;37;0;0
050 CIKAMPEK\desa_3215050008.gpkg;3215_SLS\desa_3215050008.geojson;32150500080005;100.0%;sama;37;0;0
050 CIKAMPEK\desa_3215050008.gpkg;3215_SLS\desa_3215050008.geojson;32150500080001;98.24%;sama;37;0;0
050 CIKAMPEK\desa_3215050008.gpkg;3215_SLS\desa_3215050008.geojson;32150500080032;100.0%;sama;37;0;0
050 CIKAMPEK\desa_3215050008.gpkg;3215_SLS\desa_3215050008.geojson;32150500080019;100.0%;sama;37;0;0
050 CIKAMPEK\desa_3215050008.gpkg;3215_SLS\desa_3215050008.geojson;32150500080024;100.0%;sama;37;0;0
050 CIKAMPEK\desa_3215050008.gpkg;3215_SLS\desa_3215050008.geojson;32150500080023;100.0%;sama;37;0;0
050 CIKAMPEK\desa_3215050008.gpkg;3215_SLS\desa_3215050008.geojson;32150500080036;100.0%;sama;37;0;0
050 CIKAMPEK\desa_3215050008.gpkg;3215_SLS\desa_3215050008.geojson;32150500080035;100.0%;sama;37;0;0
050 CIKAMPEK\desa_3215050008.gpkg;3215_SLS\desa_3215050008.geojson;32150500080030;75.63%;sama;37;0;0
050 CIKAMPEK\desa_3215050008.gpkg;3215_SLS\desa_3215050008.geojson;32150500080009;100.0%;sama;37;0;0
050 CIKAMPEK\desa_3215050008.gpkg;3215_SLS\desa_3215050008.geojson;32150500080021;100.0%;sama;37;0;0
050 CIKAMPEK\desa_3215050008.gpkg;3215_SLS\desa_3215050008.geojson;32150500080013;99.51%;sama;37;0;0
050 CIKAMPEK\desa_3215050008.gpkg;3215_SLS\desa_3215050008.geojson;32150500080028;100.0%;sama;37;0;0
050 CIKAMPEK\desa_3215050008.gpkg;3215_SLS\desa_3215050008.geojson;32150500080026;100.0%;sama;37;0;0
050 CIKAMPEK\desa_3215050008.gpkg;3215_SLS\desa_3215050008.geojson;32150500080004;100.0%;sama;37;0;0
050 CIKAMPEK\desa_3215050008.gpkg;3215_SLS\desa_3215050008.geojson;32150500080025;98.17%;sama;37;0;0
050 CIKAMPEK\desa_3215050008.gpkg;3215_SLS\desa_3215050008.geojson;32150500080029;100.0%;sama;37;0;0
050 CIKAMPEK\desa_3215050008.gpkg;3215_SLS\desa_3215050008.geojson;32150500080002;100.0%;sama;37;0;0
050 CIKAMPEK\desa_3215050008.gpkg;3215_SLS\desa_3215050008.geojson;32150500080008;99.51%;sama;37;0;0
050 CIKAMPEK\desa_3215050008.gpkg;3215_SLS\desa_3215050008.geojson;32150500080031;100.0%;sama;37;0;0
050 CIKAMPEK\desa_3215050008.gpkg;3215_SLS\desa_3215050008.geojson;32150500080010;99.9%;sama;37;0;0
050 CIKAMPEK\desa_3215050008.gpkg;3215_SLS\desa_3215050008.geojson;32150500080012;100.0%;sama;37;0;0
050 CIKAMPEK\desa_3215050008.gpkg;3215_SLS\desa_3215050008.geojson;32150500080007;43.6%;sama;37;0;0
050 CIKAMPEK\desa_3215050008.gpkg;3215_SLS\desa_3215050008.geojson;32150500080027;100.0%;sama;37;0;0
050 CIKAMPEK\desa_3215050008.gpkg;3215_SLS\desa_3215050008.geojson;32150500080017;100.0%;sama;37;0;0
050 CIKAMPEK\desa_3215050001.gpkg;3215_SLS\desa_3215050001.geojson;32150500010006;100.0%;sama;18;0;0
050 CIKAMPEK\desa_3215050001.gpkg;3215_SLS\desa_3215050001.geojson;32150500010013;80.69%;sama;18;0;0
050 CIKAMPEK\desa_3215050001.gpkg;3215_SLS\desa_3215050001.geojson;32150500010004;100.0%;sama;18;0;0
050 CIKAMPEK\desa_3215050001.gpkg;3215_SLS\desa_3215050001.geojson;32150500015002;53.43%;sama;18;0;0
050 CIKAMPEK\desa_3215050001.gpkg;3215_SLS\desa_3215050001.geojson;32150500010007;100.0%;sama;18;0;0
050 CIKAMPEK\desa_3215050001.gpkg;3215_SLS\desa_3215050001.geojson;32150500015001;56.2%;sama;18;0;0
050 CIKAMPEK\desa_3215050001.gpkg;3215_SLS\desa_3215050001.geojson;32150500010012;100.0%;sama;18;0;0
050 CIKAMPEK\desa_3215050001.gpkg;3215_SLS\desa_3215050001.geojson;32150500010009;100.0%;sama;18;0;0
050 CIKAMPEK\desa_3215050001.gpkg;3215_SLS\desa_3215050001.geojson;32150500010010;100.0%;sama;18;0;0
050 CIKAMPEK\desa_3215050001.gpkg;3215_SLS\desa_3215050001.geojson;32150500010003;100.0%;sama;18;0;0
050 CIKAMPEK\desa_3215050001.gpkg;3215_SLS\desa_3215050001.geojson;32150500010015;90.08%;sama;18;0;0
050 CIKAMPEK\desa_3215050001.gpkg;3215_SLS\desa_3215050001.geojson;32150500010005;100.0%;sama;18;0;0
050 CIKAMPEK\desa_3215050001.gpkg;3215_SLS\desa_3215050001.geojson;32150500010011;100.0%;sama;18;0;0
050 CIKAMPEK\desa_3215050001.gpkg;3215_SLS\desa_3215050001.geojson;32150500010008;100.0%;sama;18;0;0
050 CIKAMPEK\desa_3215050001.gpkg;3215_SLS\desa_3215050001.geojson;32150500010014;100.0%;sama;18;0;0
050 CIKAMPEK\desa_3215050001.gpkg;3215_SLS\desa_3215050001.geojson;32150500010001;100.0%;sama;18;0;0
050 CIKAMPEK\desa_3215050001.gpkg;3215_SLS\desa_3215050001.geojson;32150500010016;99.22%;sama;18;0;0
050 CIKAMPEK\desa_3215050001.gpkg;3215_SLS\desa_3215050001.geojson;32150500010002;100.0%;sama;18;0;0
050 CIKAMPEK\desa_3215050007.gpkg;3215_SLS\desa_3215050007.geojson;32150500070017;100.0%;sama;17;0;0
050 CIKAMPEK\desa_3215050007.gpkg;3215_SLS\desa_3215050007.geojson;32150500070006;100.0%;sama;17;0;0
050 CIKAMPEK\desa_3215050007.gpkg;3215_SLS\desa_3215050007.geojson;32150500070008;100.0%;sama;17;0;0
050 CIKAMPEK\desa_3215050007.gpkg;3215_SLS\desa_3215050007.geojson;32150500070011;100.0%;sama;17;0;0
050 CIKAMPEK\desa_3215050007.gpkg;3215_SLS\desa_3215050007.geojson;32150500070016;80.58%;sama;17;0;0
050 CIKAMPEK\desa_3215050007.gpkg;3215_SLS\desa_3215050007.geojson;32150500070001;100.0%;sama;17;0;0
050 CIKAMPEK\desa_3215050007.gpkg;3215_SLS\desa_3215050007.geojson;32150500070014;100.0%;sama;17;0;0
050 CIKAMPEK\desa_3215050007.gpkg;3215_SLS\desa_3215050007.geojson;32150500070015;75.87%;sama;17;0;0
050 CIKAMPEK\desa_3215050007.gpkg;3215_SLS\desa_3215050007.geojson;32150500070002;100.0%;sama;17;0;0
050 CIKAMPEK\desa_3215050007.gpkg;3215_SLS\desa_3215050007.geojson;32150500070013;100.0%;sama;17;0;0
050 CIKAMPEK\desa_3215050007.gpkg;3215_SLS\desa_3215050007.geojson;32150500070010;100.0%;sama;17;0;0
050 CIKAMPEK\desa_3215050007.gpkg;3215_SLS\desa_3215050007.geojson;32150500070009;92.18%;sama;17;0;0
050 CIKAMPEK\desa_3215050007.gpkg;3215_SLS\desa_3215050007.geojson;32150500070003;100.0%;sama;17;0;0
050 CIKAMPEK\desa_3215050007.gpkg;3215_SLS\desa_3215050007.geojson;32150500070007;100.0%;sama;17;0;0
050 CIKAMPEK\desa_3215050007.gpkg;3215_SLS\desa_3215050007.geojson;32150500070005;100.0%;sama;17;0;0
050 CIKAMPEK\desa_3215050007.gpkg;3215_SLS\desa_3215050007.geojson;32150500070004;100.0%;sama;17;0;0
050 CIKAMPEK\desa_3215050007.gpkg;3215_SLS\desa_3215050007.geojson;32150500070012;100.0%;sama;17;0;0
050 CIKAMPEK\desa_3215050006.gpkg;3215_SLS\desa_3215050006.geojson;32150500060011;100.0%;sama;38;0;0
050 CIKAMPEK\desa_3215050006.gpkg;3215_SLS\desa_3215050006.geojson;32150500060008;100.0%;sama;38;0;0
050 CIKAMPEK\desa_3215050006.gpkg;3215_SLS\desa_3215050006.geojson;32150500060014;100.0%;sama;38;0;0
050 CIKAMPEK\desa_3215050006.gpkg;3215_SLS\desa_3215050006.geojson;32150500060028;100.0%;sama;38;0;0
050 CIKAMPEK\desa_3215050006.gpkg;3215_SLS\desa_3215050006.geojson;32150500060031;100.0%;sama;38;0;0
050 CIKAMPEK\desa_3215050006.gpkg;3215_SLS\desa_3215050006.geojson;32150500060020;100.0%;sama;38;0;0
050 CIKAMPEK\desa_3215050006.gpkg;3215_SLS\desa_3215050006.geojson;32150500060010;100.0%;sama;38;0;0
050 CIKAMPEK\desa_3215050006.gpkg;3215_SLS\desa_3215050006.geojson;32150500060027;100.0%;sama;38;0;0
050 CIKAMPEK\desa_3215050006.gpkg;3215_SLS\desa_3215050006.geojson;32150500060026;100.0%;sama;38;0;0
050 CIKAMPEK\desa_3215050006.gpkg;3215_SLS\desa_3215050006.geojson;32150500060037;100.0%;sama;38;0;0
050 CIKAMPEK\desa_3215050006.gpkg;3215_SLS\desa_3215050006.geojson;32150500060038;100.0%;sama;38;0;0
050 CIKAMPEK\desa_3215050006.gpkg;3215_SLS\desa_3215050006.geojson;32150500060023;100.0%;sama;38;0;0
050 CIKAMPEK\desa_3215050006.gpkg;3215_SLS\desa_3215050006.geojson;32150500060006;100.0%;sama;38;0;0
050 CIKAMPEK\desa_3215050006.gpkg;3215_SLS\desa_3215050006.geojson;32150500060036;100.0%;sama;38;0;0
050 CIKAMPEK\desa_3215050006.gpkg;3215_SLS\desa_3215050006.geojson;32150500060015;100.0%;sama;38;0;0
050 CIKAMPEK\desa_3215050006.gpkg;3215_SLS\desa_3215050006.geojson;32150500060009;100.0%;sama;38;0;0
050 CIKAMPEK\desa_3215050006.gpkg;3215_SLS\desa_3215050006.geojson;32150500060018;100.0%;sama;38;0;0
050 CIKAMPEK\desa_3215050006.gpkg;3215_SLS\desa_3215050006.geojson;32150500060017;100.0%;sama;38;0;0
050 CIKAMPEK\desa_3215050006.gpkg;3215_SLS\desa_3215050006.geojson;32150500060035;100.0%;sama;38;0;0
050 CIKAMPEK\desa_3215050006.gpkg;3215_SLS\desa_3215050006.geojson;32150500060033;100.0%;sama;38;0;0
050 CIKAMPEK\desa_3215050006.gpkg;3215_SLS\desa_3215050006.geojson;32150500060016;100.0%;sama;38;0;0
050 CIKAMPEK\desa_3215050006.gpkg;3215_SLS\desa_3215050006.geojson;32150500060030;100.0%;sama;38;0;0
050 CIKAMPEK\desa_3215050006.gpkg;3215_SLS\desa_3215050006.geojson;32150500060021;100.0%;sama;38;0;0
050 CIKAMPEK\desa_3215050006.gpkg;3215_SLS\desa_3215050006.geojson;32150500060019;100.0%;sama;38;0;0
050 CIKAMPEK\desa_3215050006.gpkg;3215_SLS\desa_3215050006.geojson;32150500060007;100.0%;sama;38;0;0
050 CIKAMPEK\desa_3215050006.gpkg;3215_SLS\desa_3215050006.geojson;32150500060029;100.0%;sama;38;0;0
050 CIKAMPEK\desa_3215050006.gpkg;3215_SLS\desa_3215050006.geojson;32150500060013;100.0%;sama;38;0;0
050 CIKAMPEK\desa_3215050006.gpkg;3215_SLS\desa_3215050006.geojson;32150500060032;100.0%;sama;38;0;0
050 CIKAMPEK\desa_3215050006.gpkg;3215_SLS\desa_3215050006.geojson;32150500060022;100.0%;sama;38;0;0
050 CIKAMPEK\desa_3215050006.gpkg;3215_SLS\desa_3215050006.geojson;32150500060025;100.0%;sama;38;0;0
050 CIKAMPEK\desa_3215050006.gpkg;3215_SLS\desa_3215050006.geojson;32150500060034;100.0%;sama;38;0;0
050 CIKAMPEK\desa_3215050006.gpkg;3215_SLS\desa_3215050006.geojson;32150500060024;100.0%;sama;38;0;0
050 CIKAMPEK\desa_3215050006.gpkg;3215_SLS\desa_3215050006.geojson;32150500060012;100.0%;sama;38;0;0
050 CIKAMPEK\desa_3215050006.gpkg;3215_SLS\desa_3215050006.geojson;32150500060003;100.0%;sama;38;0;0
050 CIKAMPEK\desa_3215050006.gpkg;3215_SLS\desa_3215050006.geojson;32150500060005;100.0%;sama;38;0;0
050 CIKAMPEK\desa_3215050006.gpkg;3215_SLS\desa_3215050006.geojson;32150500060001;100.0%;sama;38;0;0
050 CIKAMPEK\desa_3215050006.gpkg;3215_SLS\desa_3215050006.geojson;32150500060002;100.0%;sama;38;0;0
050 CIKAMPEK\desa_3215050006.gpkg;3215_SLS\desa_3215050006.geojson;32150500060004;100.0%;sama;38;0;0
050 CIKAMPEK\desa_3215050009.gpkg;3215_SLS\desa_3215050009.geojson;32150500090024;100.0%;sama;30;0;0
050 CIKAMPEK\desa_3215050009.gpkg;3215_SLS\desa_3215050009.geojson;32150500090026;100.0%;sama;30;0;0
050 CIKAMPEK\desa_3215050009.gpkg;3215_SLS\desa_3215050009.geojson;32150500090009;100.0%;sama;30;0;0
050 CIKAMPEK\desa_3215050009.gpkg;3215_SLS\desa_3215050009.geojson;32150500090018;100.0%;sama;30;0;0
050 CIKAMPEK\desa_3215050009.gpkg;3215_SLS\desa_3215050009.geojson;32150500090001;100.0%;sama;30;0;0
050 CIKAMPEK\desa_3215050009.gpkg;3215_SLS\desa_3215050009.geojson;32150500090030;100.0%;sama;30;0;0
050 CIKAMPEK\desa_3215050009.gpkg;3215_SLS\desa_3215050009.geojson;32150500090015;100.0%;sama;30;0;0
050 CIKAMPEK\desa_3215050009.gpkg;3215_SLS\desa_3215050009.geojson;32150500090022;100.0%;sama;30;0;0
050 CIKAMPEK\desa_3215050009.gpkg;3215_SLS\desa_3215050009.geojson;32150500090014;100.0%;sama;30;0;0
050 CIKAMPEK\desa_3215050009.gpkg;3215_SLS\desa_3215050009.geojson;32150500090002;100.0%;sama;30;0;0
050 CIKAMPEK\desa_3215050009.gpkg;3215_SLS\desa_3215050009.geojson;32150500090003;100.0%;sama;30;0;0
050 CIKAMPEK\desa_3215050009.gpkg;3215_SLS\desa_3215050009.geojson;32150500090006;100.0%;sama;30;0;0
050 CIKAMPEK\desa_3215050009.gpkg;3215_SLS\desa_3215050009.geojson;32150500090025;100.0%;sama;30;0;0
050 CIKAMPEK\desa_3215050009.gpkg;3215_SLS\desa_3215050009.geojson;32150500090012;100.0%;sama;30;0;0
050 CIKAMPEK\desa_3215050009.gpkg;3215_SLS\desa_3215050009.geojson;32150500090023;100.0%;sama;30;0;0
050 CIKAMPEK\desa_3215050009.gpkg;3215_SLS\desa_3215050009.geojson;32150500090027;100.0%;sama;30;0;0
050 CIKAMPEK\desa_3215050009.gpkg;3215_SLS\desa_3215050009.geojson;32150500090004;100.0%;sama;30;0;0
050 CIKAMPEK\desa_3215050009.gpkg;3215_SLS\desa_3215050009.geojson;32150500090013;100.0%;sama;30;0;0
050 CIKAMPEK\desa_3215050009.gpkg;3215_SLS\desa_3215050009.geojson;32150500090005;100.0%;sama;30;0;0
050 CIKAMPEK\desa_3215050009.gpkg;3215_SLS\desa_3215050009.geojson;32150500090029;100.0%;sama;30;0;0
050 CIKAMPEK\desa_3215050009.gpkg;3215_SLS\desa_3215050009.geojson;32150500090020;100.0%;sama;30;0;0
050 CIKAMPEK\desa_3215050009.gpkg;3215_SLS\desa_3215050009.geojson;32150500090007;100.0%;sama;30;0;0
050 CIKAMPEK\desa_3215050009.gpkg;3215_SLS\desa_3215050009.geojson;32150500090011;100.0%;sama;30;0;0
050 CIKAMPEK\desa_3215050009.gpkg;3215_SLS\desa_3215050009.geojson;32150500090008;100.0%;sama;30;0;0
050 CIKAMPEK\desa_3215050009.gpkg;3215_SLS\desa_3215050009.geojson;32150500090010;100.0%;sama;30;0;0
050 CIKAMPEK\desa_3215050009.gpkg;3215_SLS\desa_3215050009.geojson;32150500090028;100.0%;sama;30;0;0
050 CIKAMPEK\desa_3215050009.gpkg;3215_SLS\desa_3215050009.geojson;32150500090017;100.0%;sama;30;0;0
050 CIKAMPEK\desa_3215050009.gpkg;3215_SLS\desa_3215050009.geojson;32150500090021;100.0%;sama;30;0;0
050 CIKAMPEK\desa_3215050009.gpkg;3215_SLS\desa_3215050009.geojson;32150500090019;100.0%;sama;30;0;0
050 CIKAMPEK\desa_3215050009.gpkg;3215_SLS\desa_3215050009.geojson;32150500090016;100.0%;sama;30;0;0
050 CIKAMPEK\desa_3215050002.gpkg;3215_SLS\desa_3215050002.geojson;32150500020010;100.0%;sama;14;0;0
050 CIKAMPEK\desa_3215050002.gpkg;3215_SLS\desa_3215050002.geojson;32150500020007;98.82%;sama;14;0;0
050 CIKAMPEK\desa_3215050002.gpkg;3215_SLS\desa_3215050002.geojson;32150500020001;100.0%;sama;14;0;0
050 CIKAMPEK\desa_3215050002.gpkg;3215_SLS\desa_3215050002.geojson;32150500020006;100.0%;sama;14;0;0
050 CIKAMPEK\desa_3215050002.gpkg;3215_SLS\desa_3215050002.geojson;32150500020003;100.0%;sama;14;0;0
050 CIKAMPEK\desa_3215050002.gpkg;3215_SLS\desa_3215050002.geojson;32150500020011;100.0%;sama;14;0;0
050 CIKAMPEK\desa_3215050002.gpkg;3215_SLS\desa_3215050002.geojson;32150500020005;100.0%;sama;14;0;0
050 CIKAMPEK\desa_3215050002.gpkg;3215_SLS\desa_3215050002.geojson;32150500020004;100.0%;sama;14;0;0
050 CIKAMPEK\desa_3215050002.gpkg;3215_SLS\desa_3215050002.geojson;32150500020009;100.0%;sama;14;0;0
050 CIKAMPEK\desa_3215050002.gpkg;3215_SLS\desa_3215050002.geojson;32150500020014;92.19%;sama;14;0;0
050 CIKAMPEK\desa_3215050002.gpkg;3215_SLS\desa_3215050002.geojson;32150500020008;97.64%;sama;14;0;0
050 CIKAMPEK\desa_3215050002.gpkg;3215_SLS\desa_3215050002.geojson;32150500020013;91.9%;sama;14;0;0
050 CIKAMPEK\desa_3215050002.gpkg;3215_SLS\desa_3215050002.geojson;32150500020002;100.0%;sama;14;0;0
050 CIKAMPEK\desa_3215050002.gpkg;3215_SLS\desa_3215050002.geojson;32150500020012;99.8%;sama;14;0;0
050 CIKAMPEK\desa_3215050013.gpkg;3215_SLS\desa_3215050013.geojson;32150500135002;97.19%;sama;92;0;0
050 CIKAMPEK\desa_3215050013.gpkg;3215_SLS\desa_3215050013.geojson;32150500130040;100.0%;sama;92;0;0
050 CIKAMPEK\desa_3215050013.gpkg;3215_SLS\desa_3215050013.geojson;32150500130062;93.13%;sama;92;0;0
050 CIKAMPEK\desa_3215050013.gpkg;3215_SLS\desa_3215050013.geojson;32150500130027;100.0%;sama;92;0;0
050 CIKAMPEK\desa_3215050013.gpkg;3215_SLS\desa_3215050013.geojson;32150500130003;98.64%;sama;92;0;0
050 CIKAMPEK\desa_3215050013.gpkg;3215_SLS\desa_3215050013.geojson;32150500130085;100.0%;sama;92;0;0
050 CIKAMPEK\desa_3215050013.gpkg;3215_SLS\desa_3215050013.geojson;32150500130025;100.0%;sama;92;0;0
050 CIKAMPEK\desa_3215050013.gpkg;3215_SLS\desa_3215050013.geojson;32150500130086;100.0%;sama;92;0;0
050 CIKAMPEK\desa_3215050013.gpkg;3215_SLS\desa_3215050013.geojson;32150500130015;100.0%;sama;92;0;0
050 CIKAMPEK\desa_3215050013.gpkg;3215_SLS\desa_3215050013.geojson;32150500130064;100.0%;sama;92;0;0
050 CIKAMPEK\desa_3215050013.gpkg;3215_SLS\desa_3215050013.geojson;32150500130020;100.0%;sama;92;0;0
050 CIKAMPEK\desa_3215050013.gpkg;3215_SLS\desa_3215050013.geojson;32150500130067;100.0%;sama;92;0;0
050 CIKAMPEK\desa_3215050013.gpkg;3215_SLS\desa_3215050013.geojson;32150500130084;100.0%;sama;92;0;0
050 CIKAMPEK\desa_3215050013.gpkg;3215_SLS\desa_3215050013.geojson;32150500130051;100.0%;sama;92;0;0
050 CIKAMPEK\desa_3215050013.gpkg;3215_SLS\desa_3215050013.geojson;32150500130010;84.83%;sama;92;0;0
050 CIKAMPEK\desa_3215050013.gpkg;3215_SLS\desa_3215050013.geojson;32150500130059;100.0%;sama;92;0;0
050 CIKAMPEK\desa_3215050013.gpkg;3215_SLS\desa_3215050013.geojson;32150500130053;83.91%;sama;92;0;0
050 CIKAMPEK\desa_3215050013.gpkg;3215_SLS\desa_3215050013.geojson;32150500130065;100.0%;sama;92;0;0
050 CIKAMPEK\desa_3215050013.gpkg;3215_SLS\desa_3215050013.geojson;32150500130018;100.0%;sama;92;0;0
050 CIKAMPEK\desa_3215050013.gpkg;3215_SLS\desa_3215050013.geojson;32150500130061;100.0%;sama;92;0;0
050 CIKAMPEK\desa_3215050013.gpkg;3215_SLS\desa_3215050013.geojson;32150500130008;82.76%;sama;92;0;0
050 CIKAMPEK\desa_3215050013.gpkg;3215_SLS\desa_3215050013.geojson;32150500130046;81.5%;sama;92;0;0
050 CIKAMPEK\desa_3215050013.gpkg;3215_SLS\desa_3215050013.geojson;32150500130042;100.0%;sama;92;0;0
050 CIKAMPEK\desa_3215050013.gpkg;3215_SLS\desa_3215050013.geojson;32150500130055;65.53%;sama;92;0;0
050 CIKAMPEK\desa_3215050013.gpkg;3215_SLS\desa_3215050013.geojson;32150500130060;100.0%;sama;92;0;0
050 CIKAMPEK\desa_3215050013.gpkg;3215_SLS\desa_3215050013.geojson;32150500130043;100.0%;sama;92;0;0
050 CIKAMPEK\desa_3215050013.gpkg;3215_SLS\desa_3215050013.geojson;32150500130081;100.0%;sama;92;0;0
050 CIKAMPEK\desa_3215050013.gpkg;3215_SLS\desa_3215050013.geojson;32150500130007;76.74%;sama;92;0;0
050 CIKAMPEK\desa_3215050013.gpkg;3215_SLS\desa_3215050013.geojson;32150500130075;100.0%;sama;92;0;0
050 CIKAMPEK\desa_3215050013.gpkg;3215_SLS\desa_3215050013.geojson;32150500130016;100.0%;sama;92;0;0
050 CIKAMPEK\desa_3215050013.gpkg;3215_SLS\desa_3215050013.geojson;32150500130071;100.0%;sama;92;0;0
050 CIKAMPEK\desa_3215050013.gpkg;3215_SLS\desa_3215050013.geojson;32150500130011;91.72%;sama;92;0;0
050 CIKAMPEK\desa_3215050013.gpkg;3215_SLS\desa_3215050013.geojson;32150500130054;98.53%;sama;92;0;0
050 CIKAMPEK\desa_3215050013.gpkg;3215_SLS\desa_3215050013.geojson;32150500130057;100.0%;sama;92;0;0
050 CIKAMPEK\desa_3215050013.gpkg;3215_SLS\desa_3215050013.geojson;32150500130088;100.0%;sama;92;0;0
050 CIKAMPEK\desa_3215050013.gpkg;3215_SLS\desa_3215050013.geojson;32150500130024;100.0%;sama;92;0;0
050 CIKAMPEK\desa_3215050013.gpkg;3215_SLS\desa_3215050013.geojson;32150500130005;100.0%;sama;92;0;0
050 CIKAMPEK\desa_3215050013.gpkg;3215_SLS\desa_3215050013.geojson;32150500130066;100.0%;sama;92;0;0
050 CIKAMPEK\desa_3215050013.gpkg;3215_SLS\desa_3215050013.geojson;32150500130048;86.64%;sama;92;0;0
050 CIKAMPEK\desa_3215050013.gpkg;3215_SLS\desa_3215050013.geojson;32150500130049;100.0%;sama;92;0;0
050 CIKAMPEK\desa_3215050013.gpkg;3215_SLS\desa_3215050013.geojson;32150500130058;84.73%;sama;92;0;0
050 CIKAMPEK\desa_3215050013.gpkg;3215_SLS\desa_3215050013.geojson;32150500130021;100.0%;sama;92;0;0
050 CIKAMPEK\desa_3215050013.gpkg;3215_SLS\desa_3215050013.geojson;32150500130035;100.0%;sama;92;0;0
050 CIKAMPEK\desa_3215050013.gpkg;3215_SLS\desa_3215050013.geojson;32150500130039;90.36%;sama;92;0;0
050 CIKAMPEK\desa_3215050013.gpkg;3215_SLS\desa_3215050013.geojson;32150500130030;100.0%;sama;92;0;0
050 CIKAMPEK\desa_3215050013.gpkg;3215_SLS\desa_3215050013.geojson;32150500130073;100.0%;sama;92;0;0
050 CIKAMPEK\desa_3215050013.gpkg;3215_SLS\desa_3215050013.geojson;32150500130038;100.0%;sama;92;0;0
050 CIKAMPEK\desa_3215050013.gpkg;3215_SLS\desa_3215050013.geojson;32150500130037;100.0%;sama;92;0;0
050 CIKAMPEK\desa_3215050013.gpkg;3215_SLS\desa_3215050013.geojson;32150500130077;100.0%;sama;92;0;0
050 CIKAMPEK\desa_3215050013.gpkg;3215_SLS\desa_3215050013.geojson;32150500130036;100.0%;sama;92;0;0
050 CIKAMPEK\desa_3215050013.gpkg;3215_SLS\desa_3215050013.geojson;32150500130076;100.0%;sama;92;0;0
050 CIKAMPEK\desa_3215050013.gpkg;3215_SLS\desa_3215050013.geojson;32150500130079;100.0%;sama;92;0;0
050 CIKAMPEK\desa_3215050013.gpkg;3215_SLS\desa_3215050013.geojson;32150500130080;100.0%;sama;92;0;0
050 CIKAMPEK\desa_3215050013.gpkg;3215_SLS\desa_3215050013.geojson;32150500130087;100.0%;sama;92;0;0
050 CIKAMPEK\desa_3215050013.gpkg;3215_SLS\desa_3215050013.geojson;32150500130017;100.0%;sama;92;0;0
050 CIKAMPEK\desa_3215050013.gpkg;3215_SLS\desa_3215050013.geojson;32150500130070;100.0%;sama;92;0;0
050 CIKAMPEK\desa_3215050013.gpkg;3215_SLS\desa_3215050013.geojson;32150500131004;100.0%;sama;92;0;0
050 CIKAMPEK\desa_3215050013.gpkg;3215_SLS\desa_3215050013.geojson;32150500130072;100.0%;sama;92;0;0
050 CIKAMPEK\desa_3215050013.gpkg;3215_SLS\desa_3215050013.geojson;32150500130047;100.0%;sama;92;0;0
050 CIKAMPEK\desa_3215050013.gpkg;3215_SLS\desa_3215050013.geojson;32150500130001;93.02%;sama;92;0;0
050 CIKAMPEK\desa_3215050013.gpkg;3215_SLS\desa_3215050013.geojson;32150500130082;100.0%;sama;92;0;0
050 CIKAMPEK\desa_3215050013.gpkg;3215_SLS\desa_3215050013.geojson;32150500130045;100.0%;sama;92;0;0
050 CIKAMPEK\desa_3215050013.gpkg;3215_SLS\desa_3215050013.geojson;32150500130083;100.0%;sama;92;0;0
050 CIKAMPEK\desa_3215050013.gpkg;3215_SLS\desa_3215050013.geojson;32150500130078;100.0%;sama;92;0;0
050 CIKAMPEK\desa_3215050013.gpkg;3215_SLS\desa_3215050013.geojson;32150500130044;100.0%;sama;92;0;0
050 CIKAMPEK\desa_3215050013.gpkg;3215_SLS\desa_3215050013.geojson;32150500130050;100.0%;sama;92;0;0
050 CIKAMPEK\desa_3215050013.gpkg;3215_SLS\desa_3215050013.geojson;32150500130013;95.61%;sama;92;0;0
050 CIKAMPEK\desa_3215050013.gpkg;3215_SLS\desa_3215050013.geojson;32150500135001;99.96%;sama;92;0;0
050 CIKAMPEK\desa_3215050013.gpkg;3215_SLS\desa_3215050013.geojson;32150500131003;100.0%;sama;92;0;0
050 CIKAMPEK\desa_3215050013.gpkg;3215_SLS\desa_3215050013.geojson;32150500130032;100.0%;sama;92;0;0
050 CIKAMPEK\desa_3215050013.gpkg;3215_SLS\desa_3215050013.geojson;32150500130023;100.0%;sama;92;0;0
050 CIKAMPEK\desa_3215050013.gpkg;3215_SLS\desa_3215050013.geojson;32150500130056;100.0%;sama;92;0;0
050 CIKAMPEK\desa_3215050013.gpkg;3215_SLS\desa_3215050013.geojson;32150500130012;81.65%;sama;92;0;0
050 CIKAMPEK\desa_3215050013.gpkg;3215_SLS\desa_3215050013.geojson;32150500130014;100.0%;sama;92;0;0
050 CIKAMPEK\desa_3215050013.gpkg;3215_SLS\desa_3215050013.geojson;32150500130063;100.0%;sama;92;0;0
050 CIKAMPEK\desa_3215050013.gpkg;3215_SLS\desa_3215050013.geojson;32150500130002;100.0%;sama;92;0;0
050 CIKAMPEK\desa_3215050013.gpkg;3215_SLS\desa_3215050013.geojson;32150500130034;100.0%;sama;92;0;0
050 CIKAMPEK\desa_3215050013.gpkg;3215_SLS\desa_3215050013.geojson;32150500130068;100.0%;sama;92;0;0
050 CIKAMPEK\desa_3215050013.gpkg;3215_SLS\desa_3215050013.geojson;32150500130033;100.0%;sama;92;0;0
050 CIKAMPEK\desa_3215050013.gpkg;3215_SLS\desa_3215050013.geojson;32150500130004;100.0%;sama;92;0;0
050 CIKAMPEK\desa_3215050013.gpkg;3215_SLS\desa_3215050013.geojson;32150500130031;100.0%;sama;92;0;0
050 CIKAMPEK\desa_3215050013.gpkg;3215_SLS\desa_3215050013.geojson;32150500130069;100.0%;sama;92;0;0
050 CIKAMPEK\desa_3215050013.gpkg;3215_SLS\desa_3215050013.geojson;32150500130009;88.37%;sama;92;0;0
050 CIKAMPEK\desa_3215050013.gpkg;3215_SLS\desa_3215050013.geojson;32150500130041;100.0%;sama;92;0;0
050 CIKAMPEK\desa_3215050013.gpkg;3215_SLS\desa_3215050013.geojson;32150500130019;100.0%;sama;92;0;0
050 CIKAMPEK\desa_3215050013.gpkg;3215_SLS\desa_3215050013.geojson;32150500130022;100.0%;sama;92;0;0
050 CIKAMPEK\desa_3215050013.gpkg;3215_SLS\desa_3215050013.geojson;32150500130074;100.0%;sama;92;0;0
050 CIKAMPEK\desa_3215050013.gpkg;3215_SLS\desa_3215050013.geojson;32150500130006;100.0%;sama;92;0;0
050 CIKAMPEK\desa_3215050013.gpkg;3215_SLS\desa_3215050013.geojson;32150500130028;100.0%;sama;92;0;0
050 CIKAMPEK\desa_3215050013.gpkg;3215_SLS\desa_3215050013.geojson;32150500130026;100.0%;sama;92;0;0
050 CIKAMPEK\desa_3215050013.gpkg;3215_SLS\desa_3215050013.geojson;32150500130052;100.0%;sama;92;0;0
050 CIKAMPEK\desa_3215050013.gpkg;3215_SLS\desa_3215050013.geojson;32150500130029;100.0%;sama;92;0;0
050 CIKAMPEK\desa_3215050011 (2).gpkg;3215_SLS\desa_3215050011.geojson;32150500110065;97.35%;sama;90;0;1
050 CIKAMPEK\desa_3215050011 (2).gpkg;3215_SLS\desa_3215050011.geojson;32150500110030;90.6%;sama;90;0;1
050 CIKAMPEK\desa_3215050011 (2).gpkg;3215_SLS\desa_3215050011.geojson;32150500110069;100.0%;sama;90;0;1
050 CIKAMPEK\desa_3215050011 (2).gpkg;3215_SLS\desa_3215050011.geojson;32150500110078;100.0%;sama;90;0;1
050 CIKAMPEK\desa_3215050011 (2).gpkg;3215_SLS\desa_3215050011.geojson;32150500110058;90.86%;sama;90;0;1
050 CIKAMPEK\desa_3215050011 (2).gpkg;3215_SLS\desa_3215050011.geojson;32150500110038;60.55%;sama;90;0;1
050 CIKAMPEK\desa_3215050011 (2).gpkg;3215_SLS\desa_3215050011.geojson;32150500110013;72.81%;sama;90;0;1
050 CIKAMPEK\desa_3215050011 (2).gpkg;3215_SLS\desa_3215050011.geojson;32150500110036;96.6%;sama;90;0;1
050 CIKAMPEK\desa_3215050011 (2).gpkg;3215_SLS\desa_3215050011.geojson;32150500110034;100.0%;sama;90;0;1
050 CIKAMPEK\desa_3215050011 (2).gpkg;3215_SLS\desa_3215050011.geojson;32150500110050;100.0%;sama;90;0;1
050 CIKAMPEK\desa_3215050011 (2).gpkg;3215_SLS\desa_3215050011.geojson;32150500110090;53.41%;sama;90;0;1
050 CIKAMPEK\desa_3215050011 (2).gpkg;3215_SLS\desa_3215050011.geojson;32150500110051;100.0%;sama;90;0;1
050 CIKAMPEK\desa_3215050011 (2).gpkg;3215_SLS\desa_3215050011.geojson;32150500110003;100.0%;sama;90;0;1
050 CIKAMPEK\desa_3215050011 (2).gpkg;3215_SLS\desa_3215050011.geojson;32150500110037;79.72%;sama;90;0;1
050 CIKAMPEK\desa_3215050011 (2).gpkg;3215_SLS\desa_3215050011.geojson;32150500110047;94.26%;sama;90;0;1
050 CIKAMPEK\desa_3215050011 (2).gpkg;3215_SLS\desa_3215050011.geojson;32150500110054;100.0%;sama;90;0;1
050 CIKAMPEK\desa_3215050011 (2).gpkg;3215_SLS\desa_3215050011.geojson;32150500110032;100.0%;sama;90;0;1
050 CIKAMPEK\desa_3215050011 (2).gpkg;3215_SLS\desa_3215050011.geojson;32150500110048;100.0%;sama;90;0;1
050 CIKAMPEK\desa_3215050011 (2).gpkg;3215_SLS\desa_3215050011.geojson;32150500110046;100.0%;sama;90;0;1
050 CIKAMPEK\desa_3215050011 (2).gpkg;3215_SLS\desa_3215050011.geojson;32150500110042;100.0%;sama;90;0;1
050 CIKAMPEK\desa_3215050011 (2).gpkg;3215_SLS\desa_3215050011.geojson;32150500110061;100.0%;sama;90;0;1
050 CIKAMPEK\desa_3215050011 (2).gpkg;3215_SLS\desa_3215050011.geojson;32150500110064;88.63%;sama;90;0;1
050 CIKAMPEK\desa_3215050011 (2).gpkg;3215_SLS\desa_3215050011.geojson;32150500110012;95.04%;sama;90;0;1
050 CIKAMPEK\desa_3215050011 (2).gpkg;3215_SLS\desa_3215050011.geojson;32150500110014;68.59%;sama;90;0;1
050 CIKAMPEK\desa_3215050011 (2).gpkg;3215_SLS\desa_3215050011.geojson;32150500110072;100.0%;sama;90;0;1
050 CIKAMPEK\desa_3215050011 (2).gpkg;3215_SLS\desa_3215050011.geojson;32150500110033;97.27%;sama;90;0;1
050 CIKAMPEK\desa_3215050011 (2).gpkg;3215_SLS\desa_3215050011.geojson;32150500110011;100.0%;sama;90;0;1
050 CIKAMPEK\desa_3215050011 (2).gpkg;3215_SLS\desa_3215050011.geojson;32150500110053;100.0%;sama;90;0;1
050 CIKAMPEK\desa_3215050011 (2).gpkg;3215_SLS\desa_3215050011.geojson;32150500110025;100.0%;sama;90;0;1
050 CIKAMPEK\desa_3215050011 (2).gpkg;3215_SLS\desa_3215050011.geojson;32150500110045;100.0%;sama;90;0;1
050 CIKAMPEK\desa_3215050011 (2).gpkg;3215_SLS\desa_3215050011.geojson;32150500110029;91.52%;sama;90;0;1
050 CIKAMPEK\desa_3215050011 (2).gpkg;3215_SLS\desa_3215050011.geojson;32150500110005;95.58%;sama;90;0;1
050 CIKAMPEK\desa_3215050011 (2).gpkg;3215_SLS\desa_3215050011.geojson;32150500110010;100.0%;sama;90;0;1
050 CIKAMPEK\desa_3215050011 (2).gpkg;3215_SLS\desa_3215050011.geojson;32150500110067;83.09%;sama;90;0;1
050 CIKAMPEK\desa_3215050011 (2).gpkg;3215_SLS\desa_3215050011.geojson;32150500110028;99.03%;sama;90;0;1
050 CIKAMPEK\desa_3215050011 (2).gpkg;3215_SLS\desa_3215050011.geojson;32150500110062;71.76%;sama;90;0;1
050 CIKAMPEK\desa_3215050011 (2).gpkg;3215_SLS\desa_3215050011.geojson;32150500110022;100.0%;sama;90;0;1
050 CIKAMPEK\desa_3215050011 (2).gpkg;3215_SLS\desa_3215050011.geojson;32150500110002;95.72%;sama;90;0;1
050 CIKAMPEK\desa_3215050011 (2).gpkg;3215_SLS\desa_3215050011.geojson;32150500110086;81.19%;sama;90;0;1
050 CIKAMPEK\desa_3215050011 (2).gpkg;3215_SLS\desa_3215050011.geojson;32150500110023;100.0%;sama;90;0;1
050 CIKAMPEK\desa_3215050011 (2).gpkg;3215_SLS\desa_3215050011.geojson;32150500110059;27.68%;sama;90;0;1
050 CIKAMPEK\desa_3215050011 (2).gpkg;3215_SLS\desa_3215050011.geojson;32150500110009;92.26%;sama;90;0;1
050 CIKAMPEK\desa_3215050011 (2).gpkg;3215_SLS\desa_3215050011.geojson;32150500110071;92.68%;sama;90;0;1
050 CIKAMPEK\desa_3215050011 (2).gpkg;3215_SLS\desa_3215050011.geojson;32150500110066;100.0%;sama;90;0;1
050 CIKAMPEK\desa_3215050011 (2).gpkg;3215_SLS\desa_3215050011.geojson;32150500110060;84.83%;sama;90;0;1
050 CIKAMPEK\desa_3215050011 (2).gpkg;3215_SLS\desa_3215050011.geojson;32150500110092;91.07%;sama;90;0;1
050 CIKAMPEK\desa_3215050011 (2).gpkg;3215_SLS\desa_3215050011.geojson;32150500110049;100.0%;sama;90;0;1
050 CIKAMPEK\desa_3215050011 (2).gpkg;3215_SLS\desa_3215050011.geojson;32150500110076;100.0%;sama;90;0;1
050 CIKAMPEK\desa_3215050011 (2).gpkg;3215_SLS\desa_3215050011.geojson;32150500110017;84.45%;sama;90;0;1
050 CIKAMPEK\desa_3215050011 (2).gpkg;3215_SLS\desa_3215050011.geojson;32150500110024;100.0%;sama;90;0;1
050 CIKAMPEK\desa_3215050011 (2).gpkg;3215_SLS\desa_3215050011.geojson;32150500110016;89.79%;sama;90;0;1
050 CIKAMPEK\desa_3215050011 (2).gpkg;3215_SLS\desa_3215050011.geojson;32150500110018;60.29%;sama;90;0;1
050 CIKAMPEK\desa_3215050011 (2).gpkg;3215_SLS\desa_3215050011.geojson;32150500110020;89.35%;sama;90;0;1
050 CIKAMPEK\desa_3215050011 (2).gpkg;3215_SLS\desa_3215050011.geojson;32150500110056;90.3%;sama;90;0;1
050 CIKAMPEK\desa_3215050011 (2).gpkg;3215_SLS\desa_3215050011.geojson;32150500110073;100.0%;sama;90;0;1
050 CIKAMPEK\desa_3215050011 (2).gpkg;3215_SLS\desa_3215050011.geojson;32150500110021;100.0%;sama;90;0;1
050 CIKAMPEK\desa_3215050011 (2).gpkg;3215_SLS\desa_3215050011.geojson;32150500110039;82.61%;sama;90;0;1
050 CIKAMPEK\desa_3215050011 (2).gpkg;3215_SLS\desa_3215050011.geojson;32150500110081;94.62%;sama;90;0;1
050 CIKAMPEK\desa_3215050011 (2).gpkg;3215_SLS\desa_3215050011.geojson;32150500110008;57.68%;sama;90;0;1
050 CIKAMPEK\desa_3215050011 (2).gpkg;3215_SLS\desa_3215050011.geojson;32150500110001;96.67%;sama;90;0;1
050 CIKAMPEK\desa_3215050011 (2).gpkg;3215_SLS\desa_3215050011.geojson;32150500110057;29.11%;sama;90;0;1
050 CIKAMPEK\desa_3215050011 (2).gpkg;3215_SLS\desa_3215050011.geojson;32150500110026;94.91%;sama;90;0;1
050 CIKAMPEK\desa_3215050011 (2).gpkg;3215_SLS\desa_3215050011.geojson;32150500110077;100.0%;sama;90;0;1
050 CIKAMPEK\desa_3215050011 (2).gpkg;3215_SLS\desa_3215050011.geojson;32150500110079;100.0%;sama;90;0;1
050 CIKAMPEK\desa_3215050011 (2).gpkg;3215_SLS\desa_3215050011.geojson;32150500110004;95.87%;sama;90;0;1
050 CIKAMPEK\desa_3215050011 (2).gpkg;3215_SLS\desa_3215050011.geojson;32150500110007;100.0%;sama;90;0;1
050 CIKAMPEK\desa_3215050011 (2).gpkg;3215_SLS\desa_3215050011.geojson;32150500110015;96.73%;sama;90;0;1
050 CIKAMPEK\desa_3215050011 (2).gpkg;3215_SLS\desa_3215050011.geojson;32150500110095;92.72%;sama;90;0;1
050 CIKAMPEK\desa_3215050011 (2).gpkg;3215_SLS\desa_3215050011.geojson;32150500110068;19.16%;sama;90;0;1
050 CIKAMPEK\desa_3215050011 (2).gpkg;3215_SLS\desa_3215050011.geojson;32150500110019;81.68%;sama;90;0;1
050 CIKAMPEK\desa_3215050011 (2).gpkg;3215_SLS\desa_3215050011.geojson;32150500110043;81.05%;sama;90;0;1
050 CIKAMPEK\desa_3215050011 (2).gpkg;3215_SLS\desa_3215050011.geojson;32150500110075;100.0%;sama;90;0;1
050 CIKAMPEK\desa_3215050011 (2).gpkg;3215_SLS\desa_3215050011.geojson;32150500110063;93.17%;sama;90;0;1
050 CIKAMPEK\desa_3215050011 (2).gpkg;3215_SLS\desa_3215050011.geojson;32150500110084;71.18%;sama;90;0;1
050 CIKAMPEK\desa_3215050011 (2).gpkg;3215_SLS\desa_3215050011.geojson;32150500110052;100.0%;sama;90;0;1
050 CIKAMPEK\desa_3215050011 (2).gpkg;3215_SLS\desa_3215050011.geojson;32150500110027;96.4%;sama;90;0;1
050 CIKAMPEK\desa_3215050011 (2).gpkg;3215_SLS\desa_3215050011.geojson;32150500110055;72.51%;sama;90;0;1
050 CIKAMPEK\desa_3215050011 (2).gpkg;3215_SLS\desa_3215050011.geojson;32150500110040;95.6%;sama;90;0;1
050 CIKAMPEK\desa_3215050011 (2).gpkg;3215_SLS\desa_3215050011.geojson;32150500110041;92.82%;sama;90;0;1
050 CIKAMPEK\desa_3215050011 (2).gpkg;3215_SLS\desa_3215050011.geojson;32150500110074;100.0%;sama;90;0;1
050 CIKAMPEK\desa_3215050011 (2).gpkg;3215_SLS\desa_3215050011.geojson;32150500110083;81.7%;sama;90;0;1
050 CIKAMPEK\desa_3215050011 (2).gpkg;3215_SLS\desa_3215050011.geojson;32150500110093;0.0%;hanya_di_geojson;90;0;1
050 CIKAMPEK\desa_3215050011 (2).gpkg;3215_SLS\desa_3215050011.geojson;32150500110031;96.99%;sama;90;0;1
050 CIKAMPEK\desa_3215050011 (2).gpkg;3215_SLS\desa_3215050011.geojson;32150500110006;100.0%;sama;90;0;1
050 CIKAMPEK\desa_3215050011 (2).gpkg;3215_SLS\desa_3215050011.geojson;32150500110070;30.54%;sama;90;0;1
050 CIKAMPEK\desa_3215050011 (2).gpkg;3215_SLS\desa_3215050011.geojson;32150500110085;87.55%;sama;90;0;1
050 CIKAMPEK\desa_3215050011 (2).gpkg;3215_SLS\desa_3215050011.geojson;32150500110082;96.19%;sama;90;0;1
050 CIKAMPEK\desa_3215050011 (2).gpkg;3215_SLS\desa_3215050011.geojson;32150500110088;100.0%;sama;90;0;1
050 CIKAMPEK\desa_3215050011 (2).gpkg;3215_SLS\desa_3215050011.geojson;32150500110035;92.45%;sama;90;0;1
050 CIKAMPEK\desa_3215050011 (2).gpkg;3215_SLS\desa_3215050011.geojson;32150500110096;85.16%;sama;90;0;1
050 CIKAMPEK\desa_3215050011 (2).gpkg;3215_SLS\desa_3215050011.geojson;32150500110044;61.38%;sama;90;0;1
060 TIRTAMULYA\desa_3215060010.gpkg;3215_SLS\desa_3215060010.geojson;32150600101003;100.0%;sama;17;0;0
060 TIRTAMULYA\desa_3215060010.gpkg;3215_SLS\desa_3215060010.geojson;32150600100007;53.49%;sama;17;0;0
060 TIRTAMULYA\desa_3215060010.gpkg;3215_SLS\desa_3215060010.geojson;32150600100005;100.0%;sama;17;0;0
060 TIRTAMULYA\desa_3215060010.gpkg;3215_SLS\desa_3215060010.geojson;32150600100001;100.0%;sama;17;0;0
060 TIRTAMULYA\desa_3215060010.gpkg;3215_SLS\desa_3215060010.geojson;32150600100009;100.0%;sama;17;0;0
060 TIRTAMULYA\desa_3215060010.gpkg;3215_SLS\desa_3215060010.geojson;32150600100012;100.0%;sama;17;0;0
060 TIRTAMULYA\desa_3215060010.gpkg;3215_SLS\desa_3215060010.geojson;32150600100011;100.0%;sama;17;0;0
060 TIRTAMULYA\desa_3215060010.gpkg;3215_SLS\desa_3215060010.geojson;32150600100002;100.0%;sama;17;0;0
060 TIRTAMULYA\desa_3215060010.gpkg;3215_SLS\desa_3215060010.geojson;32150600101001;100.0%;sama;17;0;0
060 TIRTAMULYA\desa_3215060010.gpkg;3215_SLS\desa_3215060010.geojson;32150600100010;15.51%;sama;17;0;0
060 TIRTAMULYA\desa_3215060010.gpkg;3215_SLS\desa_3215060010.geojson;32150600100008;100.0%;sama;17;0;0
060 TIRTAMULYA\desa_3215060010.gpkg;3215_SLS\desa_3215060010.geojson;32150600100003;100.0%;sama;17;0;0
060 TIRTAMULYA\desa_3215060010.gpkg;3215_SLS\desa_3215060010.geojson;32150600100006;100.0%;sama;17;0;0
060 TIRTAMULYA\desa_3215060010.gpkg;3215_SLS\desa_3215060010.geojson;32150600100004;100.0%;sama;17;0;0
060 TIRTAMULYA\desa_3215060010.gpkg;3215_SLS\desa_3215060010.geojson;32150600100013;49.56%;sama;17;0;0
060 TIRTAMULYA\desa_3215060010.gpkg;3215_SLS\desa_3215060010.geojson;32150600101002;78.23%;sama;17;0;0
060 TIRTAMULYA\desa_3215060010.gpkg;3215_SLS\desa_3215060010.geojson;32150600100014;25.51%;sama;17;0;0
060 TIRTAMULYA\desa_3215060008.gpkg;3215_SLS\desa_3215060008.geojson;32150600081001;0.0%;hanya_di_gpkg;16;3;0
060 TIRTAMULYA\desa_3215060008.gpkg;3215_SLS\desa_3215060008.geojson;32150600081003;0.0%;hanya_di_gpkg;16;3;0
060 TIRTAMULYA\desa_3215060008.gpkg;3215_SLS\desa_3215060008.geojson;32150600080015;38.71%;sama;16;3;0
060 TIRTAMULYA\desa_3215060008.gpkg;3215_SLS\desa_3215060008.geojson;32150600080006;17.57%;sama;16;3;0
060 TIRTAMULYA\desa_3215060008.gpkg;3215_SLS\desa_3215060008.geojson;32150600080008;100.0%;sama;16;3;0
060 TIRTAMULYA\desa_3215060008.gpkg;3215_SLS\desa_3215060008.geojson;32150600080013;10.43%;sama;16;3;0
060 TIRTAMULYA\desa_3215060008.gpkg;3215_SLS\desa_3215060008.geojson;32150600080012;100.0%;sama;16;3;0
060 TIRTAMULYA\desa_3215060008.gpkg;3215_SLS\desa_3215060008.geojson;32150600080010;100.0%;sama;16;3;0
060 TIRTAMULYA\desa_3215060008.gpkg;3215_SLS\desa_3215060008.geojson;32150600080014;100.0%;sama;16;3;0
060 TIRTAMULYA\desa_3215060008.gpkg;3215_SLS\desa_3215060008.geojson;32150600080009;10.75%;sama;16;3;0
060 TIRTAMULYA\desa_3215060008.gpkg;3215_SLS\desa_3215060008.geojson;32150600080005;100.0%;sama;16;3;0
060 TIRTAMULYA\desa_3215060008.gpkg;3215_SLS\desa_3215060008.geojson;32150600080003;100.0%;sama;16;3;0
060 TIRTAMULYA\desa_3215060008.gpkg;3215_SLS\desa_3215060008.geojson;32150600080007;11.1%;sama;16;3;0
060 TIRTAMULYA\desa_3215060008.gpkg;3215_SLS\desa_3215060008.geojson;32150600080002;100.0%;sama;16;3;0
060 TIRTAMULYA\desa_3215060008.gpkg;3215_SLS\desa_3215060008.geojson;32150600080016;100.0%;sama;16;3;0
060 TIRTAMULYA\desa_3215060008.gpkg;3215_SLS\desa_3215060008.geojson;32150600080001;100.0%;sama;16;3;0
060 TIRTAMULYA\desa_3215060008.gpkg;3215_SLS\desa_3215060008.geojson;32150600080011;100.0%;sama;16;3;0
060 TIRTAMULYA\desa_3215060008.gpkg;3215_SLS\desa_3215060008.geojson;32150600081002;0.0%;hanya_di_gpkg;16;3;0
060 TIRTAMULYA\desa_3215060008.gpkg;3215_SLS\desa_3215060008.geojson;32150600080004;100.0%;sama;16;3;0
060 TIRTAMULYA\desa_3215060009.gpkg;3215_SLS\desa_3215060009.geojson;32150600090010;0.0%;hanya_di_geojson;8;0;2
060 TIRTAMULYA\desa_3215060009.gpkg;3215_SLS\desa_3215060009.geojson;32150600090008;100.0%;sama;8;0;2
060 TIRTAMULYA\desa_3215060009.gpkg;3215_SLS\desa_3215060009.geojson;32150600090007;100.0%;sama;8;0;2
060 TIRTAMULYA\desa_3215060009.gpkg;3215_SLS\desa_3215060009.geojson;32150600090006;100.0%;sama;8;0;2
060 TIRTAMULYA\desa_3215060009.gpkg;3215_SLS\desa_3215060009.geojson;32150600090009;0.0%;hanya_di_geojson;8;0;2
060 TIRTAMULYA\desa_3215060009.gpkg;3215_SLS\desa_3215060009.geojson;32150600090003;100.0%;sama;8;0;2
060 TIRTAMULYA\desa_3215060009.gpkg;3215_SLS\desa_3215060009.geojson;32150600090001;100.0%;sama;8;0;2
060 TIRTAMULYA\desa_3215060009.gpkg;3215_SLS\desa_3215060009.geojson;32150600090004;100.0%;sama;8;0;2
060 TIRTAMULYA\desa_3215060009.gpkg;3215_SLS\desa_3215060009.geojson;32150600090002;100.0%;sama;8;0;2
060 TIRTAMULYA\desa_3215060009.gpkg;3215_SLS\desa_3215060009.geojson;32150600090005;100.0%;sama;8;0;2
060 TIRTAMULYA\desa_3215060006.gpkg;3215_SLS\desa_3215060006.geojson;32150600060001;100.0%;sama;15;0;2
060 TIRTAMULYA\desa_3215060006.gpkg;3215_SLS\desa_3215060006.geojson;32150600060003;0.0%;hanya_di_geojson;15;0;2
060 TIRTAMULYA\desa_3215060006.gpkg;3215_SLS\desa_3215060006.geojson;32150600060011;100.0%;sama;15;0;2
060 TIRTAMULYA\desa_3215060006.gpkg;3215_SLS\desa_3215060006.geojson;32150600061001;77.9%;sama;15;0;2
060 TIRTAMULYA\desa_3215060006.gpkg;3215_SLS\desa_3215060006.geojson;32150600060004;0.0%;hanya_di_geojson;15;0;2
060 TIRTAMULYA\desa_3215060006.gpkg;3215_SLS\desa_3215060006.geojson;32150600060013;100.0%;sama;15;0;2
060 TIRTAMULYA\desa_3215060006.gpkg;3215_SLS\desa_3215060006.geojson;32150600060016;100.0%;sama;15;0;2
060 TIRTAMULYA\desa_3215060006.gpkg;3215_SLS\desa_3215060006.geojson;32150600060012;100.0%;sama;15;0;2
060 TIRTAMULYA\desa_3215060006.gpkg;3215_SLS\desa_3215060006.geojson;32150600060005;100.0%;sama;15;0;2
060 TIRTAMULYA\desa_3215060006.gpkg;3215_SLS\desa_3215060006.geojson;32150600060015;100.0%;sama;15;0;2
060 TIRTAMULYA\desa_3215060006.gpkg;3215_SLS\desa_3215060006.geojson;32150600060002;100.0%;sama;15;0;2
060 TIRTAMULYA\desa_3215060006.gpkg;3215_SLS\desa_3215060006.geojson;32150600060007;100.0%;sama;15;0;2
060 TIRTAMULYA\desa_3215060006.gpkg;3215_SLS\desa_3215060006.geojson;32150600060008;100.0%;sama;15;0;2
060 TIRTAMULYA\desa_3215060006.gpkg;3215_SLS\desa_3215060006.geojson;32150600060014;100.0%;sama;15;0;2
060 TIRTAMULYA\desa_3215060006.gpkg;3215_SLS\desa_3215060006.geojson;32150600060006;72.92%;sama;15;0;2
060 TIRTAMULYA\desa_3215060006.gpkg;3215_SLS\desa_3215060006.geojson;32150600060009;100.0%;sama;15;0;2
060 TIRTAMULYA\desa_3215060006.gpkg;3215_SLS\desa_3215060006.geojson;32150600060010;100.0%;sama;15;0;2
060 TIRTAMULYA\desa_3215060007.gpkg;3215_SLS\desa_3215060007.geojson;32150600070008;100.0%;sama;13;0;0
060 TIRTAMULYA\desa_3215060007.gpkg;3215_SLS\desa_3215060007.geojson;32150600070005;100.0%;sama;13;0;0
060 TIRTAMULYA\desa_3215060007.gpkg;3215_SLS\desa_3215060007.geojson;32150600070007;100.0%;sama;13;0;0
060 TIRTAMULYA\desa_3215060007.gpkg;3215_SLS\desa_3215060007.geojson;32150600070003;96.32%;sama;13;0;0
060 TIRTAMULYA\desa_3215060007.gpkg;3215_SLS\desa_3215060007.geojson;32150600070001;88.72%;sama;13;0;0
060 TIRTAMULYA\desa_3215060007.gpkg;3215_SLS\desa_3215060007.geojson;32150600070010;100.0%;sama;13;0;0
060 TIRTAMULYA\desa_3215060007.gpkg;3215_SLS\desa_3215060007.geojson;32150600070004;100.0%;sama;13;0;0
060 TIRTAMULYA\desa_3215060007.gpkg;3215_SLS\desa_3215060007.geojson;32150600070012;100.0%;sama;13;0;0
060 TIRTAMULYA\desa_3215060007.gpkg;3215_SLS\desa_3215060007.geojson;32150600070013;98.96%;sama;13;0;0
060 TIRTAMULYA\desa_3215060007.gpkg;3215_SLS\desa_3215060007.geojson;32150600070002;100.0%;sama;13;0;0
060 TIRTAMULYA\desa_3215060007.gpkg;3215_SLS\desa_3215060007.geojson;32150600070006;100.0%;sama;13;0;0
060 TIRTAMULYA\desa_3215060007.gpkg;3215_SLS\desa_3215060007.geojson;32150600070009;100.0%;sama;13;0;0
060 TIRTAMULYA\desa_3215060007.gpkg;3215_SLS\desa_3215060007.geojson;32150600070011;100.0%;sama;13;0;0
060 TIRTAMULYA\desa_3215060005.gpkg;3215_SLS\desa_3215060005.geojson;32150600051002;0.0%;hanya_di_gpkg;19;2;0
060 TIRTAMULYA\desa_3215060005.gpkg;3215_SLS\desa_3215060005.geojson;32150600050002;100.0%;sama;19;2;0
060 TIRTAMULYA\desa_3215060005.gpkg;3215_SLS\desa_3215060005.geojson;32150600050008;39.29%;sama;19;2;0
060 TIRTAMULYA\desa_3215060005.gpkg;3215_SLS\desa_3215060005.geojson;32150600050005;16.94%;sama;19;2;0
060 TIRTAMULYA\desa_3215060005.gpkg;3215_SLS\desa_3215060005.geojson;32150600050004;100.0%;sama;19;2;0
060 TIRTAMULYA\desa_3215060005.gpkg;3215_SLS\desa_3215060005.geojson;32150600050012;100.0%;sama;19;2;0
060 TIRTAMULYA\desa_3215060005.gpkg;3215_SLS\desa_3215060005.geojson;32150600051001;0.0%;hanya_di_gpkg;19;2;0
060 TIRTAMULYA\desa_3215060005.gpkg;3215_SLS\desa_3215060005.geojson;32150600050019;100.0%;sama;19;2;0
060 TIRTAMULYA\desa_3215060005.gpkg;3215_SLS\desa_3215060005.geojson;32150600050011;47.59%;sama;19;2;0
060 TIRTAMULYA\desa_3215060005.gpkg;3215_SLS\desa_3215060005.geojson;32150600050013;52.7%;sama;19;2;0
060 TIRTAMULYA\desa_3215060005.gpkg;3215_SLS\desa_3215060005.geojson;32150600050015;32.43%;sama;19;2;0
060 TIRTAMULYA\desa_3215060005.gpkg;3215_SLS\desa_3215060005.geojson;32150600050014;89.66%;sama;19;2;0
060 TIRTAMULYA\desa_3215060005.gpkg;3215_SLS\desa_3215060005.geojson;32150600050009;76.75%;sama;19;2;0
060 TIRTAMULYA\desa_3215060005.gpkg;3215_SLS\desa_3215060005.geojson;32150600050010;60.48%;sama;19;2;0
060 TIRTAMULYA\desa_3215060005.gpkg;3215_SLS\desa_3215060005.geojson;32150600050018;100.0%;sama;19;2;0
060 TIRTAMULYA\desa_3215060005.gpkg;3215_SLS\desa_3215060005.geojson;32150600050007;100.0%;sama;19;2;0
060 TIRTAMULYA\desa_3215060005.gpkg;3215_SLS\desa_3215060005.geojson;32150600050017;100.0%;sama;19;2;0
060 TIRTAMULYA\desa_3215060005.gpkg;3215_SLS\desa_3215060005.geojson;32150600050001;100.0%;sama;19;2;0
060 TIRTAMULYA\desa_3215060005.gpkg;3215_SLS\desa_3215060005.geojson;32150600050003;100.0%;sama;19;2;0
060 TIRTAMULYA\desa_3215060005.gpkg;3215_SLS\desa_3215060005.geojson;32150600050016;100.0%;sama;19;2;0
060 TIRTAMULYA\desa_3215060005.gpkg;3215_SLS\desa_3215060005.geojson;32150600050006;35.47%;sama;19;2;0
060 TIRTAMULYA\desa_3215060004.gpkg;3215_SLS\desa_3215060004.geojson;32150600040002;100.0%;sama;9;0;0
060 TIRTAMULYA\desa_3215060004.gpkg;3215_SLS\desa_3215060004.geojson;32150600040008;100.0%;sama;9;0;0
060 TIRTAMULYA\desa_3215060004.gpkg;3215_SLS\desa_3215060004.geojson;32150600040006;100.0%;sama;9;0;0
060 TIRTAMULYA\desa_3215060004.gpkg;3215_SLS\desa_3215060004.geojson;32150600040009;100.0%;sama;9;0;0
060 TIRTAMULYA\desa_3215060004.gpkg;3215_SLS\desa_3215060004.geojson;32150600040004;100.0%;sama;9;0;0
060 TIRTAMULYA\desa_3215060004.gpkg;3215_SLS\desa_3215060004.geojson;32150600040005;100.0%;sama;9;0;0
060 TIRTAMULYA\desa_3215060004.gpkg;3215_SLS\desa_3215060004.geojson;32150600040003;100.0%;sama;9;0;0
060 TIRTAMULYA\desa_3215060004.gpkg;3215_SLS\desa_3215060004.geojson;32150600040007;100.0%;sama;9;0;0
060 TIRTAMULYA\desa_3215060004.gpkg;3215_SLS\desa_3215060004.geojson;32150600040001;100.0%;sama;9;0;0
051 PURWASARI\desa_3215051005.gpkg;3215_SLS\desa_3215051005.geojson;32150510050008;62.72%;sama;12;3;0
051 PURWASARI\desa_3215051005.gpkg;3215_SLS\desa_3215051005.geojson;32150510050011;100.0%;sama;12;3;0
051 PURWASARI\desa_3215051005.gpkg;3215_SLS\desa_3215051005.geojson;32150510050001;100.0%;sama;12;3;0
051 PURWASARI\desa_3215051005.gpkg;3215_SLS\desa_3215051005.geojson;32150510051003;0.0%;hanya_di_gpkg;12;3;0
051 PURWASARI\desa_3215051005.gpkg;3215_SLS\desa_3215051005.geojson;32150510050010;100.0%;sama;12;3;0
051 PURWASARI\desa_3215051005.gpkg;3215_SLS\desa_3215051005.geojson;32150510050005;100.0%;sama;12;3;0
051 PURWASARI\desa_3215051005.gpkg;3215_SLS\desa_3215051005.geojson;32150510050003;22.8%;sama;12;3;0
051 PURWASARI\desa_3215051005.gpkg;3215_SLS\desa_3215051005.geojson;32150510050006;60.76%;sama;12;3;0
051 PURWASARI\desa_3215051005.gpkg;3215_SLS\desa_3215051005.geojson;32150510050004;20.9%;sama;12;3;0
051 PURWASARI\desa_3215051005.gpkg;3215_SLS\desa_3215051005.geojson;32150510051002;0.0%;hanya_di_gpkg;12;3;0
051 PURWASARI\desa_3215051005.gpkg;3215_SLS\desa_3215051005.geojson;32150510050007;100.0%;sama;12;3;0
051 PURWASARI\desa_3215051005.gpkg;3215_SLS\desa_3215051005.geojson;32150510051001;0.0%;hanya_di_gpkg;12;3;0
051 PURWASARI\desa_3215051005.gpkg;3215_SLS\desa_3215051005.geojson;32150510050009;15.49%;sama;12;3;0
051 PURWASARI\desa_3215051005.gpkg;3215_SLS\desa_3215051005.geojson;32150510050012;32.02%;sama;12;3;0
051 PURWASARI\desa_3215051005.gpkg;3215_SLS\desa_3215051005.geojson;32150510050002;43.65%;sama;12;3;0
051 PURWASARI\desa_3215051002 (1).gpkg;3215_SLS\desa_3215051002.geojson;32150510020003;100.0%;sama;14;0;0
051 PURWASARI\desa_3215051002 (1).gpkg;3215_SLS\desa_3215051002.geojson;32150510020006;92.59%;sama;14;0;0
051 PURWASARI\desa_3215051002 (1).gpkg;3215_SLS\desa_3215051002.geojson;32150510020011;100.0%;sama;14;0;0
051 PURWASARI\desa_3215051002 (1).gpkg;3215_SLS\desa_3215051002.geojson;32150510020010;100.0%;sama;14;0;0
051 PURWASARI\desa_3215051002 (1).gpkg;3215_SLS\desa_3215051002.geojson;32150510020004;100.0%;sama;14;0;0
051 PURWASARI\desa_3215051002 (1).gpkg;3215_SLS\desa_3215051002.geojson;32150510020002;98.62%;sama;14;0;0
051 PURWASARI\desa_3215051002 (1).gpkg;3215_SLS\desa_3215051002.geojson;32150510020014;100.0%;sama;14;0;0
051 PURWASARI\desa_3215051002 (1).gpkg;3215_SLS\desa_3215051002.geojson;32150510020007;100.0%;sama;14;0;0
051 PURWASARI\desa_3215051002 (1).gpkg;3215_SLS\desa_3215051002.geojson;32150510020009;100.0%;sama;14;0;0
051 PURWASARI\desa_3215051002 (1).gpkg;3215_SLS\desa_3215051002.geojson;32150510020013;100.0%;sama;14;0;0
051 PURWASARI\desa_3215051002 (1).gpkg;3215_SLS\desa_3215051002.geojson;32150510020008;100.0%;sama;14;0;0
051 PURWASARI\desa_3215051002 (1).gpkg;3215_SLS\desa_3215051002.geojson;32150510020005;91.73%;sama;14;0;0
051 PURWASARI\desa_3215051002 (1).gpkg;3215_SLS\desa_3215051002.geojson;32150510020001;99.8%;sama;14;0;0
051 PURWASARI\desa_3215051002 (1).gpkg;3215_SLS\desa_3215051002.geojson;32150510020012;100.0%;sama;14;0;0
051 PURWASARI\desa_3215051001 (1).gpkg;3215_SLS\desa_3215051001.geojson;32150510010002;100.0%;sama;16;0;1
051 PURWASARI\desa_3215051001 (1).gpkg;3215_SLS\desa_3215051001.geojson;32150510010006;99.19%;sama;16;0;1
051 PURWASARI\desa_3215051001 (1).gpkg;3215_SLS\desa_3215051001.geojson;32150510010004;100.0%;sama;16;0;1
051 PURWASARI\desa_3215051001 (1).gpkg;3215_SLS\desa_3215051001.geojson;32150510010011;100.0%;sama;16;0;1
051 PURWASARI\desa_3215051001 (1).gpkg;3215_SLS\desa_3215051001.geojson;32150510010008;100.0%;sama;16;0;1
051 PURWASARI\desa_3215051001 (1).gpkg;3215_SLS\desa_3215051001.geojson;32150510010003;100.0%;sama;16;0;1
051 PURWASARI\desa_3215051001 (1).gpkg;3215_SLS\desa_3215051001.geojson;32150510010007;100.0%;sama;16;0;1
051 PURWASARI\desa_3215051001 (1).gpkg;3215_SLS\desa_3215051001.geojson;32150510010009;0.0%;hanya_di_geojson;16;0;1
051 PURWASARI\desa_3215051001 (1).gpkg;3215_SLS\desa_3215051001.geojson;32150510011001;100.0%;sama;16;0;1
051 PURWASARI\desa_3215051001 (1).gpkg;3215_SLS\desa_3215051001.geojson;32150510010014;100.0%;sama;16;0;1
051 PURWASARI\desa_3215051001 (1).gpkg;3215_SLS\desa_3215051001.geojson;32150510010016;100.0%;sama;16;0;1
051 PURWASARI\desa_3215051001 (1).gpkg;3215_SLS\desa_3215051001.geojson;32150510010013;89.6%;sama;16;0;1
051 PURWASARI\desa_3215051001 (1).gpkg;3215_SLS\desa_3215051001.geojson;32150510010010;100.0%;sama;16;0;1
051 PURWASARI\desa_3215051001 (1).gpkg;3215_SLS\desa_3215051001.geojson;32150510010001;100.0%;sama;16;0;1
051 PURWASARI\desa_3215051001 (1).gpkg;3215_SLS\desa_3215051001.geojson;32150510010012;100.0%;sama;16;0;1
051 PURWASARI\desa_3215051001 (1).gpkg;3215_SLS\desa_3215051001.geojson;32150510010005;15.88%;sama;16;0;1
051 PURWASARI\desa_3215051001 (1).gpkg;3215_SLS\desa_3215051001.geojson;32150510010015;100.0%;sama;16;0;1
040 KLARI\desa_3215040003.gpkg;3215_SLS\desa_3215040003.geojson;32150400030002;100.0%;sama;22;0;0
040 KLARI\desa_3215040003.gpkg;3215_SLS\desa_3215040003.geojson;32150400030019;100.0%;sama;22;0;0
040 KLARI\desa_3215040003.gpkg;3215_SLS\desa_3215040003.geojson;32150400030017;100.0%;sama;22;0;0
040 KLARI\desa_3215040003.gpkg;3215_SLS\desa_3215040003.geojson;32150400031003;100.0%;sama;22;0;0
040 KLARI\desa_3215040003.gpkg;3215_SLS\desa_3215040003.geojson;32150400030005;100.0%;sama;22;0;0
040 KLARI\desa_3215040003.gpkg;3215_SLS\desa_3215040003.geojson;32150400030001;100.0%;sama;22;0;0
040 KLARI\desa_3215040003.gpkg;3215_SLS\desa_3215040003.geojson;32150400030014;100.0%;sama;22;0;0
040 KLARI\desa_3215040003.gpkg;3215_SLS\desa_3215040003.geojson;32150400030018;100.0%;sama;22;0;0
040 KLARI\desa_3215040003.gpkg;3215_SLS\desa_3215040003.geojson;32150400031001;100.0%;sama;22;0;0
040 KLARI\desa_3215040003.gpkg;3215_SLS\desa_3215040003.geojson;32150400030011;100.0%;sama;22;0;0
040 KLARI\desa_3215040003.gpkg;3215_SLS\desa_3215040003.geojson;32150400030013;100.0%;sama;22;0;0
040 KLARI\desa_3215040003.gpkg;3215_SLS\desa_3215040003.geojson;32150400030015;100.0%;sama;22;0;0
040 KLARI\desa_3215040003.gpkg;3215_SLS\desa_3215040003.geojson;32150400030008;100.0%;sama;22;0;0
040 KLARI\desa_3215040003.gpkg;3215_SLS\desa_3215040003.geojson;32150400030006;100.0%;sama;22;0;0
040 KLARI\desa_3215040003.gpkg;3215_SLS\desa_3215040003.geojson;32150400030003;100.0%;sama;22;0;0
040 KLARI\desa_3215040003.gpkg;3215_SLS\desa_3215040003.geojson;32150400030010;100.0%;sama;22;0;0
040 KLARI\desa_3215040003.gpkg;3215_SLS\desa_3215040003.geojson;32150400030009;100.0%;sama;22;0;0
040 KLARI\desa_3215040003.gpkg;3215_SLS\desa_3215040003.geojson;32150400031002;100.0%;sama;22;0;0
040 KLARI\desa_3215040003.gpkg;3215_SLS\desa_3215040003.geojson;32150400030007;100.0%;sama;22;0;0
040 KLARI\desa_3215040003.gpkg;3215_SLS\desa_3215040003.geojson;32150400030016;100.0%;sama;22;0;0
040 KLARI\desa_3215040003.gpkg;3215_SLS\desa_3215040003.geojson;32150400030012;100.0%;sama;22;0;0
040 KLARI\desa_3215040003.gpkg;3215_SLS\desa_3215040003.geojson;32150400030004;100.0%;sama;22;0;0
040 KLARI\desa_3215040013.gpkg;3215_SLS\desa_3215040013.geojson;32150400130019;100.0%;sama;90;0;0
040 KLARI\desa_3215040013.gpkg;3215_SLS\desa_3215040013.geojson;32150400130051;100.0%;sama;90;0;0
040 KLARI\desa_3215040013.gpkg;3215_SLS\desa_3215040013.geojson;32150400130042;100.0%;sama;90;0;0
040 KLARI\desa_3215040013.gpkg;3215_SLS\desa_3215040013.geojson;32150400130066;100.0%;sama;90;0;0
040 KLARI\desa_3215040013.gpkg;3215_SLS\desa_3215040013.geojson;32150400130050;100.0%;sama;90;0;0
040 KLARI\desa_3215040013.gpkg;3215_SLS\desa_3215040013.geojson;32150400130048;100.0%;sama;90;0;0
040 KLARI\desa_3215040013.gpkg;3215_SLS\desa_3215040013.geojson;32150400131001;100.0%;sama;90;0;0
040 KLARI\desa_3215040013.gpkg;3215_SLS\desa_3215040013.geojson;32150400130076;100.0%;sama;90;0;0
040 KLARI\desa_3215040013.gpkg;3215_SLS\desa_3215040013.geojson;32150400130008;100.0%;sama;90;0;0
040 KLARI\desa_3215040013.gpkg;3215_SLS\desa_3215040013.geojson;32150400130038;100.0%;sama;90;0;0
040 KLARI\desa_3215040013.gpkg;3215_SLS\desa_3215040013.geojson;32150400130074;75.86%;sama;90;0;0
040 KLARI\desa_3215040013.gpkg;3215_SLS\desa_3215040013.geojson;32150400130024;100.0%;sama;90;0;0
040 KLARI\desa_3215040013.gpkg;3215_SLS\desa_3215040013.geojson;32150400130002;100.0%;sama;90;0;0
040 KLARI\desa_3215040013.gpkg;3215_SLS\desa_3215040013.geojson;32150400130033;61.41%;sama;90;0;0
040 KLARI\desa_3215040013.gpkg;3215_SLS\desa_3215040013.geojson;32150400130011;100.0%;sama;90;0;0
040 KLARI\desa_3215040013.gpkg;3215_SLS\desa_3215040013.geojson;32150400130031;100.0%;sama;90;0;0
040 KLARI\desa_3215040013.gpkg;3215_SLS\desa_3215040013.geojson;32150400130071;100.0%;sama;90;0;0
040 KLARI\desa_3215040013.gpkg;3215_SLS\desa_3215040013.geojson;32150400130021;100.0%;sama;90;0;0
040 KLARI\desa_3215040013.gpkg;3215_SLS\desa_3215040013.geojson;32150400130080;100.0%;sama;90;0;0
040 KLARI\desa_3215040013.gpkg;3215_SLS\desa_3215040013.geojson;32150400130017;100.0%;sama;90;0;0
040 KLARI\desa_3215040013.gpkg;3215_SLS\desa_3215040013.geojson;32150400130022;100.0%;sama;90;0;0
040 KLARI\desa_3215040013.gpkg;3215_SLS\desa_3215040013.geojson;32150400130046;100.0%;sama;90;0;0
040 KLARI\desa_3215040013.gpkg;3215_SLS\desa_3215040013.geojson;32150400130055;100.0%;sama;90;0;0
040 KLARI\desa_3215040013.gpkg;3215_SLS\desa_3215040013.geojson;32150400130025;100.0%;sama;90;0;0
040 KLARI\desa_3215040013.gpkg;3215_SLS\desa_3215040013.geojson;32150400130013;100.0%;sama;90;0;0
040 KLARI\desa_3215040013.gpkg;3215_SLS\desa_3215040013.geojson;32150400130068;100.0%;sama;90;0;0
040 KLARI\desa_3215040013.gpkg;3215_SLS\desa_3215040013.geojson;32150400130063;100.0%;sama;90;0;0
040 KLARI\desa_3215040013.gpkg;3215_SLS\desa_3215040013.geojson;32150400130056;100.0%;sama;90;0;0
040 KLARI\desa_3215040013.gpkg;3215_SLS\desa_3215040013.geojson;32150400130045;94.65%;sama;90;0;0
040 KLARI\desa_3215040013.gpkg;3215_SLS\desa_3215040013.geojson;32150400130016;100.0%;sama;90;0;0
040 KLARI\desa_3215040013.gpkg;3215_SLS\desa_3215040013.geojson;32150400130047;100.0%;sama;90;0;0
040 KLARI\desa_3215040013.gpkg;3215_SLS\desa_3215040013.geojson;32150400130073;100.0%;sama;90;0;0
040 KLARI\desa_3215040013.gpkg;3215_SLS\desa_3215040013.geojson;32150400130077;100.0%;sama;90;0;0
040 KLARI\desa_3215040013.gpkg;3215_SLS\desa_3215040013.geojson;32150400130018;100.0%;sama;90;0;0
040 KLARI\desa_3215040013.gpkg;3215_SLS\desa_3215040013.geojson;32150400130040;100.0%;sama;90;0;0
040 KLARI\desa_3215040013.gpkg;3215_SLS\desa_3215040013.geojson;32150400130037;99.34%;sama;90;0;0
040 KLARI\desa_3215040013.gpkg;3215_SLS\desa_3215040013.geojson;32150400130015;100.0%;sama;90;0;0
040 KLARI\desa_3215040013.gpkg;3215_SLS\desa_3215040013.geojson;32150400130044;94.0%;sama;90;0;0
040 KLARI\desa_3215040013.gpkg;3215_SLS\desa_3215040013.geojson;32150400130070;100.0%;sama;90;0;0
040 KLARI\desa_3215040013.gpkg;3215_SLS\desa_3215040013.geojson;32150400130067;100.0%;sama;90;0;0
040 KLARI\desa_3215040013.gpkg;3215_SLS\desa_3215040013.geojson;32150400130057;89.89%;sama;90;0;0
040 KLARI\desa_3215040013.gpkg;3215_SLS\desa_3215040013.geojson;32150400130003;100.0%;sama;90;0;0
040 KLARI\desa_3215040013.gpkg;3215_SLS\desa_3215040013.geojson;32150400130086;75.33%;sama;90;0;0
040 KLARI\desa_3215040013.gpkg;3215_SLS\desa_3215040013.geojson;32150400130054;100.0%;sama;90;0;0
040 KLARI\desa_3215040013.gpkg;3215_SLS\desa_3215040013.geojson;32150400130061;100.0%;sama;90;0;0
040 KLARI\desa_3215040013.gpkg;3215_SLS\desa_3215040013.geojson;32150400130034;100.0%;sama;90;0;0
040 KLARI\desa_3215040013.gpkg;3215_SLS\desa_3215040013.geojson;32150400130083;100.0%;sama;90;0;0
040 KLARI\desa_3215040013.gpkg;3215_SLS\desa_3215040013.geojson;32150400130085;77.12%;sama;90;0;0
040 KLARI\desa_3215040013.gpkg;3215_SLS\desa_3215040013.geojson;32150400130006;95.74%;sama;90;0;0
040 KLARI\desa_3215040013.gpkg;3215_SLS\desa_3215040013.geojson;32150400130087;100.0%;sama;90;0;0
040 KLARI\desa_3215040013.gpkg;3215_SLS\desa_3215040013.geojson;32150400130043;100.0%;sama;90;0;0
040 KLARI\desa_3215040013.gpkg;3215_SLS\desa_3215040013.geojson;32150400130032;100.0%;sama;90;0;0
040 KLARI\desa_3215040013.gpkg;3215_SLS\desa_3215040013.geojson;32150400130023;100.0%;sama;90;0;0
040 KLARI\desa_3215040013.gpkg;3215_SLS\desa_3215040013.geojson;32150400130065;100.0%;sama;90;0;0
040 KLARI\desa_3215040013.gpkg;3215_SLS\desa_3215040013.geojson;32150400130082;95.56%;sama;90;0;0
040 KLARI\desa_3215040013.gpkg;3215_SLS\desa_3215040013.geojson;32150400130039;100.0%;sama;90;0;0
040 KLARI\desa_3215040013.gpkg;3215_SLS\desa_3215040013.geojson;32150400130052;100.0%;sama;90;0;0
040 KLARI\desa_3215040013.gpkg;3215_SLS\desa_3215040013.geojson;32150400130010;100.0%;sama;90;0;0
040 KLARI\desa_3215040013.gpkg;3215_SLS\desa_3215040013.geojson;32150400130041;100.0%;sama;90;0;0
040 KLARI\desa_3215040013.gpkg;3215_SLS\desa_3215040013.geojson;32150400130075;100.0%;sama;90;0;0
040 KLARI\desa_3215040013.gpkg;3215_SLS\desa_3215040013.geojson;32150400130029;100.0%;sama;90;0;0
040 KLARI\desa_3215040013.gpkg;3215_SLS\desa_3215040013.geojson;32150400130049;100.0%;sama;90;0;0
040 KLARI\desa_3215040013.gpkg;3215_SLS\desa_3215040013.geojson;32150400130005;97.63%;sama;90;0;0
040 KLARI\desa_3215040013.gpkg;3215_SLS\desa_3215040013.geojson;32150400130001;100.0%;sama;90;0;0
040 KLARI\desa_3215040013.gpkg;3215_SLS\desa_3215040013.geojson;32150400130064;100.0%;sama;90;0;0
040 KLARI\desa_3215040013.gpkg;3215_SLS\desa_3215040013.geojson;32150400130069;100.0%;sama;90;0;0
040 KLARI\desa_3215040013.gpkg;3215_SLS\desa_3215040013.geojson;32150400130081;90.26%;sama;90;0;0
040 KLARI\desa_3215040013.gpkg;3215_SLS\desa_3215040013.geojson;32150400130072;92.47%;sama;90;0;0
040 KLARI\desa_3215040013.gpkg;3215_SLS\desa_3215040013.geojson;32150400130053;100.0%;sama;90;0;0
040 KLARI\desa_3215040013.gpkg;3215_SLS\desa_3215040013.geojson;32150400130028;100.0%;sama;90;0;0
040 KLARI\desa_3215040013.gpkg;3215_SLS\desa_3215040013.geojson;32150400130026;100.0%;sama;90;0;0
040 KLARI\desa_3215040013.gpkg;3215_SLS\desa_3215040013.geojson;32150400130007;100.0%;sama;90;0;0
040 KLARI\desa_3215040013.gpkg;3215_SLS\desa_3215040013.geojson;32150400130009;100.0%;sama;90;0;0
040 KLARI\desa_3215040013.gpkg;3215_SLS\desa_3215040013.geojson;32150400130020;96.88%;sama;90;0;0
040 KLARI\desa_3215040013.gpkg;3215_SLS\desa_3215040013.geojson;32150400130036;100.0%;sama;90;0;0
040 KLARI\desa_3215040013.gpkg;3215_SLS\desa_3215040013.geojson;32150400131003;100.0%;sama;90;0;0
040 KLARI\desa_3215040013.gpkg;3215_SLS\desa_3215040013.geojson;32150400130078;100.0%;sama;90;0;0
040 KLARI\desa_3215040013.gpkg;3215_SLS\desa_3215040013.geojson;32150400130079;100.0%;sama;90;0;0
040 KLARI\desa_3215040013.gpkg;3215_SLS\desa_3215040013.geojson;32150400130060;100.0%;sama;90;0;0
040 KLARI\desa_3215040013.gpkg;3215_SLS\desa_3215040013.geojson;32150400130035;100.0%;sama;90;0;0
040 KLARI\desa_3215040013.gpkg;3215_SLS\desa_3215040013.geojson;32150400130030;100.0%;sama;90;0;0
040 KLARI\desa_3215040013.gpkg;3215_SLS\desa_3215040013.geojson;32150400130004;100.0%;sama;90;0;0
040 KLARI\desa_3215040013.gpkg;3215_SLS\desa_3215040013.geojson;32150400130058;100.0%;sama;90;0;0
040 KLARI\desa_3215040013.gpkg;3215_SLS\desa_3215040013.geojson;32150400130012;100.0%;sama;90;0;0
040 KLARI\desa_3215040013.gpkg;3215_SLS\desa_3215040013.geojson;32150400130027;90.87%;sama;90;0;0
040 KLARI\desa_3215040013.gpkg;3215_SLS\desa_3215040013.geojson;32150400130059;100.0%;sama;90;0;0
040 KLARI\desa_3215040013.gpkg;3215_SLS\desa_3215040013.geojson;32150400130014;100.0%;sama;90;0;0
040 KLARI\desa_3215040013.gpkg;3215_SLS\desa_3215040013.geojson;32150400130062;97.21%;sama;90;0;0
040 KLARI\desa_3215040013.gpkg;3215_SLS\desa_3215040013.geojson;32150400130084;100.0%;sama;90;0;0
040 KLARI\desa_3215040013.gpkg;3215_SLS\desa_3215040013.geojson;32150400131002;100.0%;sama;90;0;0
040 KLARI\desa_3215040016.gpkg;3215_SLS\desa_3215040016.geojson;32150400160015;100.0%;sama;63;0;0
040 KLARI\desa_3215040016.gpkg;3215_SLS\desa_3215040016.geojson;32150400160044;100.0%;sama;63;0;0
040 KLARI\desa_3215040016.gpkg;3215_SLS\desa_3215040016.geojson;32150400160031;93.25%;sama;63;0;0
040 KLARI\desa_3215040016.gpkg;3215_SLS\desa_3215040016.geojson;32150400160007;99.46%;sama;63;0;0
040 KLARI\desa_3215040016.gpkg;3215_SLS\desa_3215040016.geojson;32150400160001;86.55%;sama;63;0;0
040 KLARI\desa_3215040016.gpkg;3215_SLS\desa_3215040016.geojson;32150400160010;68.8%;sama;63;0;0
040 KLARI\desa_3215040016.gpkg;3215_SLS\desa_3215040016.geojson;32150400160035;100.0%;sama;63;0;0
040 KLARI\desa_3215040016.gpkg;3215_SLS\desa_3215040016.geojson;32150400160004;100.0%;sama;63;0;0
040 KLARI\desa_3215040016.gpkg;3215_SLS\desa_3215040016.geojson;32150400160037;100.0%;sama;63;0;0
040 KLARI\desa_3215040016.gpkg;3215_SLS\desa_3215040016.geojson;32150400160014;98.56%;sama;63;0;0
040 KLARI\desa_3215040016.gpkg;3215_SLS\desa_3215040016.geojson;32150400160055;100.0%;sama;63;0;0
040 KLARI\desa_3215040016.gpkg;3215_SLS\desa_3215040016.geojson;32150400160038;100.0%;sama;63;0;0
040 KLARI\desa_3215040016.gpkg;3215_SLS\desa_3215040016.geojson;32150400160017;100.0%;sama;63;0;0
040 KLARI\desa_3215040016.gpkg;3215_SLS\desa_3215040016.geojson;32150400160059;75.18%;sama;63;0;0
040 KLARI\desa_3215040016.gpkg;3215_SLS\desa_3215040016.geojson;32150400160008;100.0%;sama;63;0;0
040 KLARI\desa_3215040016.gpkg;3215_SLS\desa_3215040016.geojson;32150400160016;100.0%;sama;63;0;0
040 KLARI\desa_3215040016.gpkg;3215_SLS\desa_3215040016.geojson;32150400164002;100.0%;sama;63;0;0
040 KLARI\desa_3215040016.gpkg;3215_SLS\desa_3215040016.geojson;32150400160019;100.0%;sama;63;0;0
040 KLARI\desa_3215040016.gpkg;3215_SLS\desa_3215040016.geojson;32150400160060;86.6%;sama;63;0;0
040 KLARI\desa_3215040016.gpkg;3215_SLS\desa_3215040016.geojson;32150400160020;100.0%;sama;63;0;0
040 KLARI\desa_3215040016.gpkg;3215_SLS\desa_3215040016.geojson;32150400160056;100.0%;sama;63;0;0
040 KLARI\desa_3215040016.gpkg;3215_SLS\desa_3215040016.geojson;32150400160039;100.0%;sama;63;0;0
040 KLARI\desa_3215040016.gpkg;3215_SLS\desa_3215040016.geojson;32150400160043;97.63%;sama;63;0;0
040 KLARI\desa_3215040016.gpkg;3215_SLS\desa_3215040016.geojson;32150400160029;96.65%;sama;63;0;0
040 KLARI\desa_3215040016.gpkg;3215_SLS\desa_3215040016.geojson;32150400160009;82.42%;sama;63;0;0
040 KLARI\desa_3215040016.gpkg;3215_SLS\desa_3215040016.geojson;32150400160057;99.53%;sama;63;0;0
040 KLARI\desa_3215040016.gpkg;3215_SLS\desa_3215040016.geojson;32150400160054;98.66%;sama;63;0;0
040 KLARI\desa_3215040016.gpkg;3215_SLS\desa_3215040016.geojson;32150400160030;62.24%;sama;63;0;0
040 KLARI\desa_3215040016.gpkg;3215_SLS\desa_3215040016.geojson;32150400160062;99.26%;sama;63;0;0
040 KLARI\desa_3215040016.gpkg;3215_SLS\desa_3215040016.geojson;32150400160051;87.09%;sama;63;0;0
040 KLARI\desa_3215040016.gpkg;3215_SLS\desa_3215040016.geojson;32150400160047;100.0%;sama;63;0;0
040 KLARI\desa_3215040016.gpkg;3215_SLS\desa_3215040016.geojson;32150400160033;61.08%;sama;63;0;0
040 KLARI\desa_3215040016.gpkg;3215_SLS\desa_3215040016.geojson;32150400160061;98.84%;sama;63;0;0
040 KLARI\desa_3215040016.gpkg;3215_SLS\desa_3215040016.geojson;32150400160034;100.0%;sama;63;0;0
040 KLARI\desa_3215040016.gpkg;3215_SLS\desa_3215040016.geojson;32150400160002;84.19%;sama;63;0;0
040 KLARI\desa_3215040016.gpkg;3215_SLS\desa_3215040016.geojson;32150400160012;54.7%;sama;63;0;0
040 KLARI\desa_3215040016.gpkg;3215_SLS\desa_3215040016.geojson;32150400160036;100.0%;sama;63;0;0
040 KLARI\desa_3215040016.gpkg;3215_SLS\desa_3215040016.geojson;32150400160028;78.46%;sama;63;0;0
040 KLARI\desa_3215040016.gpkg;3215_SLS\desa_3215040016.geojson;32150400160050;90.9%;sama;63;0;0
040 KLARI\desa_3215040016.gpkg;3215_SLS\desa_3215040016.geojson;32150400160049;100.0%;sama;63;0;0
040 KLARI\desa_3215040016.gpkg;3215_SLS\desa_3215040016.geojson;32150400160013;100.0%;sama;63;0;0
040 KLARI\desa_3215040016.gpkg;3215_SLS\desa_3215040016.geojson;32150400160027;100.0%;sama;63;0;0
040 KLARI\desa_3215040016.gpkg;3215_SLS\desa_3215040016.geojson;32150400160006;100.0%;sama;63;0;0
040 KLARI\desa_3215040016.gpkg;3215_SLS\desa_3215040016.geojson;32150400160022;100.0%;sama;63;0;0
040 KLARI\desa_3215040016.gpkg;3215_SLS\desa_3215040016.geojson;32150400160026;100.0%;sama;63;0;0
040 KLARI\desa_3215040016.gpkg;3215_SLS\desa_3215040016.geojson;32150400160058;100.0%;sama;63;0;0
040 KLARI\desa_3215040016.gpkg;3215_SLS\desa_3215040016.geojson;32150400160046;100.0%;sama;63;0;0
040 KLARI\desa_3215040016.gpkg;3215_SLS\desa_3215040016.geojson;32150400160048;100.0%;sama;63;0;0
040 KLARI\desa_3215040016.gpkg;3215_SLS\desa_3215040016.geojson;32150400160041;94.8%;sama;63;0;0
040 KLARI\desa_3215040016.gpkg;3215_SLS\desa_3215040016.geojson;32150400160052;65.87%;sama;63;0;0
040 KLARI\desa_3215040016.gpkg;3215_SLS\desa_3215040016.geojson;32150400160042;100.0%;sama;63;0;0
040 KLARI\desa_3215040016.gpkg;3215_SLS\desa_3215040016.geojson;32150400160045;87.38%;sama;63;0;0
040 KLARI\desa_3215040016.gpkg;3215_SLS\desa_3215040016.geojson;32150400160040;100.0%;sama;63;0;0
040 KLARI\desa_3215040016.gpkg;3215_SLS\desa_3215040016.geojson;32150400160024;100.0%;sama;63;0;0
040 KLARI\desa_3215040016.gpkg;3215_SLS\desa_3215040016.geojson;32150400160018;100.0%;sama;63;0;0
040 KLARI\desa_3215040016.gpkg;3215_SLS\desa_3215040016.geojson;32150400160032;87.39%;sama;63;0;0
040 KLARI\desa_3215040016.gpkg;3215_SLS\desa_3215040016.geojson;32150400160021;94.51%;sama;63;0;0
040 KLARI\desa_3215040016.gpkg;3215_SLS\desa_3215040016.geojson;32150400160023;89.04%;sama;63;0;0
040 KLARI\desa_3215040016.gpkg;3215_SLS\desa_3215040016.geojson;32150400160025;100.0%;sama;63;0;0
040 KLARI\desa_3215040016.gpkg;3215_SLS\desa_3215040016.geojson;32150400160003;81.29%;sama;63;0;0
040 KLARI\desa_3215040016.gpkg;3215_SLS\desa_3215040016.geojson;32150400160005;100.0%;sama;63;0;0
040 KLARI\desa_3215040016.gpkg;3215_SLS\desa_3215040016.geojson;32150400160053;99.04%;sama;63;0;0
040 KLARI\desa_3215040016.gpkg;3215_SLS\desa_3215040016.geojson;32150400160011;64.36%;sama;63;0;0
040 KLARI\desa_3215040011.gpkg;3215_SLS\desa_3215040011.geojson;32150400110002;100.0%;sama;47;0;1
040 KLARI\desa_3215040011.gpkg;3215_SLS\desa_3215040011.geojson;32150400110038;100.0%;sama;47;0;1
040 KLARI\desa_3215040011.gpkg;3215_SLS\desa_3215040011.geojson;32150400110008;67.72%;sama;47;0;1
040 KLARI\desa_3215040011.gpkg;3215_SLS\desa_3215040011.geojson;32150400114002;100.0%;sama;47;0;1
040 KLARI\desa_3215040011.gpkg;3215_SLS\desa_3215040011.geojson;32150400110003;100.0%;sama;47;0;1
040 KLARI\desa_3215040011.gpkg;3215_SLS\desa_3215040011.geojson;32150400110018;100.0%;sama;47;0;1
040 KLARI\desa_3215040011.gpkg;3215_SLS\desa_3215040011.geojson;32150400110006;62.99%;sama;47;0;1
040 KLARI\desa_3215040011.gpkg;3215_SLS\desa_3215040011.geojson;32150400110037;100.0%;sama;47;0;1
040 KLARI\desa_3215040011.gpkg;3215_SLS\desa_3215040011.geojson;32150400110016;97.95%;sama;47;0;1
040 KLARI\desa_3215040011.gpkg;3215_SLS\desa_3215040011.geojson;32150400110042;100.0%;sama;47;0;1
040 KLARI\desa_3215040011.gpkg;3215_SLS\desa_3215040011.geojson;32150400110036;100.0%;sama;47;0;1
040 KLARI\desa_3215040011.gpkg;3215_SLS\desa_3215040011.geojson;32150400110028;47.82%;sama;47;0;1
040 KLARI\desa_3215040011.gpkg;3215_SLS\desa_3215040011.geojson;32150400110030;100.0%;sama;47;0;1
040 KLARI\desa_3215040011.gpkg;3215_SLS\desa_3215040011.geojson;32150400111001;0.0%;hanya_di_geojson;47;0;1
040 KLARI\desa_3215040011.gpkg;3215_SLS\desa_3215040011.geojson;32150400110019;100.0%;sama;47;0;1
040 KLARI\desa_3215040011.gpkg;3215_SLS\desa_3215040011.geojson;32150400110024;100.0%;sama;47;0;1
040 KLARI\desa_3215040011.gpkg;3215_SLS\desa_3215040011.geojson;32150400110033;100.0%;sama;47;0;1
040 KLARI\desa_3215040011.gpkg;3215_SLS\desa_3215040011.geojson;32150400110026;100.0%;sama;47;0;1
040 KLARI\desa_3215040011.gpkg;3215_SLS\desa_3215040011.geojson;32150400110035;100.0%;sama;47;0;1
040 KLARI\desa_3215040011.gpkg;3215_SLS\desa_3215040011.geojson;32150400110001;100.0%;sama;47;0;1
040 KLARI\desa_3215040011.gpkg;3215_SLS\desa_3215040011.geojson;32150400110027;100.0%;sama;47;0;1
040 KLARI\desa_3215040011.gpkg;3215_SLS\desa_3215040011.geojson;32150400110011;78.46%;sama;47;0;1
040 KLARI\desa_3215040011.gpkg;3215_SLS\desa_3215040011.geojson;32150400110040;100.0%;sama;47;0;1
040 KLARI\desa_3215040011.gpkg;3215_SLS\desa_3215040011.geojson;32150400111003;94.03%;sama;47;0;1
040 KLARI\desa_3215040011.gpkg;3215_SLS\desa_3215040011.geojson;32150400110015;100.0%;sama;47;0;1
040 KLARI\desa_3215040011.gpkg;3215_SLS\desa_3215040011.geojson;32150400110031;100.0%;sama;47;0;1
040 KLARI\desa_3215040011.gpkg;3215_SLS\desa_3215040011.geojson;32150400110021;100.0%;sama;47;0;1
040 KLARI\desa_3215040011.gpkg;3215_SLS\desa_3215040011.geojson;32150400110032;100.0%;sama;47;0;1
040 KLARI\desa_3215040011.gpkg;3215_SLS\desa_3215040011.geojson;32150400110007;100.0%;sama;47;0;1
040 KLARI\desa_3215040011.gpkg;3215_SLS\desa_3215040011.geojson;32150400110010;69.46%;sama;47;0;1
040 KLARI\desa_3215040011.gpkg;3215_SLS\desa_3215040011.geojson;32150400110004;100.0%;sama;47;0;1
040 KLARI\desa_3215040011.gpkg;3215_SLS\desa_3215040011.geojson;32150400110039;100.0%;sama;47;0;1
040 KLARI\desa_3215040011.gpkg;3215_SLS\desa_3215040011.geojson;32150400110045;80.0%;sama;47;0;1
040 KLARI\desa_3215040011.gpkg;3215_SLS\desa_3215040011.geojson;32150400110005;100.0%;sama;47;0;1
040 KLARI\desa_3215040011.gpkg;3215_SLS\desa_3215040011.geojson;32150400110014;100.0%;sama;47;0;1
040 KLARI\desa_3215040011.gpkg;3215_SLS\desa_3215040011.geojson;32150400110044;73.55%;sama;47;0;1
040 KLARI\desa_3215040011.gpkg;3215_SLS\desa_3215040011.geojson;32150400110013;100.0%;sama;47;0;1
040 KLARI\desa_3215040011.gpkg;3215_SLS\desa_3215040011.geojson;32150400110022;100.0%;sama;47;0;1
040 KLARI\desa_3215040011.gpkg;3215_SLS\desa_3215040011.geojson;32150400110029;100.0%;sama;47;0;1
040 KLARI\desa_3215040011.gpkg;3215_SLS\desa_3215040011.geojson;32150400110041;100.0%;sama;47;0;1
040 KLARI\desa_3215040011.gpkg;3215_SLS\desa_3215040011.geojson;32150400110009;97.81%;sama;47;0;1
040 KLARI\desa_3215040011.gpkg;3215_SLS\desa_3215040011.geojson;32150400110012;100.0%;sama;47;0;1
040 KLARI\desa_3215040011.gpkg;3215_SLS\desa_3215040011.geojson;32150400110043;100.0%;sama;47;0;1
040 KLARI\desa_3215040011.gpkg;3215_SLS\desa_3215040011.geojson;32150400110020;100.0%;sama;47;0;1
040 KLARI\desa_3215040011.gpkg;3215_SLS\desa_3215040011.geojson;32150400110023;100.0%;sama;47;0;1
040 KLARI\desa_3215040011.gpkg;3215_SLS\desa_3215040011.geojson;32150400110025;99.01%;sama;47;0;1
040 KLARI\desa_3215040011.gpkg;3215_SLS\desa_3215040011.geojson;32150400110017;100.0%;sama;47;0;1
040 KLARI\desa_3215040011.gpkg;3215_SLS\desa_3215040011.geojson;32150400110034;100.0%;sama;47;0;1
040 KLARI\desa_3215040008.gpkg;3215_SLS\desa_3215040008.geojson;32150400080013;100.0%;sama;37;0;0
040 KLARI\desa_3215040008.gpkg;3215_SLS\desa_3215040008.geojson;32150400080028;100.0%;sama;37;0;0
040 KLARI\desa_3215040008.gpkg;3215_SLS\desa_3215040008.geojson;32150400080012;100.0%;sama;37;0;0
040 KLARI\desa_3215040008.gpkg;3215_SLS\desa_3215040008.geojson;32150400080025;100.0%;sama;37;0;0
040 KLARI\desa_3215040008.gpkg;3215_SLS\desa_3215040008.geojson;32150400080030;100.0%;sama;37;0;0
040 KLARI\desa_3215040008.gpkg;3215_SLS\desa_3215040008.geojson;32150400080005;100.0%;sama;37;0;0
040 KLARI\desa_3215040008.gpkg;3215_SLS\desa_3215040008.geojson;32150400080006;100.0%;sama;37;0;0
040 KLARI\desa_3215040008.gpkg;3215_SLS\desa_3215040008.geojson;32150400080019;92.45%;sama;37;0;0
040 KLARI\desa_3215040008.gpkg;3215_SLS\desa_3215040008.geojson;32150400080022;97.86%;sama;37;0;0
040 KLARI\desa_3215040008.gpkg;3215_SLS\desa_3215040008.geojson;32150400080032;100.0%;sama;37;0;0
040 KLARI\desa_3215040008.gpkg;3215_SLS\desa_3215040008.geojson;32150400080002;100.0%;sama;37;0;0
040 KLARI\desa_3215040008.gpkg;3215_SLS\desa_3215040008.geojson;32150400080035;100.0%;sama;37;0;0
040 KLARI\desa_3215040008.gpkg;3215_SLS\desa_3215040008.geojson;32150400080004;100.0%;sama;37;0;0
040 KLARI\desa_3215040008.gpkg;3215_SLS\desa_3215040008.geojson;32150400080010;100.0%;sama;37;0;0
040 KLARI\desa_3215040008.gpkg;3215_SLS\desa_3215040008.geojson;32150400080029;100.0%;sama;37;0;0
040 KLARI\desa_3215040008.gpkg;3215_SLS\desa_3215040008.geojson;32150400080027;100.0%;sama;37;0;0
040 KLARI\desa_3215040008.gpkg;3215_SLS\desa_3215040008.geojson;32150400080037;41.31%;sama;37;0;0
040 KLARI\desa_3215040008.gpkg;3215_SLS\desa_3215040008.geojson;32150400080033;100.0%;sama;37;0;0
040 KLARI\desa_3215040008.gpkg;3215_SLS\desa_3215040008.geojson;32150400080003;100.0%;sama;37;0;0
040 KLARI\desa_3215040008.gpkg;3215_SLS\desa_3215040008.geojson;32150400080017;100.0%;sama;37;0;0
040 KLARI\desa_3215040008.gpkg;3215_SLS\desa_3215040008.geojson;32150400080011;100.0%;sama;37;0;0
040 KLARI\desa_3215040008.gpkg;3215_SLS\desa_3215040008.geojson;32150400080009;100.0%;sama;37;0;0
040 KLARI\desa_3215040008.gpkg;3215_SLS\desa_3215040008.geojson;32150400080024;100.0%;sama;37;0;0
040 KLARI\desa_3215040008.gpkg;3215_SLS\desa_3215040008.geojson;32150400080001;100.0%;sama;37;0;0
040 KLARI\desa_3215040008.gpkg;3215_SLS\desa_3215040008.geojson;32150400080018;100.0%;sama;37;0;0
040 KLARI\desa_3215040008.gpkg;3215_SLS\desa_3215040008.geojson;32150400080015;100.0%;sama;37;0;0
040 KLARI\desa_3215040008.gpkg;3215_SLS\desa_3215040008.geojson;32150400080023;100.0%;sama;37;0;0
040 KLARI\desa_3215040008.gpkg;3215_SLS\desa_3215040008.geojson;32150400080008;100.0%;sama;37;0;0
040 KLARI\desa_3215040008.gpkg;3215_SLS\desa_3215040008.geojson;32150400080020;100.0%;sama;37;0;0
040 KLARI\desa_3215040008.gpkg;3215_SLS\desa_3215040008.geojson;32150400080034;100.0%;sama;37;0;0
040 KLARI\desa_3215040008.gpkg;3215_SLS\desa_3215040008.geojson;32150400080031;100.0%;sama;37;0;0
040 KLARI\desa_3215040008.gpkg;3215_SLS\desa_3215040008.geojson;32150400080014;100.0%;sama;37;0;0
040 KLARI\desa_3215040008.gpkg;3215_SLS\desa_3215040008.geojson;32150400080036;100.0%;sama;37;0;0
040 KLARI\desa_3215040008.gpkg;3215_SLS\desa_3215040008.geojson;32150400080026;63.85%;sama;37;0;0
040 KLARI\desa_3215040008.gpkg;3215_SLS\desa_3215040008.geojson;32150400080007;100.0%;sama;37;0;0
040 KLARI\desa_3215040008.gpkg;3215_SLS\desa_3215040008.geojson;32150400080016;100.0%;sama;37;0;0
040 KLARI\desa_3215040008.gpkg;3215_SLS\desa_3215040008.geojson;32150400080021;100.0%;sama;37;0;0
040 KLARI\desa_3215040006 (1).gpkg;3215_SLS\desa_3215040006.geojson;32150400060007;100.0%;sama;12;0;0
040 KLARI\desa_3215040006 (1).gpkg;3215_SLS\desa_3215040006.geojson;32150400060002;100.0%;sama;12;0;0
040 KLARI\desa_3215040006 (1).gpkg;3215_SLS\desa_3215040006.geojson;32150400060008;100.0%;sama;12;0;0
040 KLARI\desa_3215040006 (1).gpkg;3215_SLS\desa_3215040006.geojson;32150400065002;100.0%;sama;12;0;0
040 KLARI\desa_3215040006 (1).gpkg;3215_SLS\desa_3215040006.geojson;32150400060009;100.0%;sama;12;0;0
040 KLARI\desa_3215040006 (1).gpkg;3215_SLS\desa_3215040006.geojson;32150400060001;100.0%;sama;12;0;0
040 KLARI\desa_3215040006 (1).gpkg;3215_SLS\desa_3215040006.geojson;32150400060003;100.0%;sama;12;0;0
040 KLARI\desa_3215040006 (1).gpkg;3215_SLS\desa_3215040006.geojson;32150400060005;100.0%;sama;12;0;0
040 KLARI\desa_3215040006 (1).gpkg;3215_SLS\desa_3215040006.geojson;32150400065001;100.0%;sama;12;0;0
040 KLARI\desa_3215040006 (1).gpkg;3215_SLS\desa_3215040006.geojson;32150400060006;100.0%;sama;12;0;0
040 KLARI\desa_3215040006 (1).gpkg;3215_SLS\desa_3215040006.geojson;32150400060010;100.0%;sama;12;0;0
040 KLARI\desa_3215040006 (1).gpkg;3215_SLS\desa_3215040006.geojson;32150400060004;100.0%;sama;12;0;0
040 KLARI\desa_3215040014.gpkg;3215_SLS\desa_3215040014.geojson;32150400140053;0.0%;hanya_di_gpkg;51;6;1
040 KLARI\desa_3215040014.gpkg;3215_SLS\desa_3215040014.geojson;32150400140027;100.0%;sama;51;6;1
040 KLARI\desa_3215040014.gpkg;3215_SLS\desa_3215040014.geojson;32150400140039;91.15%;sama;51;6;1
040 KLARI\desa_3215040014.gpkg;3215_SLS\desa_3215040014.geojson;32150400140015;100.0%;sama;51;6;1
040 KLARI\desa_3215040014.gpkg;3215_SLS\desa_3215040014.geojson;32150400141001;0.0%;hanya_di_geojson;51;6;1
040 KLARI\desa_3215040014.gpkg;3215_SLS\desa_3215040014.geojson;32150400140054;0.0%;hanya_di_gpkg;51;6;1
040 KLARI\desa_3215040014.gpkg;3215_SLS\desa_3215040014.geojson;32150400140004;100.0%;sama;51;6;1
040 KLARI\desa_3215040014.gpkg;3215_SLS\desa_3215040014.geojson;32150400140032;100.0%;sama;51;6;1
040 KLARI\desa_3215040014.gpkg;3215_SLS\desa_3215040014.geojson;32150400140033;96.33%;sama;51;6;1
040 KLARI\desa_3215040014.gpkg;3215_SLS\desa_3215040014.geojson;32150400140025;99.09%;sama;51;6;1
040 KLARI\desa_3215040014.gpkg;3215_SLS\desa_3215040014.geojson;32150400140005;100.0%;sama;51;6;1
040 KLARI\desa_3215040014.gpkg;3215_SLS\desa_3215040014.geojson;32150400140048;91.47%;sama;51;6;1
040 KLARI\desa_3215040014.gpkg;3215_SLS\desa_3215040014.geojson;32150400140043;97.4%;sama;51;6;1
040 KLARI\desa_3215040014.gpkg;3215_SLS\desa_3215040014.geojson;32150400140007;100.0%;sama;51;6;1
040 KLARI\desa_3215040014.gpkg;3215_SLS\desa_3215040014.geojson;32150400140014;66.29%;sama;51;6;1
040 KLARI\desa_3215040014.gpkg;3215_SLS\desa_3215040014.geojson;32150400140044;100.0%;sama;51;6;1
040 KLARI\desa_3215040014.gpkg;3215_SLS\desa_3215040014.geojson;32150400140022;83.84%;sama;51;6;1
040 KLARI\desa_3215040014.gpkg;3215_SLS\desa_3215040014.geojson;32150400140009;97.7%;sama;51;6;1
040 KLARI\desa_3215040014.gpkg;3215_SLS\desa_3215040014.geojson;32150400140042;82.47%;sama;51;6;1
040 KLARI\desa_3215040014.gpkg;3215_SLS\desa_3215040014.geojson;32150400141002;64.03%;sama;51;6;1
040 KLARI\desa_3215040014.gpkg;3215_SLS\desa_3215040014.geojson;32150400140010;88.6%;sama;51;6;1
040 KLARI\desa_3215040014.gpkg;3215_SLS\desa_3215040014.geojson;32150400140002;75.93%;sama;51;6;1
040 KLARI\desa_3215040014.gpkg;3215_SLS\desa_3215040014.geojson;32150400140031;100.0%;sama;51;6;1
040 KLARI\desa_3215040014.gpkg;3215_SLS\desa_3215040014.geojson;32150400140049;100.0%;sama;51;6;1
040 KLARI\desa_3215040014.gpkg;3215_SLS\desa_3215040014.geojson;32150400140037;100.0%;sama;51;6;1
040 KLARI\desa_3215040014.gpkg;3215_SLS\desa_3215040014.geojson;32150400140028;98.52%;sama;51;6;1
040 KLARI\desa_3215040014.gpkg;3215_SLS\desa_3215040014.geojson;32150400140030;100.0%;sama;51;6;1
040 KLARI\desa_3215040014.gpkg;3215_SLS\desa_3215040014.geojson;32150400140020;71.27%;sama;51;6;1
040 KLARI\desa_3215040014.gpkg;3215_SLS\desa_3215040014.geojson;32150400140029;100.0%;sama;51;6;1
040 KLARI\desa_3215040014.gpkg;3215_SLS\desa_3215040014.geojson;32150400140026;100.0%;sama;51;6;1
040 KLARI\desa_3215040014.gpkg;3215_SLS\desa_3215040014.geojson;32150400140038;94.32%;sama;51;6;1
040 KLARI\desa_3215040014.gpkg;3215_SLS\desa_3215040014.geojson;32150400140018;100.0%;sama;51;6;1
040 KLARI\desa_3215040014.gpkg;3215_SLS\desa_3215040014.geojson;32150400140003;99.75%;sama;51;6;1
040 KLARI\desa_3215040014.gpkg;3215_SLS\desa_3215040014.geojson;32150400140046;100.0%;sama;51;6;1
040 KLARI\desa_3215040014.gpkg;3215_SLS\desa_3215040014.geojson;32150400140013;88.38%;sama;51;6;1
040 KLARI\desa_3215040014.gpkg;3215_SLS\desa_3215040014.geojson;32150400140023;100.0%;sama;51;6;1
040 KLARI\desa_3215040014.gpkg;3215_SLS\desa_3215040014.geojson;32150400140006;100.0%;sama;51;6;1
040 KLARI\desa_3215040014.gpkg;3215_SLS\desa_3215040014.geojson;32150400140056;0.0%;hanya_di_gpkg;51;6;1
040 KLARI\desa_3215040014.gpkg;3215_SLS\desa_3215040014.geojson;32150400140017;100.0%;sama;51;6;1
040 KLARI\desa_3215040014.gpkg;3215_SLS\desa_3215040014.geojson;32150400140024;97.1%;sama;51;6;1
040 KLARI\desa_3215040014.gpkg;3215_SLS\desa_3215040014.geojson;32150400140016;100.0%;sama;51;6;1
040 KLARI\desa_3215040014.gpkg;3215_SLS\desa_3215040014.geojson;32150400140011;100.0%;sama;51;6;1
040 KLARI\desa_3215040014.gpkg;3215_SLS\desa_3215040014.geojson;32150400140001;100.0%;sama;51;6;1
040 KLARI\desa_3215040014.gpkg;3215_SLS\desa_3215040014.geojson;32150400140012;92.7%;sama;51;6;1
040 KLARI\desa_3215040014.gpkg;3215_SLS\desa_3215040014.geojson;32150400140036;98.75%;sama;51;6;1
040 KLARI\desa_3215040014.gpkg;3215_SLS\desa_3215040014.geojson;32150400140040;91.21%;sama;51;6;1
040 KLARI\desa_3215040014.gpkg;3215_SLS\desa_3215040014.geojson;32150400140055;0.0%;hanya_di_gpkg;51;6;1
040 KLARI\desa_3215040014.gpkg;3215_SLS\desa_3215040014.geojson;32150400140021;100.0%;sama;51;6;1
040 KLARI\desa_3215040014.gpkg;3215_SLS\desa_3215040014.geojson;32150400140050;100.0%;sama;51;6;1
040 KLARI\desa_3215040014.gpkg;3215_SLS\desa_3215040014.geojson;32150400140045;100.0%;sama;51;6;1
040 KLARI\desa_3215040014.gpkg;3215_SLS\desa_3215040014.geojson;32150400140041;100.0%;sama;51;6;1
040 KLARI\desa_3215040014.gpkg;3215_SLS\desa_3215040014.geojson;32150400140019;100.0%;sama;51;6;1
040 KLARI\desa_3215040014.gpkg;3215_SLS\desa_3215040014.geojson;32150400140035;100.0%;sama;51;6;1
040 KLARI\desa_3215040014.gpkg;3215_SLS\desa_3215040014.geojson;32150400140051;0.0%;hanya_di_gpkg;51;6;1
040 KLARI\desa_3215040014.gpkg;3215_SLS\desa_3215040014.geojson;32150400140047;100.0%;sama;51;6;1
040 KLARI\desa_3215040014.gpkg;3215_SLS\desa_3215040014.geojson;32150400140008;100.0%;sama;51;6;1
040 KLARI\desa_3215040014.gpkg;3215_SLS\desa_3215040014.geojson;32150400140034;100.0%;sama;51;6;1
040 KLARI\desa_3215040014.gpkg;3215_SLS\desa_3215040014.geojson;32150400140052;0.0%;hanya_di_gpkg;51;6;1
040 KLARI\desa_3215040001.gpkg;3215_SLS\desa_3215040001.geojson;32150400010028;100.0%;sama;34;0;0
040 KLARI\desa_3215040001.gpkg;3215_SLS\desa_3215040001.geojson;32150400010015;100.0%;sama;34;0;0
040 KLARI\desa_3215040001.gpkg;3215_SLS\desa_3215040001.geojson;32150400010021;100.0%;sama;34;0;0
040 KLARI\desa_3215040001.gpkg;3215_SLS\desa_3215040001.geojson;32150400010001;100.0%;sama;34;0;0
040 KLARI\desa_3215040001.gpkg;3215_SLS\desa_3215040001.geojson;32150400010024;100.0%;sama;34;0;0
040 KLARI\desa_3215040001.gpkg;3215_SLS\desa_3215040001.geojson;32150400010012;100.0%;sama;34;0;0
040 KLARI\desa_3215040001.gpkg;3215_SLS\desa_3215040001.geojson;32150400010027;98.83%;sama;34;0;0
040 KLARI\desa_3215040001.gpkg;3215_SLS\desa_3215040001.geojson;32150400010010;100.0%;sama;34;0;0
040 KLARI\desa_3215040001.gpkg;3215_SLS\desa_3215040001.geojson;32150400010004;100.0%;sama;34;0;0
040 KLARI\desa_3215040001.gpkg;3215_SLS\desa_3215040001.geojson;32150400010022;100.0%;sama;34;0;0
040 KLARI\desa_3215040001.gpkg;3215_SLS\desa_3215040001.geojson;32150400010016;100.0%;sama;34;0;0
040 KLARI\desa_3215040001.gpkg;3215_SLS\desa_3215040001.geojson;32150400010007;100.0%;sama;34;0;0
040 KLARI\desa_3215040001.gpkg;3215_SLS\desa_3215040001.geojson;32150400010002;100.0%;sama;34;0;0
040 KLARI\desa_3215040001.gpkg;3215_SLS\desa_3215040001.geojson;32150400010019;100.0%;sama;34;0;0
040 KLARI\desa_3215040001.gpkg;3215_SLS\desa_3215040001.geojson;32150400010031;100.0%;sama;34;0;0
040 KLARI\desa_3215040001.gpkg;3215_SLS\desa_3215040001.geojson;32150400010020;100.0%;sama;34;0;0
040 KLARI\desa_3215040001.gpkg;3215_SLS\desa_3215040001.geojson;32150400010023;97.5%;sama;34;0;0
040 KLARI\desa_3215040001.gpkg;3215_SLS\desa_3215040001.geojson;32150400011001;100.0%;sama;34;0;0
040 KLARI\desa_3215040001.gpkg;3215_SLS\desa_3215040001.geojson;32150400010006;100.0%;sama;34;0;0
040 KLARI\desa_3215040001.gpkg;3215_SLS\desa_3215040001.geojson;32150400010011;100.0%;sama;34;0;0
040 KLARI\desa_3215040001.gpkg;3215_SLS\desa_3215040001.geojson;32150400010029;100.0%;sama;34;0;0
040 KLARI\desa_3215040001.gpkg;3215_SLS\desa_3215040001.geojson;32150400010018;100.0%;sama;34;0;0
040 KLARI\desa_3215040001.gpkg;3215_SLS\desa_3215040001.geojson;32150400010030;100.0%;sama;34;0;0
040 KLARI\desa_3215040001.gpkg;3215_SLS\desa_3215040001.geojson;32150400010003;100.0%;sama;34;0;0
040 KLARI\desa_3215040001.gpkg;3215_SLS\desa_3215040001.geojson;32150400010026;96.84%;sama;34;0;0
040 KLARI\desa_3215040001.gpkg;3215_SLS\desa_3215040001.geojson;32150400010017;100.0%;sama;34;0;0
040 KLARI\desa_3215040001.gpkg;3215_SLS\desa_3215040001.geojson;32150400010033;100.0%;sama;34;0;0
040 KLARI\desa_3215040001.gpkg;3215_SLS\desa_3215040001.geojson;32150400010032;100.0%;sama;34;0;0
040 KLARI\desa_3215040001.gpkg;3215_SLS\desa_3215040001.geojson;32150400010013;100.0%;sama;34;0;0
040 KLARI\desa_3215040001.gpkg;3215_SLS\desa_3215040001.geojson;32150400010008;100.0%;sama;34;0;0
040 KLARI\desa_3215040001.gpkg;3215_SLS\desa_3215040001.geojson;32150400010014;100.0%;sama;34;0;0
040 KLARI\desa_3215040001.gpkg;3215_SLS\desa_3215040001.geojson;32150400010009;100.0%;sama;34;0;0
040 KLARI\desa_3215040001.gpkg;3215_SLS\desa_3215040001.geojson;32150400010025;97.66%;sama;34;0;0
040 KLARI\desa_3215040001.gpkg;3215_SLS\desa_3215040001.geojson;32150400010005;100.0%;sama;34;0;0
040 KLARI\desa_3215040002.gpkg;3215_SLS\desa_3215040002.geojson;32150400020038;100.0%;sama;44;1;1
040 KLARI\desa_3215040002.gpkg;3215_SLS\desa_3215040002.geojson;32150400020017;95.92%;sama;44;1;1
040 KLARI\desa_3215040002.gpkg;3215_SLS\desa_3215040002.geojson;32150400020013;100.0%;sama;44;1;1
040 KLARI\desa_3215040002.gpkg;3215_SLS\desa_3215040002.geojson;32150400020040;100.0%;sama;44;1;1
040 KLARI\desa_3215040002.gpkg;3215_SLS\desa_3215040002.geojson;32150400020024;100.0%;sama;44;1;1
040 KLARI\desa_3215040002.gpkg;3215_SLS\desa_3215040002.geojson;32150400020039;100.0%;sama;44;1;1
040 KLARI\desa_3215040002.gpkg;3215_SLS\desa_3215040002.geojson;32150400020014;100.0%;sama;44;1;1
040 KLARI\desa_3215040002.gpkg;3215_SLS\desa_3215040002.geojson;32150400020010;100.0%;sama;44;1;1
040 KLARI\desa_3215040002.gpkg;3215_SLS\desa_3215040002.geojson;32150400022001;0.0%;hanya_di_gpkg;44;1;1
040 KLARI\desa_3215040002.gpkg;3215_SLS\desa_3215040002.geojson;32150400020027;100.0%;sama;44;1;1
040 KLARI\desa_3215040002.gpkg;3215_SLS\desa_3215040002.geojson;32150400020003;100.0%;sama;44;1;1
040 KLARI\desa_3215040002.gpkg;3215_SLS\desa_3215040002.geojson;32150400020016;97.63%;sama;44;1;1
040 KLARI\desa_3215040002.gpkg;3215_SLS\desa_3215040002.geojson;32150400020019;100.0%;sama;44;1;1
040 KLARI\desa_3215040002.gpkg;3215_SLS\desa_3215040002.geojson;32150400020018;94.41%;sama;44;1;1
040 KLARI\desa_3215040002.gpkg;3215_SLS\desa_3215040002.geojson;32150400020023;100.0%;sama;44;1;1
040 KLARI\desa_3215040002.gpkg;3215_SLS\desa_3215040002.geojson;32150400020021;100.0%;sama;44;1;1
040 KLARI\desa_3215040002.gpkg;3215_SLS\desa_3215040002.geojson;32150400020033;100.0%;sama;44;1;1
040 KLARI\desa_3215040002.gpkg;3215_SLS\desa_3215040002.geojson;32150400020031;100.0%;sama;44;1;1
040 KLARI\desa_3215040002.gpkg;3215_SLS\desa_3215040002.geojson;32150400020037;100.0%;sama;44;1;1
040 KLARI\desa_3215040002.gpkg;3215_SLS\desa_3215040002.geojson;32150400020015;97.61%;sama;44;1;1
040 KLARI\desa_3215040002.gpkg;3215_SLS\desa_3215040002.geojson;32150400021001;0.0%;hanya_di_geojson;44;1;1
040 KLARI\desa_3215040002.gpkg;3215_SLS\desa_3215040002.geojson;32150400020011;100.0%;sama;44;1;1
040 KLARI\desa_3215040002.gpkg;3215_SLS\desa_3215040002.geojson;32150400022002;30.93%;sama;44;1;1
040 KLARI\desa_3215040002.gpkg;3215_SLS\desa_3215040002.geojson;32150400020035;100.0%;sama;44;1;1
040 KLARI\desa_3215040002.gpkg;3215_SLS\desa_3215040002.geojson;32150400020009;100.0%;sama;44;1;1
040 KLARI\desa_3215040002.gpkg;3215_SLS\desa_3215040002.geojson;32150400020020;100.0%;sama;44;1;1
040 KLARI\desa_3215040002.gpkg;3215_SLS\desa_3215040002.geojson;32150400020029;96.41%;sama;44;1;1
040 KLARI\desa_3215040002.gpkg;3215_SLS\desa_3215040002.geojson;32150400020028;100.0%;sama;44;1;1
040 KLARI\desa_3215040002.gpkg;3215_SLS\desa_3215040002.geojson;32150400020012;100.0%;sama;44;1;1
040 KLARI\desa_3215040002.gpkg;3215_SLS\desa_3215040002.geojson;32150400020002;100.0%;sama;44;1;1
040 KLARI\desa_3215040002.gpkg;3215_SLS\desa_3215040002.geojson;32150400020006;100.0%;sama;44;1;1
040 KLARI\desa_3215040002.gpkg;3215_SLS\desa_3215040002.geojson;32150400020008;100.0%;sama;44;1;1
040 KLARI\desa_3215040002.gpkg;3215_SLS\desa_3215040002.geojson;32150400020001;100.0%;sama;44;1;1
040 KLARI\desa_3215040002.gpkg;3215_SLS\desa_3215040002.geojson;32150400020007;100.0%;sama;44;1;1
040 KLARI\desa_3215040002.gpkg;3215_SLS\desa_3215040002.geojson;32150400020025;100.0%;sama;44;1;1
040 KLARI\desa_3215040002.gpkg;3215_SLS\desa_3215040002.geojson;32150400020005;100.0%;sama;44;1;1
040 KLARI\desa_3215040002.gpkg;3215_SLS\desa_3215040002.geojson;32150400020036;100.0%;sama;44;1;1
040 KLARI\desa_3215040002.gpkg;3215_SLS\desa_3215040002.geojson;32150400020030;98.2%;sama;44;1;1
040 KLARI\desa_3215040002.gpkg;3215_SLS\desa_3215040002.geojson;32150400020004;100.0%;sama;44;1;1
040 KLARI\desa_3215040002.gpkg;3215_SLS\desa_3215040002.geojson;32150400020022;100.0%;sama;44;1;1
040 KLARI\desa_3215040002.gpkg;3215_SLS\desa_3215040002.geojson;32150400020026;100.0%;sama;44;1;1
040 KLARI\desa_3215040002.gpkg;3215_SLS\desa_3215040002.geojson;32150400020034;100.0%;sama;44;1;1
040 KLARI\desa_3215040002.gpkg;3215_SLS\desa_3215040002.geojson;32150400020043;59.7%;sama;44;1;1
040 KLARI\desa_3215040002.gpkg;3215_SLS\desa_3215040002.geojson;32150400020041;100.0%;sama;44;1;1
040 KLARI\desa_3215040002.gpkg;3215_SLS\desa_3215040002.geojson;32150400020042;100.0%;sama;44;1;1
040 KLARI\desa_3215040002.gpkg;3215_SLS\desa_3215040002.geojson;32150400020032;100.0%;sama;44;1;1
040 KLARI\desa_3215040004.gpkg;3215_SLS\desa_3215040004.geojson;32150400040002;89.65%;sama;16;0;0
040 KLARI\desa_3215040004.gpkg;3215_SLS\desa_3215040004.geojson;32150400040005;83.68%;sama;16;0;0
040 KLARI\desa_3215040004.gpkg;3215_SLS\desa_3215040004.geojson;32150400040013;48.69%;sama;16;0;0
040 KLARI\desa_3215040004.gpkg;3215_SLS\desa_3215040004.geojson;32150400040003;100.0%;sama;16;0;0
040 KLARI\desa_3215040004.gpkg;3215_SLS\desa_3215040004.geojson;32150400040012;100.0%;sama;16;0;0
040 KLARI\desa_3215040004.gpkg;3215_SLS\desa_3215040004.geojson;32150400040011;100.0%;sama;16;0;0
040 KLARI\desa_3215040004.gpkg;3215_SLS\desa_3215040004.geojson;32150400040007;100.0%;sama;16;0;0
040 KLARI\desa_3215040004.gpkg;3215_SLS\desa_3215040004.geojson;32150400040008;100.0%;sama;16;0;0
040 KLARI\desa_3215040004.gpkg;3215_SLS\desa_3215040004.geojson;32150400040014;96.93%;sama;16;0;0
040 KLARI\desa_3215040004.gpkg;3215_SLS\desa_3215040004.geojson;32150400040006;100.0%;sama;16;0;0
040 KLARI\desa_3215040004.gpkg;3215_SLS\desa_3215040004.geojson;32150400040004;100.0%;sama;16;0;0
040 KLARI\desa_3215040004.gpkg;3215_SLS\desa_3215040004.geojson;32150400040001;28.99%;sama;16;0;0
040 KLARI\desa_3215040004.gpkg;3215_SLS\desa_3215040004.geojson;32150400040009;100.0%;sama;16;0;0
040 KLARI\desa_3215040004.gpkg;3215_SLS\desa_3215040004.geojson;32150400040015;100.0%;sama;16;0;0
040 KLARI\desa_3215040004.gpkg;3215_SLS\desa_3215040004.geojson;32150400041001;76.15%;sama;16;0;0
040 KLARI\desa_3215040004.gpkg;3215_SLS\desa_3215040004.geojson;32150400040010;100.0%;sama;16;0;0
040 KLARI\desa_3215040007.gpkg;3215_SLS\desa_3215040007.geojson;32150400070001;100.0%;sama;49;0;0
040 KLARI\desa_3215040007.gpkg;3215_SLS\desa_3215040007.geojson;32150400070006;100.0%;sama;49;0;0
040 KLARI\desa_3215040007.gpkg;3215_SLS\desa_3215040007.geojson;32150400070031;100.0%;sama;49;0;0
040 KLARI\desa_3215040007.gpkg;3215_SLS\desa_3215040007.geojson;32150400070047;100.0%;sama;49;0;0
040 KLARI\desa_3215040007.gpkg;3215_SLS\desa_3215040007.geojson;32150400070030;100.0%;sama;49;0;0
040 KLARI\desa_3215040007.gpkg;3215_SLS\desa_3215040007.geojson;32150400070011;100.0%;sama;49;0;0
040 KLARI\desa_3215040007.gpkg;3215_SLS\desa_3215040007.geojson;32150400070014;100.0%;sama;49;0;0
040 KLARI\desa_3215040007.gpkg;3215_SLS\desa_3215040007.geojson;32150400070021;100.0%;sama;49;0;0
040 KLARI\desa_3215040007.gpkg;3215_SLS\desa_3215040007.geojson;32150400070046;100.0%;sama;49;0;0
040 KLARI\desa_3215040007.gpkg;3215_SLS\desa_3215040007.geojson;32150400070028;100.0%;sama;49;0;0
040 KLARI\desa_3215040007.gpkg;3215_SLS\desa_3215040007.geojson;32150400070017;100.0%;sama;49;0;0
040 KLARI\desa_3215040007.gpkg;3215_SLS\desa_3215040007.geojson;32150400070004;100.0%;sama;49;0;0
040 KLARI\desa_3215040007.gpkg;3215_SLS\desa_3215040007.geojson;32150400070032;98.35%;sama;49;0;0
040 KLARI\desa_3215040007.gpkg;3215_SLS\desa_3215040007.geojson;32150400070010;100.0%;sama;49;0;0
040 KLARI\desa_3215040007.gpkg;3215_SLS\desa_3215040007.geojson;32150400070025;100.0%;sama;49;0;0
040 KLARI\desa_3215040007.gpkg;3215_SLS\desa_3215040007.geojson;32150400070016;88.88%;sama;49;0;0
040 KLARI\desa_3215040007.gpkg;3215_SLS\desa_3215040007.geojson;32150400070008;100.0%;sama;49;0;0
040 KLARI\desa_3215040007.gpkg;3215_SLS\desa_3215040007.geojson;32150400070026;100.0%;sama;49;0;0
040 KLARI\desa_3215040007.gpkg;3215_SLS\desa_3215040007.geojson;32150400070027;100.0%;sama;49;0;0
040 KLARI\desa_3215040007.gpkg;3215_SLS\desa_3215040007.geojson;32150400070043;100.0%;sama;49;0;0
040 KLARI\desa_3215040007.gpkg;3215_SLS\desa_3215040007.geojson;32150400070002;100.0%;sama;49;0;0
040 KLARI\desa_3215040007.gpkg;3215_SLS\desa_3215040007.geojson;32150400070033;100.0%;sama;49;0;0
040 KLARI\desa_3215040007.gpkg;3215_SLS\desa_3215040007.geojson;32150400070042;90.88%;sama;49;0;0
040 KLARI\desa_3215040007.gpkg;3215_SLS\desa_3215040007.geojson;32150400070007;100.0%;sama;49;0;0
040 KLARI\desa_3215040007.gpkg;3215_SLS\desa_3215040007.geojson;32150400070045;100.0%;sama;49;0;0
040 KLARI\desa_3215040007.gpkg;3215_SLS\desa_3215040007.geojson;32150400070035;85.58%;sama;49;0;0
040 KLARI\desa_3215040007.gpkg;3215_SLS\desa_3215040007.geojson;32150400070015;100.0%;sama;49;0;0
040 KLARI\desa_3215040007.gpkg;3215_SLS\desa_3215040007.geojson;32150400070023;100.0%;sama;49;0;0
040 KLARI\desa_3215040007.gpkg;3215_SLS\desa_3215040007.geojson;32150400070003;100.0%;sama;49;0;0
040 KLARI\desa_3215040007.gpkg;3215_SLS\desa_3215040007.geojson;32150400070037;100.0%;sama;49;0;0
040 KLARI\desa_3215040007.gpkg;3215_SLS\desa_3215040007.geojson;32150400070013;100.0%;sama;49;0;0
040 KLARI\desa_3215040007.gpkg;3215_SLS\desa_3215040007.geojson;32150400070019;100.0%;sama;49;0;0
040 KLARI\desa_3215040007.gpkg;3215_SLS\desa_3215040007.geojson;32150400070038;78.89%;sama;49;0;0
040 KLARI\desa_3215040007.gpkg;3215_SLS\desa_3215040007.geojson;32150400074002;100.0%;sama;49;0;0
040 KLARI\desa_3215040007.gpkg;3215_SLS\desa_3215040007.geojson;32150400070034;100.0%;sama;49;0;0
040 KLARI\desa_3215040007.gpkg;3215_SLS\desa_3215040007.geojson;32150400071001;100.0%;sama;49;0;0
040 KLARI\desa_3215040007.gpkg;3215_SLS\desa_3215040007.geojson;32150400070022;100.0%;sama;49;0;0
040 KLARI\desa_3215040007.gpkg;3215_SLS\desa_3215040007.geojson;32150400070005;100.0%;sama;49;0;0
040 KLARI\desa_3215040007.gpkg;3215_SLS\desa_3215040007.geojson;32150400070036;100.0%;sama;49;0;0
040 KLARI\desa_3215040007.gpkg;3215_SLS\desa_3215040007.geojson;32150400070020;100.0%;sama;49;0;0
040 KLARI\desa_3215040007.gpkg;3215_SLS\desa_3215040007.geojson;32150400070041;97.1%;sama;49;0;0
040 KLARI\desa_3215040007.gpkg;3215_SLS\desa_3215040007.geojson;32150400070029;100.0%;sama;49;0;0
040 KLARI\desa_3215040007.gpkg;3215_SLS\desa_3215040007.geojson;32150400070024;100.0%;sama;49;0;0
040 KLARI\desa_3215040007.gpkg;3215_SLS\desa_3215040007.geojson;32150400070018;100.0%;sama;49;0;0
040 KLARI\desa_3215040007.gpkg;3215_SLS\desa_3215040007.geojson;32150400070044;100.0%;sama;49;0;0
040 KLARI\desa_3215040007.gpkg;3215_SLS\desa_3215040007.geojson;32150400070039;76.37%;sama;49;0;0
040 KLARI\desa_3215040007.gpkg;3215_SLS\desa_3215040007.geojson;32150400070009;100.0%;sama;49;0;0
040 KLARI\desa_3215040007.gpkg;3215_SLS\desa_3215040007.geojson;32150400070012;100.0%;sama;49;0;0
040 KLARI\desa_3215040007.gpkg;3215_SLS\desa_3215040007.geojson;32150400070040;100.0%;sama;49;0;0
040 KLARI\desa_3215040012.gpkg;3215_SLS\desa_3215040012.geojson;32150400124010;99.97%;sama;136;3;2
040 KLARI\desa_3215040012.gpkg;3215_SLS\desa_3215040012.geojson;32150400120095;100.0%;sama;136;3;2
040 KLARI\desa_3215040012.gpkg;3215_SLS\desa_3215040012.geojson;32150400120078;94.73%;sama;136;3;2
040 KLARI\desa_3215040012.gpkg;3215_SLS\desa_3215040012.geojson;32150400120059;99.45%;sama;136;3;2
040 KLARI\desa_3215040012.gpkg;3215_SLS\desa_3215040012.geojson;32150400120048;100.0%;sama;136;3;2
040 KLARI\desa_3215040012.gpkg;3215_SLS\desa_3215040012.geojson;32150400120042;98.97%;sama;136;3;2
040 KLARI\desa_3215040012.gpkg;3215_SLS\desa_3215040012.geojson;32150400120055;100.0%;sama;136;3;2
040 KLARI\desa_3215040012.gpkg;3215_SLS\desa_3215040012.geojson;32150400120071;97.0%;sama;136;3;2
040 KLARI\desa_3215040012.gpkg;3215_SLS\desa_3215040012.geojson;32150400120065;100.0%;sama;136;3;2
040 KLARI\desa_3215040012.gpkg;3215_SLS\desa_3215040012.geojson;32150400120014;98.67%;sama;136;3;2
040 KLARI\desa_3215040012.gpkg;3215_SLS\desa_3215040012.geojson;32150400120107;97.66%;sama;136;3;2
040 KLARI\desa_3215040012.gpkg;3215_SLS\desa_3215040012.geojson;32150400120066;100.0%;sama;136;3;2
040 KLARI\desa_3215040012.gpkg;3215_SLS\desa_3215040012.geojson;32150400120036;100.0%;sama;136;3;2
040 KLARI\desa_3215040012.gpkg;3215_SLS\desa_3215040012.geojson;32150400120118;94.35%;sama;136;3;2
040 KLARI\desa_3215040012.gpkg;3215_SLS\desa_3215040012.geojson;32150400120112;100.0%;sama;136;3;2
040 KLARI\desa_3215040012.gpkg;3215_SLS\desa_3215040012.geojson;32150400121005;99.83%;sama;136;3;2
040 KLARI\desa_3215040012.gpkg;3215_SLS\desa_3215040012.geojson;32150400120100;94.58%;sama;136;3;2
040 KLARI\desa_3215040012.gpkg;3215_SLS\desa_3215040012.geojson;32150400120094;100.0%;sama;136;3;2
040 KLARI\desa_3215040012.gpkg;3215_SLS\desa_3215040012.geojson;32150400120068;100.0%;sama;136;3;2
040 KLARI\desa_3215040012.gpkg;3215_SLS\desa_3215040012.geojson;32150400120052;100.0%;sama;136;3;2
040 KLARI\desa_3215040012.gpkg;3215_SLS\desa_3215040012.geojson;32150400120017;96.0%;sama;136;3;2
040 KLARI\desa_3215040012.gpkg;3215_SLS\desa_3215040012.geojson;32150400120024;100.0%;sama;136;3;2
040 KLARI\desa_3215040012.gpkg;3215_SLS\desa_3215040012.geojson;32150400120122;92.42%;sama;136;3;2
040 KLARI\desa_3215040012.gpkg;3215_SLS\desa_3215040012.geojson;32150400120027;97.17%;sama;136;3;2
040 KLARI\desa_3215040012.gpkg;3215_SLS\desa_3215040012.geojson;32150400120058;100.0%;sama;136;3;2
040 KLARI\desa_3215040012.gpkg;3215_SLS\desa_3215040012.geojson;32150400120076;97.77%;sama;136;3;2
040 KLARI\desa_3215040012.gpkg;3215_SLS\desa_3215040012.geojson;32150400120097;94.79%;sama;136;3;2
040 KLARI\desa_3215040012.gpkg;3215_SLS\desa_3215040012.geojson;32150400120039;97.95%;sama;136;3;2
040 KLARI\desa_3215040012.gpkg;3215_SLS\desa_3215040012.geojson;32150400120124;0.0%;hanya_di_geojson;136;3;2
040 KLARI\desa_3215040012.gpkg;3215_SLS\desa_3215040012.geojson;32150400120069;100.0%;sama;136;3;2
040 KLARI\desa_3215040012.gpkg;3215_SLS\desa_3215040012.geojson;32150400120045;100.0%;sama;136;3;2
040 KLARI\desa_3215040012.gpkg;3215_SLS\desa_3215040012.geojson;32150400124008;0.0%;hanya_di_geojson;136;3;2
040 KLARI\desa_3215040012.gpkg;3215_SLS\desa_3215040012.geojson;32150400124009;97.39%;sama;136;3;2
040 KLARI\desa_3215040012.gpkg;3215_SLS\desa_3215040012.geojson;32150400120051;100.0%;sama;136;3;2
040 KLARI\desa_3215040012.gpkg;3215_SLS\desa_3215040012.geojson;32150400120016;98.23%;sama;136;3;2
040 KLARI\desa_3215040012.gpkg;3215_SLS\desa_3215040012.geojson;32150400120105;96.69%;sama;136;3;2
040 KLARI\desa_3215040012.gpkg;3215_SLS\desa_3215040012.geojson;32150400120120;95.14%;sama;136;3;2
040 KLARI\desa_3215040012.gpkg;3215_SLS\desa_3215040012.geojson;32150400120090;100.0%;sama;136;3;2
040 KLARI\desa_3215040012.gpkg;3215_SLS\desa_3215040012.geojson;32150400120085;100.0%;sama;136;3;2
040 KLARI\desa_3215040012.gpkg;3215_SLS\desa_3215040012.geojson;32150400120060;57.27%;sama;136;3;2
040 KLARI\desa_3215040012.gpkg;3215_SLS\desa_3215040012.geojson;32150400120108;100.0%;sama;136;3;2
040 KLARI\desa_3215040012.gpkg;3215_SLS\desa_3215040012.geojson;32150400120062;100.0%;sama;136;3;2
040 KLARI\desa_3215040012.gpkg;3215_SLS\desa_3215040012.geojson;32150400120063;95.42%;sama;136;3;2
040 KLARI\desa_3215040012.gpkg;3215_SLS\desa_3215040012.geojson;32150400120074;99.83%;sama;136;3;2
040 KLARI\desa_3215040012.gpkg;3215_SLS\desa_3215040012.geojson;32150400120079;99.08%;sama;136;3;2
040 KLARI\desa_3215040012.gpkg;3215_SLS\desa_3215040012.geojson;32150400120006;95.87%;sama;136;3;2
040 KLARI\desa_3215040012.gpkg;3215_SLS\desa_3215040012.geojson;32150400124006;90.21%;sama;136;3;2
040 KLARI\desa_3215040012.gpkg;3215_SLS\desa_3215040012.geojson;32150400123004;100.0%;sama;136;3;2
040 KLARI\desa_3215040012.gpkg;3215_SLS\desa_3215040012.geojson;32150400120081;94.77%;sama;136;3;2
040 KLARI\desa_3215040012.gpkg;3215_SLS\desa_3215040012.geojson;32150400120072;95.82%;sama;136;3;2
040 KLARI\desa_3215040012.gpkg;3215_SLS\desa_3215040012.geojson;32150400120018;98.08%;sama;136;3;2
040 KLARI\desa_3215040012.gpkg;3215_SLS\desa_3215040012.geojson;32150400120019;98.59%;sama;136;3;2
040 KLARI\desa_3215040012.gpkg;3215_SLS\desa_3215040012.geojson;32150400120127;100.0%;sama;136;3;2
040 KLARI\desa_3215040012.gpkg;3215_SLS\desa_3215040012.geojson;32150400120103;78.58%;sama;136;3;2
040 KLARI\desa_3215040012.gpkg;3215_SLS\desa_3215040012.geojson;32150400120026;99.39%;sama;136;3;2
040 KLARI\desa_3215040012.gpkg;3215_SLS\desa_3215040012.geojson;32150400120037;91.68%;sama;136;3;2
040 KLARI\desa_3215040012.gpkg;3215_SLS\desa_3215040012.geojson;32150400120057;99.99%;sama;136;3;2
040 KLARI\desa_3215040012.gpkg;3215_SLS\desa_3215040012.geojson;32150400120098;100.0%;sama;136;3;2
040 KLARI\desa_3215040012.gpkg;3215_SLS\desa_3215040012.geojson;32150400120034;100.0%;sama;136;3;2
040 KLARI\desa_3215040012.gpkg;3215_SLS\desa_3215040012.geojson;32150400120015;96.78%;sama;136;3;2
040 KLARI\desa_3215040012.gpkg;3215_SLS\desa_3215040012.geojson;32150400120004;100.0%;sama;136;3;2
040 KLARI\desa_3215040012.gpkg;3215_SLS\desa_3215040012.geojson;32150400120115;100.0%;sama;136;3;2
040 KLARI\desa_3215040012.gpkg;3215_SLS\desa_3215040012.geojson;32150400120130;0.0%;hanya_di_gpkg;136;3;2
040 KLARI\desa_3215040012.gpkg;3215_SLS\desa_3215040012.geojson;32150400120077;94.43%;sama;136;3;2
040 KLARI\desa_3215040012.gpkg;3215_SLS\desa_3215040012.geojson;32150400120002;100.0%;sama;136;3;2
040 KLARI\desa_3215040012.gpkg;3215_SLS\desa_3215040012.geojson;32150400120061;99.26%;sama;136;3;2
040 KLARI\desa_3215040012.gpkg;3215_SLS\desa_3215040012.geojson;32150400120114;100.0%;sama;136;3;2
040 KLARI\desa_3215040012.gpkg;3215_SLS\desa_3215040012.geojson;32150400120046;99.89%;sama;136;3;2
040 KLARI\desa_3215040012.gpkg;3215_SLS\desa_3215040012.geojson;32150400120013;100.0%;sama;136;3;2
040 KLARI\desa_3215040012.gpkg;3215_SLS\desa_3215040012.geojson;32150400120109;100.0%;sama;136;3;2
040 KLARI\desa_3215040012.gpkg;3215_SLS\desa_3215040012.geojson;32150400120032;100.0%;sama;136;3;2
040 KLARI\desa_3215040012.gpkg;3215_SLS\desa_3215040012.geojson;32150400120125;100.0%;sama;136;3;2
040 KLARI\desa_3215040012.gpkg;3215_SLS\desa_3215040012.geojson;32150400120131;0.0%;hanya_di_gpkg;136;3;2
040 KLARI\desa_3215040012.gpkg;3215_SLS\desa_3215040012.geojson;32150400120092;100.0%;sama;136;3;2
040 KLARI\desa_3215040012.gpkg;3215_SLS\desa_3215040012.geojson;32150400120089;90.65%;sama;136;3;2
040 KLARI\desa_3215040012.gpkg;3215_SLS\desa_3215040012.geojson;32150400120022;100.0%;sama;136;3;2
040 KLARI\desa_3215040012.gpkg;3215_SLS\desa_3215040012.geojson;32150400120116;100.0%;sama;136;3;2
040 KLARI\desa_3215040012.gpkg;3215_SLS\desa_3215040012.geojson;32150400120091;100.0%;sama;136;3;2
040 KLARI\desa_3215040012.gpkg;3215_SLS\desa_3215040012.geojson;32150400121002;69.3%;sama;136;3;2
040 KLARI\desa_3215040012.gpkg;3215_SLS\desa_3215040012.geojson;32150400120123;100.0%;sama;136;3;2
040 KLARI\desa_3215040012.gpkg;3215_SLS\desa_3215040012.geojson;32150400120064;96.3%;sama;136;3;2
040 KLARI\desa_3215040012.gpkg;3215_SLS\desa_3215040012.geojson;32150400120011;100.0%;sama;136;3;2
040 KLARI\desa_3215040012.gpkg;3215_SLS\desa_3215040012.geojson;32150400120101;99.68%;sama;136;3;2
040 KLARI\desa_3215040012.gpkg;3215_SLS\desa_3215040012.geojson;32150400120099;100.0%;sama;136;3;2
040 KLARI\desa_3215040012.gpkg;3215_SLS\desa_3215040012.geojson;32150400120020;100.0%;sama;136;3;2
040 KLARI\desa_3215040012.gpkg;3215_SLS\desa_3215040012.geojson;32150400120031;100.0%;sama;136;3;2
040 KLARI\desa_3215040012.gpkg;3215_SLS\desa_3215040012.geojson;32150400120044;100.0%;sama;136;3;2
040 KLARI\desa_3215040012.gpkg;3215_SLS\desa_3215040012.geojson;32150400120093;100.0%;sama;136;3;2
040 KLARI\desa_3215040012.gpkg;3215_SLS\desa_3215040012.geojson;32150400120040;100.0%;sama;136;3;2
040 KLARI\desa_3215040012.gpkg;3215_SLS\desa_3215040012.geojson;32150400120104;100.0%;sama;136;3;2
040 KLARI\desa_3215040012.gpkg;3215_SLS\desa_3215040012.geojson;32150400120049;100.0%;sama;136;3;2
040 KLARI\desa_3215040012.gpkg;3215_SLS\desa_3215040012.geojson;32150400120035;100.0%;sama;136;3;2
040 KLARI\desa_3215040012.gpkg;3215_SLS\desa_3215040012.geojson;32150400120113;95.65%;sama;136;3;2
040 KLARI\desa_3215040012.gpkg;3215_SLS\desa_3215040012.geojson;32150400120023;100.0%;sama;136;3;2
040 KLARI\desa_3215040012.gpkg;3215_SLS\desa_3215040012.geojson;32150400124011;99.75%;sama;136;3;2
040 KLARI\desa_3215040012.gpkg;3215_SLS\desa_3215040012.geojson;32150400120128;100.0%;sama;136;3;2
040 KLARI\desa_3215040012.gpkg;3215_SLS\desa_3215040012.geojson;32150400120005;99.43%;sama;136;3;2
040 KLARI\desa_3215040012.gpkg;3215_SLS\desa_3215040012.geojson;32150400120102;82.92%;sama;136;3;2
040 KLARI\desa_3215040012.gpkg;3215_SLS\desa_3215040012.geojson;32150400120030;100.0%;sama;136;3;2
040 KLARI\desa_3215040012.gpkg;3215_SLS\desa_3215040012.geojson;32150400120001;100.0%;sama;136;3;2
040 KLARI\desa_3215040012.gpkg;3215_SLS\desa_3215040012.geojson;32150400120008;100.0%;sama;136;3;2
040 KLARI\desa_3215040012.gpkg;3215_SLS\desa_3215040012.geojson;32150400120086;96.35%;sama;136;3;2
040 KLARI\desa_3215040012.gpkg;3215_SLS\desa_3215040012.geojson;32150400120041;100.0%;sama;136;3;2
040 KLARI\desa_3215040012.gpkg;3215_SLS\desa_3215040012.geojson;32150400120054;100.0%;sama;136;3;2
040 KLARI\desa_3215040012.gpkg;3215_SLS\desa_3215040012.geojson;32150400120119;99.4%;sama;136;3;2
040 KLARI\desa_3215040012.gpkg;3215_SLS\desa_3215040012.geojson;32150400120121;67.29%;sama;136;3;2
040 KLARI\desa_3215040012.gpkg;3215_SLS\desa_3215040012.geojson;32150400120110;93.89%;sama;136;3;2
040 KLARI\desa_3215040012.gpkg;3215_SLS\desa_3215040012.geojson;32150400120021;92.04%;sama;136;3;2
040 KLARI\desa_3215040012.gpkg;3215_SLS\desa_3215040012.geojson;32150400120083;74.44%;sama;136;3;2
040 KLARI\desa_3215040012.gpkg;3215_SLS\desa_3215040012.geojson;32150400120033;100.0%;sama;136;3;2
040 KLARI\desa_3215040012.gpkg;3215_SLS\desa_3215040012.geojson;32150400120096;80.86%;sama;136;3;2
040 KLARI\desa_3215040012.gpkg;3215_SLS\desa_3215040012.geojson;32150400120129;0.0%;hanya_di_gpkg;136;3;2
040 KLARI\desa_3215040012.gpkg;3215_SLS\desa_3215040012.geojson;32150400124001;100.0%;sama;136;3;2
040 KLARI\desa_3215040012.gpkg;3215_SLS\desa_3215040012.geojson;32150400120028;97.87%;sama;136;3;2
040 KLARI\desa_3215040012.gpkg;3215_SLS\desa_3215040012.geojson;32150400120056;100.0%;sama;136;3;2
040 KLARI\desa_3215040012.gpkg;3215_SLS\desa_3215040012.geojson;32150400120009;100.0%;sama;136;3;2
040 KLARI\desa_3215040012.gpkg;3215_SLS\desa_3215040012.geojson;32150400124007;100.0%;sama;136;3;2
040 KLARI\desa_3215040012.gpkg;3215_SLS\desa_3215040012.geojson;32150400120088;100.0%;sama;136;3;2
040 KLARI\desa_3215040012.gpkg;3215_SLS\desa_3215040012.geojson;32150400120117;92.3%;sama;136;3;2
040 KLARI\desa_3215040012.gpkg;3215_SLS\desa_3215040012.geojson;32150400120111;100.0%;sama;136;3;2
040 KLARI\desa_3215040012.gpkg;3215_SLS\desa_3215040012.geojson;32150400120047;100.0%;sama;136;3;2
040 KLARI\desa_3215040012.gpkg;3215_SLS\desa_3215040012.geojson;32150400120073;91.89%;sama;136;3;2
040 KLARI\desa_3215040012.gpkg;3215_SLS\desa_3215040012.geojson;32150400120043;100.0%;sama;136;3;2
040 KLARI\desa_3215040012.gpkg;3215_SLS\desa_3215040012.geojson;32150400120080;99.97%;sama;136;3;2
040 KLARI\desa_3215040012.gpkg;3215_SLS\desa_3215040012.geojson;32150400120070;100.0%;sama;136;3;2
040 KLARI\desa_3215040012.gpkg;3215_SLS\desa_3215040012.geojson;32150400120007;100.0%;sama;136;3;2
040 KLARI\desa_3215040012.gpkg;3215_SLS\desa_3215040012.geojson;32150400120067;99.01%;sama;136;3;2
040 KLARI\desa_3215040012.gpkg;3215_SLS\desa_3215040012.geojson;32150400120010;100.0%;sama;136;3;2
040 KLARI\desa_3215040012.gpkg;3215_SLS\desa_3215040012.geojson;32150400120084;100.0%;sama;136;3;2
040 KLARI\desa_3215040012.gpkg;3215_SLS\desa_3215040012.geojson;32150400120012;100.0%;sama;136;3;2
040 KLARI\desa_3215040012.gpkg;3215_SLS\desa_3215040012.geojson;32150400120025;100.0%;sama;136;3;2
040 KLARI\desa_3215040012.gpkg;3215_SLS\desa_3215040012.geojson;32150400120087;88.98%;sama;136;3;2
040 KLARI\desa_3215040012.gpkg;3215_SLS\desa_3215040012.geojson;32150400120029;95.81%;sama;136;3;2
040 KLARI\desa_3215040012.gpkg;3215_SLS\desa_3215040012.geojson;32150400120075;98.89%;sama;136;3;2
040 KLARI\desa_3215040012.gpkg;3215_SLS\desa_3215040012.geojson;32150400120003;100.0%;sama;136;3;2
040 KLARI\desa_3215040012.gpkg;3215_SLS\desa_3215040012.geojson;32150400120082;99.66%;sama;136;3;2
040 KLARI\desa_3215040012.gpkg;3215_SLS\desa_3215040012.geojson;32150400120053;100.0%;sama;136;3;2
040 KLARI\desa_3215040012.gpkg;3215_SLS\desa_3215040012.geojson;32150400120038;95.67%;sama;136;3;2
040 KLARI\desa_3215040012.gpkg;3215_SLS\desa_3215040012.geojson;32150400124003;60.19%;sama;136;3;2
040 KLARI\desa_3215040012.gpkg;3215_SLS\desa_3215040012.geojson;32150400120106;100.0%;sama;136;3;2
040 KLARI\desa_3215040012.gpkg;3215_SLS\desa_3215040012.geojson;32150400120050;100.0%;sama;136;3;2
031 TELUKJAMBE TIMUR\desa_3215031004.gpkg;3215_SLS\desa_3215031004.geojson;32150310040003;100.0%;sama;26;0;0
031 TELUKJAMBE TIMUR\desa_3215031004.gpkg;3215_SLS\desa_3215031004.geojson;32150310040018;100.0%;sama;26;0;0
031 TELUKJAMBE TIMUR\desa_3215031004.gpkg;3215_SLS\desa_3215031004.geojson;32150310040002;100.0%;sama;26;0;0
031 TELUKJAMBE TIMUR\desa_3215031004.gpkg;3215_SLS\desa_3215031004.geojson;32150310040004;100.0%;sama;26;0;0
031 TELUKJAMBE TIMUR\desa_3215031004.gpkg;3215_SLS\desa_3215031004.geojson;32150310040011;100.0%;sama;26;0;0
031 TELUKJAMBE TIMUR\desa_3215031004.gpkg;3215_SLS\desa_3215031004.geojson;32150310040025;61.18%;sama;26;0;0
031 TELUKJAMBE TIMUR\desa_3215031004.gpkg;3215_SLS\desa_3215031004.geojson;32150310040023;100.0%;sama;26;0;0
031 TELUKJAMBE TIMUR\desa_3215031004.gpkg;3215_SLS\desa_3215031004.geojson;32150310040021;100.0%;sama;26;0;0
031 TELUKJAMBE TIMUR\desa_3215031004.gpkg;3215_SLS\desa_3215031004.geojson;32150310044001;100.0%;sama;26;0;0
031 TELUKJAMBE TIMUR\desa_3215031004.gpkg;3215_SLS\desa_3215031004.geojson;32150310040015;100.0%;sama;26;0;0
031 TELUKJAMBE TIMUR\desa_3215031004.gpkg;3215_SLS\desa_3215031004.geojson;32150310040008;100.0%;sama;26;0;0
031 TELUKJAMBE TIMUR\desa_3215031004.gpkg;3215_SLS\desa_3215031004.geojson;32150310040001;100.0%;sama;26;0;0
031 TELUKJAMBE TIMUR\desa_3215031004.gpkg;3215_SLS\desa_3215031004.geojson;32150310040024;100.0%;sama;26;0;0
031 TELUKJAMBE TIMUR\desa_3215031004.gpkg;3215_SLS\desa_3215031004.geojson;32150310040019;100.0%;sama;26;0;0
031 TELUKJAMBE TIMUR\desa_3215031004.gpkg;3215_SLS\desa_3215031004.geojson;32150310040012;100.0%;sama;26;0;0
031 TELUKJAMBE TIMUR\desa_3215031004.gpkg;3215_SLS\desa_3215031004.geojson;32150310040014;100.0%;sama;26;0;0
031 TELUKJAMBE TIMUR\desa_3215031004.gpkg;3215_SLS\desa_3215031004.geojson;32150310040013;100.0%;sama;26;0;0
031 TELUKJAMBE TIMUR\desa_3215031004.gpkg;3215_SLS\desa_3215031004.geojson;32150310040007;100.0%;sama;26;0;0
031 TELUKJAMBE TIMUR\desa_3215031004.gpkg;3215_SLS\desa_3215031004.geojson;32150310040022;62.05%;sama;26;0;0
031 TELUKJAMBE TIMUR\desa_3215031004.gpkg;3215_SLS\desa_3215031004.geojson;32150310040016;100.0%;sama;26;0;0
031 TELUKJAMBE TIMUR\desa_3215031004.gpkg;3215_SLS\desa_3215031004.geojson;32150310040006;100.0%;sama;26;0;0
031 TELUKJAMBE TIMUR\desa_3215031004.gpkg;3215_SLS\desa_3215031004.geojson;32150310040005;100.0%;sama;26;0;0
031 TELUKJAMBE TIMUR\desa_3215031004.gpkg;3215_SLS\desa_3215031004.geojson;32150310040020;100.0%;sama;26;0;0
031 TELUKJAMBE TIMUR\desa_3215031004.gpkg;3215_SLS\desa_3215031004.geojson;32150310040009;100.0%;sama;26;0;0
031 TELUKJAMBE TIMUR\desa_3215031004.gpkg;3215_SLS\desa_3215031004.geojson;32150310040017;100.0%;sama;26;0;0
031 TELUKJAMBE TIMUR\desa_3215031004.gpkg;3215_SLS\desa_3215031004.geojson;32150310040010;100.0%;sama;26;0;0
031 TELUKJAMBE TIMUR\desa_3215031006.gpkg;3215_SLS\desa_3215031006.geojson;32150310060045;100.0%;sama;50;0;0
031 TELUKJAMBE TIMUR\desa_3215031006.gpkg;3215_SLS\desa_3215031006.geojson;32150310060034;100.0%;sama;50;0;0
031 TELUKJAMBE TIMUR\desa_3215031006.gpkg;3215_SLS\desa_3215031006.geojson;32150310060028;100.0%;sama;50;0;0
031 TELUKJAMBE TIMUR\desa_3215031006.gpkg;3215_SLS\desa_3215031006.geojson;32150310060044;100.0%;sama;50;0;0
031 TELUKJAMBE TIMUR\desa_3215031006.gpkg;3215_SLS\desa_3215031006.geojson;32150310060019;82.77%;sama;50;0;0
031 TELUKJAMBE TIMUR\desa_3215031006.gpkg;3215_SLS\desa_3215031006.geojson;32150310060003;100.0%;sama;50;0;0
031 TELUKJAMBE TIMUR\desa_3215031006.gpkg;3215_SLS\desa_3215031006.geojson;32150310060023;100.0%;sama;50;0;0
031 TELUKJAMBE TIMUR\desa_3215031006.gpkg;3215_SLS\desa_3215031006.geojson;32150310060041;100.0%;sama;50;0;0
031 TELUKJAMBE TIMUR\desa_3215031006.gpkg;3215_SLS\desa_3215031006.geojson;32150310065001;100.0%;sama;50;0;0
031 TELUKJAMBE TIMUR\desa_3215031006.gpkg;3215_SLS\desa_3215031006.geojson;32150310060032;100.0%;sama;50;0;0
031 TELUKJAMBE TIMUR\desa_3215031006.gpkg;3215_SLS\desa_3215031006.geojson;32150310060014;92.02%;sama;50;0;0
031 TELUKJAMBE TIMUR\desa_3215031006.gpkg;3215_SLS\desa_3215031006.geojson;32150310065002;100.0%;sama;50;0;0
031 TELUKJAMBE TIMUR\desa_3215031006.gpkg;3215_SLS\desa_3215031006.geojson;32150310060011;100.0%;sama;50;0;0
031 TELUKJAMBE TIMUR\desa_3215031006.gpkg;3215_SLS\desa_3215031006.geojson;32150310060009;100.0%;sama;50;0;0
031 TELUKJAMBE TIMUR\desa_3215031006.gpkg;3215_SLS\desa_3215031006.geojson;32150310060035;100.0%;sama;50;0;0
031 TELUKJAMBE TIMUR\desa_3215031006.gpkg;3215_SLS\desa_3215031006.geojson;32150310060010;100.0%;sama;50;0;0
031 TELUKJAMBE TIMUR\desa_3215031006.gpkg;3215_SLS\desa_3215031006.geojson;32150310060036;100.0%;sama;50;0;0
031 TELUKJAMBE TIMUR\desa_3215031006.gpkg;3215_SLS\desa_3215031006.geojson;32150310060043;100.0%;sama;50;0;0
031 TELUKJAMBE TIMUR\desa_3215031006.gpkg;3215_SLS\desa_3215031006.geojson;32150310060022;100.0%;sama;50;0;0
031 TELUKJAMBE TIMUR\desa_3215031006.gpkg;3215_SLS\desa_3215031006.geojson;32150310060046;100.0%;sama;50;0;0
031 TELUKJAMBE TIMUR\desa_3215031006.gpkg;3215_SLS\desa_3215031006.geojson;32150310060029;100.0%;sama;50;0;0
031 TELUKJAMBE TIMUR\desa_3215031006.gpkg;3215_SLS\desa_3215031006.geojson;32150310060042;100.0%;sama;50;0;0
031 TELUKJAMBE TIMUR\desa_3215031006.gpkg;3215_SLS\desa_3215031006.geojson;32150310060012;100.0%;sama;50;0;0
031 TELUKJAMBE TIMUR\desa_3215031006.gpkg;3215_SLS\desa_3215031006.geojson;32150310060039;100.0%;sama;50;0;0
031 TELUKJAMBE TIMUR\desa_3215031006.gpkg;3215_SLS\desa_3215031006.geojson;32150310060030;100.0%;sama;50;0;0
031 TELUKJAMBE TIMUR\desa_3215031006.gpkg;3215_SLS\desa_3215031006.geojson;32150310060008;100.0%;sama;50;0;0
031 TELUKJAMBE TIMUR\desa_3215031006.gpkg;3215_SLS\desa_3215031006.geojson;32150310060024;100.0%;sama;50;0;0
031 TELUKJAMBE TIMUR\desa_3215031006.gpkg;3215_SLS\desa_3215031006.geojson;32150310060026;100.0%;sama;50;0;0
031 TELUKJAMBE TIMUR\desa_3215031006.gpkg;3215_SLS\desa_3215031006.geojson;32150310060002;100.0%;sama;50;0;0
031 TELUKJAMBE TIMUR\desa_3215031006.gpkg;3215_SLS\desa_3215031006.geojson;32150310060015;100.0%;sama;50;0;0
031 TELUKJAMBE TIMUR\desa_3215031006.gpkg;3215_SLS\desa_3215031006.geojson;32150310065003;100.0%;sama;50;0;0
031 TELUKJAMBE TIMUR\desa_3215031006.gpkg;3215_SLS\desa_3215031006.geojson;32150310060033;100.0%;sama;50;0;0
031 TELUKJAMBE TIMUR\desa_3215031006.gpkg;3215_SLS\desa_3215031006.geojson;32150310060027;100.0%;sama;50;0;0
031 TELUKJAMBE TIMUR\desa_3215031006.gpkg;3215_SLS\desa_3215031006.geojson;32150310060005;100.0%;sama;50;0;0
031 TELUKJAMBE TIMUR\desa_3215031006.gpkg;3215_SLS\desa_3215031006.geojson;32150310060040;100.0%;sama;50;0;0
031 TELUKJAMBE TIMUR\desa_3215031006.gpkg;3215_SLS\desa_3215031006.geojson;32150310060017;100.0%;sama;50;0;0
031 TELUKJAMBE TIMUR\desa_3215031006.gpkg;3215_SLS\desa_3215031006.geojson;32150310060047;100.0%;sama;50;0;0
031 TELUKJAMBE TIMUR\desa_3215031006.gpkg;3215_SLS\desa_3215031006.geojson;32150310060007;97.97%;sama;50;0;0
031 TELUKJAMBE TIMUR\desa_3215031006.gpkg;3215_SLS\desa_3215031006.geojson;32150310060004;100.0%;sama;50;0;0
031 TELUKJAMBE TIMUR\desa_3215031006.gpkg;3215_SLS\desa_3215031006.geojson;32150310060013;61.13%;sama;50;0;0
031 TELUKJAMBE TIMUR\desa_3215031006.gpkg;3215_SLS\desa_3215031006.geojson;32150310060016;100.0%;sama;50;0;0
031 TELUKJAMBE TIMUR\desa_3215031006.gpkg;3215_SLS\desa_3215031006.geojson;32150310060031;100.0%;sama;50;0;0
031 TELUKJAMBE TIMUR\desa_3215031006.gpkg;3215_SLS\desa_3215031006.geojson;32150310060020;100.0%;sama;50;0;0
031 TELUKJAMBE TIMUR\desa_3215031006.gpkg;3215_SLS\desa_3215031006.geojson;32150310060018;76.68%;sama;50;0;0
031 TELUKJAMBE TIMUR\desa_3215031006.gpkg;3215_SLS\desa_3215031006.geojson;32150310060021;100.0%;sama;50;0;0
031 TELUKJAMBE TIMUR\desa_3215031006.gpkg;3215_SLS\desa_3215031006.geojson;32150310060025;100.0%;sama;50;0;0
031 TELUKJAMBE TIMUR\desa_3215031006.gpkg;3215_SLS\desa_3215031006.geojson;32150310060037;100.0%;sama;50;0;0
031 TELUKJAMBE TIMUR\desa_3215031006.gpkg;3215_SLS\desa_3215031006.geojson;32150310060006;95.66%;sama;50;0;0
031 TELUKJAMBE TIMUR\desa_3215031006.gpkg;3215_SLS\desa_3215031006.geojson;32150310060038;100.0%;sama;50;0;0
031 TELUKJAMBE TIMUR\desa_3215031006.gpkg;3215_SLS\desa_3215031006.geojson;32150310060001;100.0%;sama;50;0;0
031 TELUKJAMBE TIMUR\desa_3215031003.gpkg;3215_SLS\desa_3215031003.geojson;32150310030038;90.41%;sama;52;0;0
031 TELUKJAMBE TIMUR\desa_3215031003.gpkg;3215_SLS\desa_3215031003.geojson;32150310030004;100.0%;sama;52;0;0
031 TELUKJAMBE TIMUR\desa_3215031003.gpkg;3215_SLS\desa_3215031003.geojson;32150310030047;100.0%;sama;52;0;0
031 TELUKJAMBE TIMUR\desa_3215031003.gpkg;3215_SLS\desa_3215031003.geojson;32150310030003;100.0%;sama;52;0;0
031 TELUKJAMBE TIMUR\desa_3215031003.gpkg;3215_SLS\desa_3215031003.geojson;32150310030023;100.0%;sama;52;0;0
031 TELUKJAMBE TIMUR\desa_3215031003.gpkg;3215_SLS\desa_3215031003.geojson;32150310030033;100.0%;sama;52;0;0
031 TELUKJAMBE TIMUR\desa_3215031003.gpkg;3215_SLS\desa_3215031003.geojson;32150310030029;100.0%;sama;52;0;0
031 TELUKJAMBE TIMUR\desa_3215031003.gpkg;3215_SLS\desa_3215031003.geojson;32150310031003;100.0%;sama;52;0;0
031 TELUKJAMBE TIMUR\desa_3215031003.gpkg;3215_SLS\desa_3215031003.geojson;32150310030026;100.0%;sama;52;0;0
031 TELUKJAMBE TIMUR\desa_3215031003.gpkg;3215_SLS\desa_3215031003.geojson;32150310030015;100.0%;sama;52;0;0
031 TELUKJAMBE TIMUR\desa_3215031003.gpkg;3215_SLS\desa_3215031003.geojson;32150310030020;100.0%;sama;52;0;0
031 TELUKJAMBE TIMUR\desa_3215031003.gpkg;3215_SLS\desa_3215031003.geojson;32150310030002;100.0%;sama;52;0;0
031 TELUKJAMBE TIMUR\desa_3215031003.gpkg;3215_SLS\desa_3215031003.geojson;32150310030041;100.0%;sama;52;0;0
031 TELUKJAMBE TIMUR\desa_3215031003.gpkg;3215_SLS\desa_3215031003.geojson;32150310030013;100.0%;sama;52;0;0
031 TELUKJAMBE TIMUR\desa_3215031003.gpkg;3215_SLS\desa_3215031003.geojson;32150310030028;100.0%;sama;52;0;0
031 TELUKJAMBE TIMUR\desa_3215031003.gpkg;3215_SLS\desa_3215031003.geojson;32150310030005;100.0%;sama;52;0;0
031 TELUKJAMBE TIMUR\desa_3215031003.gpkg;3215_SLS\desa_3215031003.geojson;32150310030040;100.0%;sama;52;0;0
031 TELUKJAMBE TIMUR\desa_3215031003.gpkg;3215_SLS\desa_3215031003.geojson;32150310030024;100.0%;sama;52;0;0
031 TELUKJAMBE TIMUR\desa_3215031003.gpkg;3215_SLS\desa_3215031003.geojson;32150310031004;100.0%;sama;52;0;0
031 TELUKJAMBE TIMUR\desa_3215031003.gpkg;3215_SLS\desa_3215031003.geojson;32150310030032;100.0%;sama;52;0;0
031 TELUKJAMBE TIMUR\desa_3215031003.gpkg;3215_SLS\desa_3215031003.geojson;32150310031005;100.0%;sama;52;0;0
031 TELUKJAMBE TIMUR\desa_3215031003.gpkg;3215_SLS\desa_3215031003.geojson;32150310030025;100.0%;sama;52;0;0
031 TELUKJAMBE TIMUR\desa_3215031003.gpkg;3215_SLS\desa_3215031003.geojson;32150310030008;100.0%;sama;52;0;0
031 TELUKJAMBE TIMUR\desa_3215031003.gpkg;3215_SLS\desa_3215031003.geojson;32150310030019;100.0%;sama;52;0;0
031 TELUKJAMBE TIMUR\desa_3215031003.gpkg;3215_SLS\desa_3215031003.geojson;32150310030001;100.0%;sama;52;0;0
031 TELUKJAMBE TIMUR\desa_3215031003.gpkg;3215_SLS\desa_3215031003.geojson;32150310030014;100.0%;sama;52;0;0
031 TELUKJAMBE TIMUR\desa_3215031003.gpkg;3215_SLS\desa_3215031003.geojson;32150310030044;100.0%;sama;52;0;0
031 TELUKJAMBE TIMUR\desa_3215031003.gpkg;3215_SLS\desa_3215031003.geojson;32150310030027;100.0%;sama;52;0;0
031 TELUKJAMBE TIMUR\desa_3215031003.gpkg;3215_SLS\desa_3215031003.geojson;32150310030010;100.0%;sama;52;0;0
031 TELUKJAMBE TIMUR\desa_3215031003.gpkg;3215_SLS\desa_3215031003.geojson;32150310030030;100.0%;sama;52;0;0
031 TELUKJAMBE TIMUR\desa_3215031003.gpkg;3215_SLS\desa_3215031003.geojson;32150310030022;94.3%;sama;52;0;0
031 TELUKJAMBE TIMUR\desa_3215031003.gpkg;3215_SLS\desa_3215031003.geojson;32150310031001;100.0%;sama;52;0;0
031 TELUKJAMBE TIMUR\desa_3215031003.gpkg;3215_SLS\desa_3215031003.geojson;32150310030037;100.0%;sama;52;0;0
031 TELUKJAMBE TIMUR\desa_3215031003.gpkg;3215_SLS\desa_3215031003.geojson;32150310030036;100.0%;sama;52;0;0
031 TELUKJAMBE TIMUR\desa_3215031003.gpkg;3215_SLS\desa_3215031003.geojson;32150310030035;100.0%;sama;52;0;0
031 TELUKJAMBE TIMUR\desa_3215031003.gpkg;3215_SLS\desa_3215031003.geojson;32150310030046;100.0%;sama;52;0;0
031 TELUKJAMBE TIMUR\desa_3215031003.gpkg;3215_SLS\desa_3215031003.geojson;32150310030017;100.0%;sama;52;0;0
031 TELUKJAMBE TIMUR\desa_3215031003.gpkg;3215_SLS\desa_3215031003.geojson;32150310030039;100.0%;sama;52;0;0
031 TELUKJAMBE TIMUR\desa_3215031003.gpkg;3215_SLS\desa_3215031003.geojson;32150310031002;100.0%;sama;52;0;0
031 TELUKJAMBE TIMUR\desa_3215031003.gpkg;3215_SLS\desa_3215031003.geojson;32150310030031;95.01%;sama;52;0;0
031 TELUKJAMBE TIMUR\desa_3215031003.gpkg;3215_SLS\desa_3215031003.geojson;32150310030011;100.0%;sama;52;0;0
031 TELUKJAMBE TIMUR\desa_3215031003.gpkg;3215_SLS\desa_3215031003.geojson;32150310030021;94.83%;sama;52;0;0
031 TELUKJAMBE TIMUR\desa_3215031003.gpkg;3215_SLS\desa_3215031003.geojson;32150310030042;100.0%;sama;52;0;0
031 TELUKJAMBE TIMUR\desa_3215031003.gpkg;3215_SLS\desa_3215031003.geojson;32150310030043;100.0%;sama;52;0;0
031 TELUKJAMBE TIMUR\desa_3215031003.gpkg;3215_SLS\desa_3215031003.geojson;32150310030016;100.0%;sama;52;0;0
031 TELUKJAMBE TIMUR\desa_3215031003.gpkg;3215_SLS\desa_3215031003.geojson;32150310030009;100.0%;sama;52;0;0
031 TELUKJAMBE TIMUR\desa_3215031003.gpkg;3215_SLS\desa_3215031003.geojson;32150310030034;100.0%;sama;52;0;0
031 TELUKJAMBE TIMUR\desa_3215031003.gpkg;3215_SLS\desa_3215031003.geojson;32150310030012;100.0%;sama;52;0;0
031 TELUKJAMBE TIMUR\desa_3215031003.gpkg;3215_SLS\desa_3215031003.geojson;32150310030045;100.0%;sama;52;0;0
031 TELUKJAMBE TIMUR\desa_3215031003.gpkg;3215_SLS\desa_3215031003.geojson;32150310030006;100.0%;sama;52;0;0
031 TELUKJAMBE TIMUR\desa_3215031003.gpkg;3215_SLS\desa_3215031003.geojson;32150310030018;100.0%;sama;52;0;0
031 TELUKJAMBE TIMUR\desa_3215031003.gpkg;3215_SLS\desa_3215031003.geojson;32150310030007;100.0%;sama;52;0;0
031 TELUKJAMBE TIMUR\desa_3215031001.gpkg;3215_SLS\desa_3215031001.geojson;32150310010066;100.0%;sama;83;0;0
031 TELUKJAMBE TIMUR\desa_3215031001.gpkg;3215_SLS\desa_3215031001.geojson;32150310010071;100.0%;sama;83;0;0
031 TELUKJAMBE TIMUR\desa_3215031001.gpkg;3215_SLS\desa_3215031001.geojson;32150310010007;100.0%;sama;83;0;0
031 TELUKJAMBE TIMUR\desa_3215031001.gpkg;3215_SLS\desa_3215031001.geojson;32150310010043;100.0%;sama;83;0;0
031 TELUKJAMBE TIMUR\desa_3215031001.gpkg;3215_SLS\desa_3215031001.geojson;32150310010010;100.0%;sama;83;0;0
031 TELUKJAMBE TIMUR\desa_3215031001.gpkg;3215_SLS\desa_3215031001.geojson;32150310010019;100.0%;sama;83;0;0
031 TELUKJAMBE TIMUR\desa_3215031001.gpkg;3215_SLS\desa_3215031001.geojson;32150310010049;100.0%;sama;83;0;0
031 TELUKJAMBE TIMUR\desa_3215031001.gpkg;3215_SLS\desa_3215031001.geojson;32150310010057;100.0%;sama;83;0;0
031 TELUKJAMBE TIMUR\desa_3215031001.gpkg;3215_SLS\desa_3215031001.geojson;32150310010061;100.0%;sama;83;0;0
031 TELUKJAMBE TIMUR\desa_3215031001.gpkg;3215_SLS\desa_3215031001.geojson;32150310010074;100.0%;sama;83;0;0
031 TELUKJAMBE TIMUR\desa_3215031001.gpkg;3215_SLS\desa_3215031001.geojson;32150310010006;100.0%;sama;83;0;0
031 TELUKJAMBE TIMUR\desa_3215031001.gpkg;3215_SLS\desa_3215031001.geojson;32150310010011;100.0%;sama;83;0;0
031 TELUKJAMBE TIMUR\desa_3215031001.gpkg;3215_SLS\desa_3215031001.geojson;32150310010063;100.0%;sama;83;0;0
031 TELUKJAMBE TIMUR\desa_3215031001.gpkg;3215_SLS\desa_3215031001.geojson;32150310010062;100.0%;sama;83;0;0
031 TELUKJAMBE TIMUR\desa_3215031001.gpkg;3215_SLS\desa_3215031001.geojson;32150310010018;100.0%;sama;83;0;0
031 TELUKJAMBE TIMUR\desa_3215031001.gpkg;3215_SLS\desa_3215031001.geojson;32150310010008;100.0%;sama;83;0;0
031 TELUKJAMBE TIMUR\desa_3215031001.gpkg;3215_SLS\desa_3215031001.geojson;32150310010069;100.0%;sama;83;0;0
031 TELUKJAMBE TIMUR\desa_3215031001.gpkg;3215_SLS\desa_3215031001.geojson;32150310010025;100.0%;sama;83;0;0
031 TELUKJAMBE TIMUR\desa_3215031001.gpkg;3215_SLS\desa_3215031001.geojson;32150310010053;100.0%;sama;83;0;0
031 TELUKJAMBE TIMUR\desa_3215031001.gpkg;3215_SLS\desa_3215031001.geojson;32150310010060;100.0%;sama;83;0;0
031 TELUKJAMBE TIMUR\desa_3215031001.gpkg;3215_SLS\desa_3215031001.geojson;32150310010065;100.0%;sama;83;0;0
031 TELUKJAMBE TIMUR\desa_3215031001.gpkg;3215_SLS\desa_3215031001.geojson;32150310010024;100.0%;sama;83;0;0
031 TELUKJAMBE TIMUR\desa_3215031001.gpkg;3215_SLS\desa_3215031001.geojson;32150310010014;100.0%;sama;83;0;0
031 TELUKJAMBE TIMUR\desa_3215031001.gpkg;3215_SLS\desa_3215031001.geojson;32150310010051;100.0%;sama;83;0;0
031 TELUKJAMBE TIMUR\desa_3215031001.gpkg;3215_SLS\desa_3215031001.geojson;32150310010003;100.0%;sama;83;0;0
031 TELUKJAMBE TIMUR\desa_3215031001.gpkg;3215_SLS\desa_3215031001.geojson;32150310010072;100.0%;sama;83;0;0
031 TELUKJAMBE TIMUR\desa_3215031001.gpkg;3215_SLS\desa_3215031001.geojson;32150310010034;100.0%;sama;83;0;0
031 TELUKJAMBE TIMUR\desa_3215031001.gpkg;3215_SLS\desa_3215031001.geojson;32150310010029;100.0%;sama;83;0;0
031 TELUKJAMBE TIMUR\desa_3215031001.gpkg;3215_SLS\desa_3215031001.geojson;32150310010048;100.0%;sama;83;0;0
031 TELUKJAMBE TIMUR\desa_3215031001.gpkg;3215_SLS\desa_3215031001.geojson;32150310010058;100.0%;sama;83;0;0
031 TELUKJAMBE TIMUR\desa_3215031001.gpkg;3215_SLS\desa_3215031001.geojson;32150310010052;100.0%;sama;83;0;0
031 TELUKJAMBE TIMUR\desa_3215031001.gpkg;3215_SLS\desa_3215031001.geojson;32150310010005;100.0%;sama;83;0;0
031 TELUKJAMBE TIMUR\desa_3215031001.gpkg;3215_SLS\desa_3215031001.geojson;32150310010070;100.0%;sama;83;0;0
031 TELUKJAMBE TIMUR\desa_3215031001.gpkg;3215_SLS\desa_3215031001.geojson;32150310010021;100.0%;sama;83;0;0
031 TELUKJAMBE TIMUR\desa_3215031001.gpkg;3215_SLS\desa_3215031001.geojson;32150310010076;100.0%;sama;83;0;0
031 TELUKJAMBE TIMUR\desa_3215031001.gpkg;3215_SLS\desa_3215031001.geojson;32150310010023;100.0%;sama;83;0;0
031 TELUKJAMBE TIMUR\desa_3215031001.gpkg;3215_SLS\desa_3215031001.geojson;32150310010037;100.0%;sama;83;0;0
031 TELUKJAMBE TIMUR\desa_3215031001.gpkg;3215_SLS\desa_3215031001.geojson;32150310010032;100.0%;sama;83;0;0
031 TELUKJAMBE TIMUR\desa_3215031001.gpkg;3215_SLS\desa_3215031001.geojson;32150310010028;100.0%;sama;83;0;0
031 TELUKJAMBE TIMUR\desa_3215031001.gpkg;3215_SLS\desa_3215031001.geojson;32150310010047;100.0%;sama;83;0;0
031 TELUKJAMBE TIMUR\desa_3215031001.gpkg;3215_SLS\desa_3215031001.geojson;32150310010001;100.0%;sama;83;0;0
031 TELUKJAMBE TIMUR\desa_3215031001.gpkg;3215_SLS\desa_3215031001.geojson;32150310010046;100.0%;sama;83;0;0
031 TELUKJAMBE TIMUR\desa_3215031001.gpkg;3215_SLS\desa_3215031001.geojson;32150310010009;100.0%;sama;83;0;0
031 TELUKJAMBE TIMUR\desa_3215031001.gpkg;3215_SLS\desa_3215031001.geojson;32150310010031;100.0%;sama;83;0;0
031 TELUKJAMBE TIMUR\desa_3215031001.gpkg;3215_SLS\desa_3215031001.geojson;32150310010022;100.0%;sama;83;0;0
031 TELUKJAMBE TIMUR\desa_3215031001.gpkg;3215_SLS\desa_3215031001.geojson;32150310010013;100.0%;sama;83;0;0
031 TELUKJAMBE TIMUR\desa_3215031001.gpkg;3215_SLS\desa_3215031001.geojson;32150310010050;100.0%;sama;83;0;0
031 TELUKJAMBE TIMUR\desa_3215031001.gpkg;3215_SLS\desa_3215031001.geojson;32150310010002;100.0%;sama;83;0;0
031 TELUKJAMBE TIMUR\desa_3215031001.gpkg;3215_SLS\desa_3215031001.geojson;32150310010012;100.0%;sama;83;0;0
031 TELUKJAMBE TIMUR\desa_3215031001.gpkg;3215_SLS\desa_3215031001.geojson;32150310010079;100.0%;sama;83;0;0
031 TELUKJAMBE TIMUR\desa_3215031001.gpkg;3215_SLS\desa_3215031001.geojson;32150310010015;100.0%;sama;83;0;0
031 TELUKJAMBE TIMUR\desa_3215031001.gpkg;3215_SLS\desa_3215031001.geojson;32150310010027;100.0%;sama;83;0;0
031 TELUKJAMBE TIMUR\desa_3215031001.gpkg;3215_SLS\desa_3215031001.geojson;32150310010067;100.0%;sama;83;0;0
031 TELUKJAMBE TIMUR\desa_3215031001.gpkg;3215_SLS\desa_3215031001.geojson;32150310010042;100.0%;sama;83;0;0
031 TELUKJAMBE TIMUR\desa_3215031001.gpkg;3215_SLS\desa_3215031001.geojson;32150310010017;100.0%;sama;83;0;0
031 TELUKJAMBE TIMUR\desa_3215031001.gpkg;3215_SLS\desa_3215031001.geojson;32150310010077;100.0%;sama;83;0;0
031 TELUKJAMBE TIMUR\desa_3215031001.gpkg;3215_SLS\desa_3215031001.geojson;32150310012002;100.0%;sama;83;0;0
031 TELUKJAMBE TIMUR\desa_3215031001.gpkg;3215_SLS\desa_3215031001.geojson;32150310010030;100.0%;sama;83;0;0
031 TELUKJAMBE TIMUR\desa_3215031001.gpkg;3215_SLS\desa_3215031001.geojson;32150310010016;100.0%;sama;83;0;0
031 TELUKJAMBE TIMUR\desa_3215031001.gpkg;3215_SLS\desa_3215031001.geojson;32150310010004;100.0%;sama;83;0;0
031 TELUKJAMBE TIMUR\desa_3215031001.gpkg;3215_SLS\desa_3215031001.geojson;32150310010075;100.0%;sama;83;0;0
031 TELUKJAMBE TIMUR\desa_3215031001.gpkg;3215_SLS\desa_3215031001.geojson;32150310015004;100.0%;sama;83;0;0
031 TELUKJAMBE TIMUR\desa_3215031001.gpkg;3215_SLS\desa_3215031001.geojson;32150310010020;100.0%;sama;83;0;0
031 TELUKJAMBE TIMUR\desa_3215031001.gpkg;3215_SLS\desa_3215031001.geojson;32150310010038;97.07%;sama;83;0;0
031 TELUKJAMBE TIMUR\desa_3215031001.gpkg;3215_SLS\desa_3215031001.geojson;32150310010040;100.0%;sama;83;0;0
031 TELUKJAMBE TIMUR\desa_3215031001.gpkg;3215_SLS\desa_3215031001.geojson;32150310010036;95.94%;sama;83;0;0
031 TELUKJAMBE TIMUR\desa_3215031001.gpkg;3215_SLS\desa_3215031001.geojson;32150310010039;100.0%;sama;83;0;0
031 TELUKJAMBE TIMUR\desa_3215031001.gpkg;3215_SLS\desa_3215031001.geojson;32150310010054;100.0%;sama;83;0;0
031 TELUKJAMBE TIMUR\desa_3215031001.gpkg;3215_SLS\desa_3215031001.geojson;32150310010044;100.0%;sama;83;0;0
031 TELUKJAMBE TIMUR\desa_3215031001.gpkg;3215_SLS\desa_3215031001.geojson;32150310010026;100.0%;sama;83;0;0
031 TELUKJAMBE TIMUR\desa_3215031001.gpkg;3215_SLS\desa_3215031001.geojson;32150310010045;100.0%;sama;83;0;0
031 TELUKJAMBE TIMUR\desa_3215031001.gpkg;3215_SLS\desa_3215031001.geojson;32150310010078;100.0%;sama;83;0;0
031 TELUKJAMBE TIMUR\desa_3215031001.gpkg;3215_SLS\desa_3215031001.geojson;32150310010056;100.0%;sama;83;0;0
031 TELUKJAMBE TIMUR\desa_3215031001.gpkg;3215_SLS\desa_3215031001.geojson;32150310014003;100.0%;sama;83;0;0
031 TELUKJAMBE TIMUR\desa_3215031001.gpkg;3215_SLS\desa_3215031001.geojson;32150310010064;100.0%;sama;83;0;0
031 TELUKJAMBE TIMUR\desa_3215031001.gpkg;3215_SLS\desa_3215031001.geojson;32150310010055;100.0%;sama;83;0;0
031 TELUKJAMBE TIMUR\desa_3215031001.gpkg;3215_SLS\desa_3215031001.geojson;32150310010035;100.0%;sama;83;0;0
031 TELUKJAMBE TIMUR\desa_3215031001.gpkg;3215_SLS\desa_3215031001.geojson;32150310010033;100.0%;sama;83;0;0
031 TELUKJAMBE TIMUR\desa_3215031001.gpkg;3215_SLS\desa_3215031001.geojson;32150310010073;100.0%;sama;83;0;0
031 TELUKJAMBE TIMUR\desa_3215031001.gpkg;3215_SLS\desa_3215031001.geojson;32150310014001;100.0%;sama;83;0;0
031 TELUKJAMBE TIMUR\desa_3215031001.gpkg;3215_SLS\desa_3215031001.geojson;32150310010068;100.0%;sama;83;0;0
031 TELUKJAMBE TIMUR\desa_3215031001.gpkg;3215_SLS\desa_3215031001.geojson;32150310010059;100.0%;sama;83;0;0
031 TELUKJAMBE TIMUR\desa_3215031001.gpkg;3215_SLS\desa_3215031001.geojson;32150310010041;100.0%;sama;83;0;0
031 TELUKJAMBE TIMUR\desa_3215031002.gpkg;3215_SLS\desa_3215031002.geojson;32150310020018;100.0%;sama;19;0;0
031 TELUKJAMBE TIMUR\desa_3215031002.gpkg;3215_SLS\desa_3215031002.geojson;32150310020006;100.0%;sama;19;0;0
031 TELUKJAMBE TIMUR\desa_3215031002.gpkg;3215_SLS\desa_3215031002.geojson;32150310020007;100.0%;sama;19;0;0
031 TELUKJAMBE TIMUR\desa_3215031002.gpkg;3215_SLS\desa_3215031002.geojson;32150310020016;100.0%;sama;19;0;0
031 TELUKJAMBE TIMUR\desa_3215031002.gpkg;3215_SLS\desa_3215031002.geojson;32150310020002;100.0%;sama;19;0;0
031 TELUKJAMBE TIMUR\desa_3215031002.gpkg;3215_SLS\desa_3215031002.geojson;32150310020017;100.0%;sama;19;0;0
031 TELUKJAMBE TIMUR\desa_3215031002.gpkg;3215_SLS\desa_3215031002.geojson;32150310020001;100.0%;sama;19;0;0
031 TELUKJAMBE TIMUR\desa_3215031002.gpkg;3215_SLS\desa_3215031002.geojson;32150310020012;100.0%;sama;19;0;0
031 TELUKJAMBE TIMUR\desa_3215031002.gpkg;3215_SLS\desa_3215031002.geojson;32150310020009;100.0%;sama;19;0;0
031 TELUKJAMBE TIMUR\desa_3215031002.gpkg;3215_SLS\desa_3215031002.geojson;32150310020013;100.0%;sama;19;0;0
031 TELUKJAMBE TIMUR\desa_3215031002.gpkg;3215_SLS\desa_3215031002.geojson;32150310020011;100.0%;sama;19;0;0
031 TELUKJAMBE TIMUR\desa_3215031002.gpkg;3215_SLS\desa_3215031002.geojson;32150310020005;100.0%;sama;19;0;0
031 TELUKJAMBE TIMUR\desa_3215031002.gpkg;3215_SLS\desa_3215031002.geojson;32150310020008;100.0%;sama;19;0;0
031 TELUKJAMBE TIMUR\desa_3215031002.gpkg;3215_SLS\desa_3215031002.geojson;32150310020015;100.0%;sama;19;0;0
031 TELUKJAMBE TIMUR\desa_3215031002.gpkg;3215_SLS\desa_3215031002.geojson;32150310025001;100.0%;sama;19;0;0
031 TELUKJAMBE TIMUR\desa_3215031002.gpkg;3215_SLS\desa_3215031002.geojson;32150310020010;100.0%;sama;19;0;0
031 TELUKJAMBE TIMUR\desa_3215031002.gpkg;3215_SLS\desa_3215031002.geojson;32150310020014;100.0%;sama;19;0;0
031 TELUKJAMBE TIMUR\desa_3215031002.gpkg;3215_SLS\desa_3215031002.geojson;32150310020004;100.0%;sama;19;0;0
031 TELUKJAMBE TIMUR\desa_3215031002.gpkg;3215_SLS\desa_3215031002.geojson;32150310020003;100.0%;sama;19;0;0
011 TEGALWARU\desa_3215011008.gpkg;3215_SLS\desa_3215011008.geojson;32150110083005;95.59%;sama;23;0;0
011 TEGALWARU\desa_3215011008.gpkg;3215_SLS\desa_3215011008.geojson;32150110080009;98.97%;sama;23;0;0
011 TEGALWARU\desa_3215011008.gpkg;3215_SLS\desa_3215011008.geojson;32150110083004;99.97%;sama;23;0;0
011 TEGALWARU\desa_3215011008.gpkg;3215_SLS\desa_3215011008.geojson;32150110080017;100.0%;sama;23;0;0
011 TEGALWARU\desa_3215011008.gpkg;3215_SLS\desa_3215011008.geojson;32150110080010;97.95%;sama;23;0;0
011 TEGALWARU\desa_3215011008.gpkg;3215_SLS\desa_3215011008.geojson;32150110080008;100.0%;sama;23;0;0
011 TEGALWARU\desa_3215011008.gpkg;3215_SLS\desa_3215011008.geojson;32150110080015;5.84%;sama;23;0;0
011 TEGALWARU\desa_3215011008.gpkg;3215_SLS\desa_3215011008.geojson;32150110080018;97.73%;sama;23;0;0
011 TEGALWARU\desa_3215011008.gpkg;3215_SLS\desa_3215011008.geojson;32150110080004;100.0%;sama;23;0;0
011 TEGALWARU\desa_3215011008.gpkg;3215_SLS\desa_3215011008.geojson;32150110080014;100.0%;sama;23;0;0
011 TEGALWARU\desa_3215011008.gpkg;3215_SLS\desa_3215011008.geojson;32150110080003;100.0%;sama;23;0;0
011 TEGALWARU\desa_3215011008.gpkg;3215_SLS\desa_3215011008.geojson;32150110080012;89.04%;sama;23;0;0
011 TEGALWARU\desa_3215011008.gpkg;3215_SLS\desa_3215011008.geojson;32150110080011;34.64%;sama;23;0;0
011 TEGALWARU\desa_3215011008.gpkg;3215_SLS\desa_3215011008.geojson;32150110080016;89.27%;sama;23;0;0
011 TEGALWARU\desa_3215011008.gpkg;3215_SLS\desa_3215011008.geojson;32150110080007;100.0%;sama;23;0;0
011 TEGALWARU\desa_3215011008.gpkg;3215_SLS\desa_3215011008.geojson;32150110080002;100.0%;sama;23;0;0
011 TEGALWARU\desa_3215011008.gpkg;3215_SLS\desa_3215011008.geojson;32150110081001;87.42%;sama;23;0;0
011 TEGALWARU\desa_3215011008.gpkg;3215_SLS\desa_3215011008.geojson;32150110082003;62.85%;sama;23;0;0
011 TEGALWARU\desa_3215011008.gpkg;3215_SLS\desa_3215011008.geojson;32150110080001;100.0%;sama;23;0;0
011 TEGALWARU\desa_3215011008.gpkg;3215_SLS\desa_3215011008.geojson;32150110080013;100.0%;sama;23;0;0
011 TEGALWARU\desa_3215011008.gpkg;3215_SLS\desa_3215011008.geojson;32150110080005;100.0%;sama;23;0;0
011 TEGALWARU\desa_3215011008.gpkg;3215_SLS\desa_3215011008.geojson;32150110081002;99.65%;sama;23;0;0
011 TEGALWARU\desa_3215011008.gpkg;3215_SLS\desa_3215011008.geojson;32150110080006;100.0%;sama;23;0;0
011 TEGALWARU\desa_3215011004.gpkg;3215_SLS\desa_3215011004.geojson;32150110040010;78.2%;sama;20;0;1
011 TEGALWARU\desa_3215011004.gpkg;3215_SLS\desa_3215011004.geojson;32150110040008;100.0%;sama;20;0;1
011 TEGALWARU\desa_3215011004.gpkg;3215_SLS\desa_3215011004.geojson;32150110042006;100.0%;sama;20;0;1
011 TEGALWARU\desa_3215011004.gpkg;3215_SLS\desa_3215011004.geojson;32150110040014;100.0%;sama;20;0;1
011 TEGALWARU\desa_3215011004.gpkg;3215_SLS\desa_3215011004.geojson;32150110040013;100.0%;sama;20;0;1
011 TEGALWARU\desa_3215011004.gpkg;3215_SLS\desa_3215011004.geojson;32150110040005;100.0%;sama;20;0;1
011 TEGALWARU\desa_3215011004.gpkg;3215_SLS\desa_3215011004.geojson;32150110040007;100.0%;sama;20;0;1
011 TEGALWARU\desa_3215011004.gpkg;3215_SLS\desa_3215011004.geojson;32150110040006;100.0%;sama;20;0;1
011 TEGALWARU\desa_3215011004.gpkg;3215_SLS\desa_3215011004.geojson;32150110040001;0.0%;hanya_di_geojson;20;0;1
011 TEGALWARU\desa_3215011004.gpkg;3215_SLS\desa_3215011004.geojson;32150110041002;85.68%;sama;20;0;1
011 TEGALWARU\desa_3215011004.gpkg;3215_SLS\desa_3215011004.geojson;32150110041004;100.0%;sama;20;0;1
011 TEGALWARU\desa_3215011004.gpkg;3215_SLS\desa_3215011004.geojson;32150110041003;100.0%;sama;20;0;1
011 TEGALWARU\desa_3215011004.gpkg;3215_SLS\desa_3215011004.geojson;32150110040009;100.0%;sama;20;0;1
011 TEGALWARU\desa_3215011004.gpkg;3215_SLS\desa_3215011004.geojson;32150110042005;85.42%;sama;20;0;1
011 TEGALWARU\desa_3215011004.gpkg;3215_SLS\desa_3215011004.geojson;32150110042007;100.0%;sama;20;0;1
011 TEGALWARU\desa_3215011004.gpkg;3215_SLS\desa_3215011004.geojson;32150110040012;100.0%;sama;20;0;1
011 TEGALWARU\desa_3215011004.gpkg;3215_SLS\desa_3215011004.geojson;32150110041001;97.94%;sama;20;0;1
011 TEGALWARU\desa_3215011004.gpkg;3215_SLS\desa_3215011004.geojson;32150110040003;100.0%;sama;20;0;1
011 TEGALWARU\desa_3215011004.gpkg;3215_SLS\desa_3215011004.geojson;32150110040011;30.82%;sama;20;0;1
011 TEGALWARU\desa_3215011004.gpkg;3215_SLS\desa_3215011004.geojson;32150110040004;100.0%;sama;20;0;1
011 TEGALWARU\desa_3215011004.gpkg;3215_SLS\desa_3215011004.geojson;32150110040002;60.77%;sama;20;0;1
011 TEGALWARU\desa_3215011001.gpkg;3215_SLS\desa_3215011001.geojson;32150110010001;100.0%;sama;24;0;0
011 TEGALWARU\desa_3215011001.gpkg;3215_SLS\desa_3215011001.geojson;32150110010004;100.0%;sama;24;0;0
011 TEGALWARU\desa_3215011001.gpkg;3215_SLS\desa_3215011001.geojson;32150110011004;100.0%;sama;24;0;0
011 TEGALWARU\desa_3215011001.gpkg;3215_SLS\desa_3215011001.geojson;32150110010014;100.0%;sama;24;0;0
011 TEGALWARU\desa_3215011001.gpkg;3215_SLS\desa_3215011001.geojson;32150110010008;100.0%;sama;24;0;0
011 TEGALWARU\desa_3215011001.gpkg;3215_SLS\desa_3215011001.geojson;32150110010011;93.53%;sama;24;0;0
011 TEGALWARU\desa_3215011001.gpkg;3215_SLS\desa_3215011001.geojson;32150110010006;100.0%;sama;24;0;0
011 TEGALWARU\desa_3215011001.gpkg;3215_SLS\desa_3215011001.geojson;32150110010007;100.0%;sama;24;0;0
011 TEGALWARU\desa_3215011001.gpkg;3215_SLS\desa_3215011001.geojson;32150110010012;100.0%;sama;24;0;0
011 TEGALWARU\desa_3215011001.gpkg;3215_SLS\desa_3215011001.geojson;32150110010010;98.34%;sama;24;0;0
011 TEGALWARU\desa_3215011001.gpkg;3215_SLS\desa_3215011001.geojson;32150110010002;100.0%;sama;24;0;0
011 TEGALWARU\desa_3215011001.gpkg;3215_SLS\desa_3215011001.geojson;32150110011003;100.0%;sama;24;0;0
011 TEGALWARU\desa_3215011001.gpkg;3215_SLS\desa_3215011001.geojson;32150110011006;100.0%;sama;24;0;0
011 TEGALWARU\desa_3215011001.gpkg;3215_SLS\desa_3215011001.geojson;32150110011002;100.0%;sama;24;0;0
011 TEGALWARU\desa_3215011001.gpkg;3215_SLS\desa_3215011001.geojson;32150110013009;100.0%;sama;24;0;0
011 TEGALWARU\desa_3215011001.gpkg;3215_SLS\desa_3215011001.geojson;32150110010003;100.0%;sama;24;0;0
011 TEGALWARU\desa_3215011001.gpkg;3215_SLS\desa_3215011001.geojson;32150110011001;100.0%;sama;24;0;0
011 TEGALWARU\desa_3215011001.gpkg;3215_SLS\desa_3215011001.geojson;32150110010005;100.0%;sama;24;0;0
011 TEGALWARU\desa_3215011001.gpkg;3215_SLS\desa_3215011001.geojson;32150110011005;100.0%;sama;24;0;0
011 TEGALWARU\desa_3215011001.gpkg;3215_SLS\desa_3215011001.geojson;32150110010013;100.0%;sama;24;0;0
011 TEGALWARU\desa_3215011001.gpkg;3215_SLS\desa_3215011001.geojson;32150110010009;100.0%;sama;24;0;0
011 TEGALWARU\desa_3215011001.gpkg;3215_SLS\desa_3215011001.geojson;32150110011010;100.0%;sama;24;0;0
011 TEGALWARU\desa_3215011001.gpkg;3215_SLS\desa_3215011001.geojson;32150110013008;100.0%;sama;24;0;0
011 TEGALWARU\desa_3215011001.gpkg;3215_SLS\desa_3215011001.geojson;32150110013007;98.81%;sama;24;0;0
011 TEGALWARU\desa_3215011003.gpkg;3215_SLS\desa_3215011003.geojson;32150110030003;100.0%;sama;24;1;0
011 TEGALWARU\desa_3215011003.gpkg;3215_SLS\desa_3215011003.geojson;32150110032010;100.0%;sama;24;1;0
011 TEGALWARU\desa_3215011003.gpkg;3215_SLS\desa_3215011003.geojson;32150110030009;66.39%;sama;24;1;0
011 TEGALWARU\desa_3215011003.gpkg;3215_SLS\desa_3215011003.geojson;32150110031004;99.11%;sama;24;1;0
011 TEGALWARU\desa_3215011003.gpkg;3215_SLS\desa_3215011003.geojson;32150110032011;100.0%;sama;24;1;0
011 TEGALWARU\desa_3215011003.gpkg;3215_SLS\desa_3215011003.geojson;32150110030001;100.0%;sama;24;1;0
011 TEGALWARU\desa_3215011003.gpkg;3215_SLS\desa_3215011003.geojson;32150110032012;100.0%;sama;24;1;0
011 TEGALWARU\desa_3215011003.gpkg;3215_SLS\desa_3215011003.geojson;32150110030005;100.0%;sama;24;1;0
011 TEGALWARU\desa_3215011003.gpkg;3215_SLS\desa_3215011003.geojson;32150110032006;100.0%;sama;24;1;0
011 TEGALWARU\desa_3215011003.gpkg;3215_SLS\desa_3215011003.geojson;32150110030008;56.95%;sama;24;1;0
011 TEGALWARU\desa_3215011003.gpkg;3215_SLS\desa_3215011003.geojson;32150110032009;100.0%;sama;24;1;0
011 TEGALWARU\desa_3215011003.gpkg;3215_SLS\desa_3215011003.geojson;32150110030006;28.24%;sama;24;1;0
011 TEGALWARU\desa_3215011003.gpkg;3215_SLS\desa_3215011003.geojson;32150110031001;95.13%;sama;24;1;0
011 TEGALWARU\desa_3215011003.gpkg;3215_SLS\desa_3215011003.geojson;32150110030012;0.0%;sama;24;1;0
011 TEGALWARU\desa_3215011003.gpkg;3215_SLS\desa_3215011003.geojson;32150110030011;4.05%;sama;24;1;0
011 TEGALWARU\desa_3215011003.gpkg;3215_SLS\desa_3215011003.geojson;32150110030002;83.8%;sama;24;1;0
011 TEGALWARU\desa_3215011003.gpkg;3215_SLS\desa_3215011003.geojson;32150110032007;100.0%;sama;24;1;0
011 TEGALWARU\desa_3215011003.gpkg;3215_SLS\desa_3215011003.geojson;32150110052006;0.0%;hanya_di_gpkg;24;1;0
011 TEGALWARU\desa_3215011003.gpkg;3215_SLS\desa_3215011003.geojson;32150110031003;74.34%;sama;24;1;0
011 TEGALWARU\desa_3215011003.gpkg;3215_SLS\desa_3215011003.geojson;32150110032005;100.0%;sama;24;1;0
011 TEGALWARU\desa_3215011003.gpkg;3215_SLS\desa_3215011003.geojson;32150110030007;94.45%;sama;24;1;0
011 TEGALWARU\desa_3215011003.gpkg;3215_SLS\desa_3215011003.geojson;32150110030004;99.5%;sama;24;1;0
011 TEGALWARU\desa_3215011003.gpkg;3215_SLS\desa_3215011003.geojson;32150110031002;93.95%;sama;24;1;0
011 TEGALWARU\desa_3215011003.gpkg;3215_SLS\desa_3215011003.geojson;32150110032008;100.0%;sama;24;1;0
011 TEGALWARU\desa_3215011003.gpkg;3215_SLS\desa_3215011003.geojson;32150110030010;38.49%;sama;24;1;0
011 TEGALWARU\desa_3215011005.gpkg;3215_SLS\desa_3215011005.geojson;32150110052009;100.0%;sama;19;0;1
011 TEGALWARU\desa_3215011005.gpkg;3215_SLS\desa_3215011005.geojson;32150110051008;100.0%;sama;19;0;1
011 TEGALWARU\desa_3215011005.gpkg;3215_SLS\desa_3215011005.geojson;32150110052002;100.0%;sama;19;0;1
011 TEGALWARU\desa_3215011005.gpkg;3215_SLS\desa_3215011005.geojson;32150110051001;0.0%;hanya_di_geojson;19;0;1
011 TEGALWARU\desa_3215011005.gpkg;3215_SLS\desa_3215011005.geojson;32150110050007;100.0%;sama;19;0;1
011 TEGALWARU\desa_3215011005.gpkg;3215_SLS\desa_3215011005.geojson;32150110050005;100.0%;sama;19;0;1
011 TEGALWARU\desa_3215011005.gpkg;3215_SLS\desa_3215011005.geojson;32150110050010;100.0%;sama;19;0;1
011 TEGALWARU\desa_3215011005.gpkg;3215_SLS\desa_3215011005.geojson;32150110050011;59.01%;sama;19;0;1
011 TEGALWARU\desa_3215011005.gpkg;3215_SLS\desa_3215011005.geojson;32150110050003;45.57%;sama;19;0;1
011 TEGALWARU\desa_3215011005.gpkg;3215_SLS\desa_3215011005.geojson;32150110052003;100.0%;sama;19;0;1
011 TEGALWARU\desa_3215011005.gpkg;3215_SLS\desa_3215011005.geojson;32150110052004;100.0%;sama;19;0;1
011 TEGALWARU\desa_3215011005.gpkg;3215_SLS\desa_3215011005.geojson;32150110050004;44.54%;sama;19;0;1
011 TEGALWARU\desa_3215011005.gpkg;3215_SLS\desa_3215011005.geojson;32150110050009;100.0%;sama;19;0;1
011 TEGALWARU\desa_3215011005.gpkg;3215_SLS\desa_3215011005.geojson;32150110052006;100.0%;sama;19;0;1
011 TEGALWARU\desa_3215011005.gpkg;3215_SLS\desa_3215011005.geojson;32150110050001;73.66%;sama;19;0;1
011 TEGALWARU\desa_3215011005.gpkg;3215_SLS\desa_3215011005.geojson;32150110050002;51.43%;sama;19;0;1
011 TEGALWARU\desa_3215011005.gpkg;3215_SLS\desa_3215011005.geojson;32150110052005;100.0%;sama;19;0;1
011 TEGALWARU\desa_3215011005.gpkg;3215_SLS\desa_3215011005.geojson;32150110050008;100.0%;sama;19;0;1
011 TEGALWARU\desa_3215011005.gpkg;3215_SLS\desa_3215011005.geojson;32150110050006;100.0%;sama;19;0;1
011 TEGALWARU\desa_3215011005.gpkg;3215_SLS\desa_3215011005.geojson;32150110052007;100.0%;sama;19;0;1
011 TEGALWARU\desa_3215011009.gpkg;3215_SLS\desa_3215011009.geojson;32150110090012;100.0%;sama;23;0;0
011 TEGALWARU\desa_3215011009.gpkg;3215_SLS\desa_3215011009.geojson;32150110092008;96.06%;sama;23;0;0
011 TEGALWARU\desa_3215011009.gpkg;3215_SLS\desa_3215011009.geojson;32150110090001;100.0%;sama;23;0;0
011 TEGALWARU\desa_3215011009.gpkg;3215_SLS\desa_3215011009.geojson;32150110090005;0.0%;sama;23;0;0
011 TEGALWARU\desa_3215011009.gpkg;3215_SLS\desa_3215011009.geojson;32150110090013;100.0%;sama;23;0;0
011 TEGALWARU\desa_3215011009.gpkg;3215_SLS\desa_3215011009.geojson;32150110090002;100.0%;sama;23;0;0
011 TEGALWARU\desa_3215011009.gpkg;3215_SLS\desa_3215011009.geojson;32150110092005;100.0%;sama;23;0;0
011 TEGALWARU\desa_3215011009.gpkg;3215_SLS\desa_3215011009.geojson;32150110090008;62.47%;sama;23;0;0
011 TEGALWARU\desa_3215011009.gpkg;3215_SLS\desa_3215011009.geojson;32150110093010;100.0%;sama;23;0;0
011 TEGALWARU\desa_3215011009.gpkg;3215_SLS\desa_3215011009.geojson;32150110091001;100.0%;sama;23;0;0
011 TEGALWARU\desa_3215011009.gpkg;3215_SLS\desa_3215011009.geojson;32150110090010;100.0%;sama;23;0;0
011 TEGALWARU\desa_3215011009.gpkg;3215_SLS\desa_3215011009.geojson;32150110091002;100.0%;sama;23;0;0
011 TEGALWARU\desa_3215011009.gpkg;3215_SLS\desa_3215011009.geojson;32150110090011;100.0%;sama;23;0;0
011 TEGALWARU\desa_3215011009.gpkg;3215_SLS\desa_3215011009.geojson;32150110092006;95.09%;sama;23;0;0
011 TEGALWARU\desa_3215011009.gpkg;3215_SLS\desa_3215011009.geojson;32150110090009;100.0%;sama;23;0;0
011 TEGALWARU\desa_3215011009.gpkg;3215_SLS\desa_3215011009.geojson;32150110090004;24.58%;sama;23;0;0
011 TEGALWARU\desa_3215011009.gpkg;3215_SLS\desa_3215011009.geojson;32150110093009;77.64%;sama;23;0;0
011 TEGALWARU\desa_3215011009.gpkg;3215_SLS\desa_3215011009.geojson;32150110091004;92.03%;sama;23;0;0
011 TEGALWARU\desa_3215011009.gpkg;3215_SLS\desa_3215011009.geojson;32150110092007;100.0%;sama;23;0;0
011 TEGALWARU\desa_3215011009.gpkg;3215_SLS\desa_3215011009.geojson;32150110090006;100.0%;sama;23;0;0
011 TEGALWARU\desa_3215011009.gpkg;3215_SLS\desa_3215011009.geojson;32150110090007;100.0%;sama;23;0;0
011 TEGALWARU\desa_3215011009.gpkg;3215_SLS\desa_3215011009.geojson;32150110091003;100.0%;sama;23;0;0
011 TEGALWARU\desa_3215011009.gpkg;3215_SLS\desa_3215011009.geojson;32150110090003;0.0%;sama;23;0;0
011 TEGALWARU\desa_3215011007.gpkg;3215_SLS\desa_3215011007.geojson;32150110070007;26.44%;sama;11;0;1
011 TEGALWARU\desa_3215011007.gpkg;3215_SLS\desa_3215011007.geojson;32150110070004;92.8%;sama;11;0;1
011 TEGALWARU\desa_3215011007.gpkg;3215_SLS\desa_3215011007.geojson;32150110070009;72.51%;sama;11;0;1
011 TEGALWARU\desa_3215011007.gpkg;3215_SLS\desa_3215011007.geojson;32150110071001;85.39%;sama;11;0;1
011 TEGALWARU\desa_3215011007.gpkg;3215_SLS\desa_3215011007.geojson;32150110070006;80.24%;sama;11;0;1
011 TEGALWARU\desa_3215011007.gpkg;3215_SLS\desa_3215011007.geojson;32150110070005;0.0%;hanya_di_geojson;11;0;1
011 TEGALWARU\desa_3215011007.gpkg;3215_SLS\desa_3215011007.geojson;32150110070002;38.93%;sama;11;0;1
011 TEGALWARU\desa_3215011007.gpkg;3215_SLS\desa_3215011007.geojson;32150110070003;41.75%;sama;11;0;1
011 TEGALWARU\desa_3215011007.gpkg;3215_SLS\desa_3215011007.geojson;32150110071002;100.0%;sama;11;0;1
011 TEGALWARU\desa_3215011007.gpkg;3215_SLS\desa_3215011007.geojson;32150110070008;34.52%;sama;11;0;1
011 TEGALWARU\desa_3215011007.gpkg;3215_SLS\desa_3215011007.geojson;32150110070001;58.44%;sama;11;0;1
011 TEGALWARU\desa_3215011007.gpkg;3215_SLS\desa_3215011007.geojson;32150110072003;100.0%;sama;11;0;1
020 CIAMPEL\desa_3215020006.gpkg;3215_SLS\desa_3215020006.geojson;32150200060007;100.0%;sama;11;2;0
020 CIAMPEL\desa_3215020006.gpkg;3215_SLS\desa_3215020006.geojson;32150200060008;100.0%;sama;11;2;0
020 CIAMPEL\desa_3215020006.gpkg;3215_SLS\desa_3215020006.geojson;32150200060001;91.38%;sama;11;2;0
020 CIAMPEL\desa_3215020006.gpkg;3215_SLS\desa_3215020006.geojson;32150200060010;24.28%;sama;11;2;0
020 CIAMPEL\desa_3215020006.gpkg;3215_SLS\desa_3215020006.geojson;32150200060006;100.0%;sama;11;2;0
020 CIAMPEL\desa_3215020006.gpkg;3215_SLS\desa_3215020006.geojson;32150200065002;0.0%;hanya_di_gpkg;11;2;0
020 CIAMPEL\desa_3215020006.gpkg;3215_SLS\desa_3215020006.geojson;32150200060004;23.9%;sama;11;2;0
020 CIAMPEL\desa_3215020006.gpkg;3215_SLS\desa_3215020006.geojson;32150200060011;41.99%;sama;11;2;0
020 CIAMPEL\desa_3215020006.gpkg;3215_SLS\desa_3215020006.geojson;32150200060002;10.55%;sama;11;2;0
020 CIAMPEL\desa_3215020006.gpkg;3215_SLS\desa_3215020006.geojson;32150200060005;19.36%;sama;11;2;0
020 CIAMPEL\desa_3215020006.gpkg;3215_SLS\desa_3215020006.geojson;32150200060009;95.5%;sama;11;2;0
020 CIAMPEL\desa_3215020006.gpkg;3215_SLS\desa_3215020006.geojson;32150200060003;100.0%;sama;11;2;0
020 CIAMPEL\desa_3215020006.gpkg;3215_SLS\desa_3215020006.geojson;32150200065001;0.0%;hanya_di_gpkg;11;2;0
020 CIAMPEL\desa_3215020002.gpkg;3215_SLS\desa_3215020002.geojson;32150200020019;100.0%;sama;33;4;0
020 CIAMPEL\desa_3215020002.gpkg;3215_SLS\desa_3215020002.geojson;32150200020004;0.0%;sama;33;4;0
020 CIAMPEL\desa_3215020002.gpkg;3215_SLS\desa_3215020002.geojson;32150200020020;100.0%;sama;33;4;0
020 CIAMPEL\desa_3215020002.gpkg;3215_SLS\desa_3215020002.geojson;32150200020013;31.79%;sama;33;4;0
020 CIAMPEL\desa_3215020002.gpkg;3215_SLS\desa_3215020002.geojson;32150200021001;0.0%;hanya_di_gpkg;33;4;0
020 CIAMPEL\desa_3215020002.gpkg;3215_SLS\desa_3215020002.geojson;32150200020029;48.65%;sama;33;4;0
020 CIAMPEL\desa_3215020002.gpkg;3215_SLS\desa_3215020002.geojson;32150200020003;100.0%;sama;33;4;0
020 CIAMPEL\desa_3215020002.gpkg;3215_SLS\desa_3215020002.geojson;32150200021003;0.0%;hanya_di_gpkg;33;4;0
020 CIAMPEL\desa_3215020002.gpkg;3215_SLS\desa_3215020002.geojson;32150200020006;19.09%;sama;33;4;0
020 CIAMPEL\desa_3215020002.gpkg;3215_SLS\desa_3215020002.geojson;32150200020005;23.66%;sama;33;4;0
020 CIAMPEL\desa_3215020002.gpkg;3215_SLS\desa_3215020002.geojson;32150200020023;100.0%;sama;33;4;0
020 CIAMPEL\desa_3215020002.gpkg;3215_SLS\desa_3215020002.geojson;32150200020016;100.0%;sama;33;4;0
020 CIAMPEL\desa_3215020002.gpkg;3215_SLS\desa_3215020002.geojson;32150200020007;100.0%;sama;33;4;0
020 CIAMPEL\desa_3215020002.gpkg;3215_SLS\desa_3215020002.geojson;32150200020017;98.96%;sama;33;4;0
020 CIAMPEL\desa_3215020002.gpkg;3215_SLS\desa_3215020002.geojson;32150200020009;100.0%;sama;33;4;0
020 CIAMPEL\desa_3215020002.gpkg;3215_SLS\desa_3215020002.geojson;32150200020024;100.0%;sama;33;4;0
020 CIAMPEL\desa_3215020002.gpkg;3215_SLS\desa_3215020002.geojson;32150200020012;100.0%;sama;33;4;0
020 CIAMPEL\desa_3215020002.gpkg;3215_SLS\desa_3215020002.geojson;32150200020027;9.61%;sama;33;4;0
020 CIAMPEL\desa_3215020002.gpkg;3215_SLS\desa_3215020002.geojson;32150200020010;46.62%;sama;33;4;0
020 CIAMPEL\desa_3215020002.gpkg;3215_SLS\desa_3215020002.geojson;32150200020015;100.0%;sama;33;4;0
020 CIAMPEL\desa_3215020002.gpkg;3215_SLS\desa_3215020002.geojson;32150200020018;100.0%;sama;33;4;0
020 CIAMPEL\desa_3215020002.gpkg;3215_SLS\desa_3215020002.geojson;32150200020001;100.0%;sama;33;4;0
020 CIAMPEL\desa_3215020002.gpkg;3215_SLS\desa_3215020002.geojson;32150200020021;100.0%;sama;33;4;0
020 CIAMPEL\desa_3215020002.gpkg;3215_SLS\desa_3215020002.geojson;32150200020002;5.54%;sama;33;4;0
020 CIAMPEL\desa_3215020002.gpkg;3215_SLS\desa_3215020002.geojson;32150200020025;100.0%;sama;33;4;0
020 CIAMPEL\desa_3215020002.gpkg;3215_SLS\desa_3215020002.geojson;32150200020032;42.6%;sama;33;4;0
020 CIAMPEL\desa_3215020002.gpkg;3215_SLS\desa_3215020002.geojson;32150200020011;99.65%;sama;33;4;0
020 CIAMPEL\desa_3215020002.gpkg;3215_SLS\desa_3215020002.geojson;32150200020033;1.26%;sama;33;4;0
020 CIAMPEL\desa_3215020002.gpkg;3215_SLS\desa_3215020002.geojson;32150200026002;0.0%;hanya_di_gpkg;33;4;0
020 CIAMPEL\desa_3215020002.gpkg;3215_SLS\desa_3215020002.geojson;32150200020031;10.65%;sama;33;4;0
020 CIAMPEL\desa_3215020002.gpkg;3215_SLS\desa_3215020002.geojson;32150200020028;4.36%;sama;33;4;0
020 CIAMPEL\desa_3215020002.gpkg;3215_SLS\desa_3215020002.geojson;32150200020008;43.65%;sama;33;4;0
020 CIAMPEL\desa_3215020002.gpkg;3215_SLS\desa_3215020002.geojson;32150200020022;100.0%;sama;33;4;0
020 CIAMPEL\desa_3215020002.gpkg;3215_SLS\desa_3215020002.geojson;32150200020014;100.0%;sama;33;4;0
020 CIAMPEL\desa_3215020002.gpkg;3215_SLS\desa_3215020002.geojson;32150200020030;2.3%;sama;33;4;0
020 CIAMPEL\desa_3215020002.gpkg;3215_SLS\desa_3215020002.geojson;32150200020026;100.0%;sama;33;4;0
020 CIAMPEL\desa_3215020002.gpkg;3215_SLS\desa_3215020002.geojson;32150200010010;0.0%;hanya_di_gpkg;33;4;0
020 CIAMPEL\desa_3215020005.gpkg;3215_SLS\desa_3215020005.geojson;32150200050007;8.29%;sama;20;6;0
020 CIAMPEL\desa_3215020005.gpkg;3215_SLS\desa_3215020005.geojson;32150200050008;100.0%;sama;20;6;0
020 CIAMPEL\desa_3215020005.gpkg;3215_SLS\desa_3215020005.geojson;32150200050015;25.26%;sama;20;6;0
020 CIAMPEL\desa_3215020005.gpkg;3215_SLS\desa_3215020005.geojson;32150200050014;30.55%;sama;20;6;0
020 CIAMPEL\desa_3215020005.gpkg;3215_SLS\desa_3215020005.geojson;32150200050018;20.54%;sama;20;6;0
020 CIAMPEL\desa_3215020005.gpkg;3215_SLS\desa_3215020005.geojson;32150200050016;24.29%;sama;20;6;0
020 CIAMPEL\desa_3215020005.gpkg;3215_SLS\desa_3215020005.geojson;32150200050006;76.33%;sama;20;6;0
020 CIAMPEL\desa_3215020005.gpkg;3215_SLS\desa_3215020005.geojson;32150200051004;0.0%;hanya_di_gpkg;20;6;0
020 CIAMPEL\desa_3215020005.gpkg;3215_SLS\desa_3215020005.geojson;32150200050003;47.05%;sama;20;6;0
020 CIAMPEL\desa_3215020005.gpkg;3215_SLS\desa_3215020005.geojson;32150200051001;0.0%;hanya_di_gpkg;20;6;0
020 CIAMPEL\desa_3215020005.gpkg;3215_SLS\desa_3215020005.geojson;32150200056005;0.0%;hanya_di_gpkg;20;6;0
020 CIAMPEL\desa_3215020005.gpkg;3215_SLS\desa_3215020005.geojson;32150200050004;41.16%;sama;20;6;0
020 CIAMPEL\desa_3215020005.gpkg;3215_SLS\desa_3215020005.geojson;32150200050013;52.72%;sama;20;6;0
020 CIAMPEL\desa_3215020005.gpkg;3215_SLS\desa_3215020005.geojson;32150200050001;28.64%;sama;20;6;0
020 CIAMPEL\desa_3215020005.gpkg;3215_SLS\desa_3215020005.geojson;32150200050017;56.26%;sama;20;6;0
020 CIAMPEL\desa_3215020005.gpkg;3215_SLS\desa_3215020005.geojson;32150200050002;75.76%;sama;20;6;0
020 CIAMPEL\desa_3215020005.gpkg;3215_SLS\desa_3215020005.geojson;32150200050005;82.29%;sama;20;6;0
020 CIAMPEL\desa_3215020005.gpkg;3215_SLS\desa_3215020005.geojson;32150200051003;0.0%;hanya_di_gpkg;20;6;0
020 CIAMPEL\desa_3215020005.gpkg;3215_SLS\desa_3215020005.geojson;32150200050019;41.08%;sama;20;6;0
020 CIAMPEL\desa_3215020005.gpkg;3215_SLS\desa_3215020005.geojson;32150200051002;0.0%;hanya_di_gpkg;20;6;0
020 CIAMPEL\desa_3215020005.gpkg;3215_SLS\desa_3215020005.geojson;32150200050020;24.68%;sama;20;6;0
020 CIAMPEL\desa_3215020005.gpkg;3215_SLS\desa_3215020005.geojson;32150200050009;58.44%;sama;20;6;0
020 CIAMPEL\desa_3215020005.gpkg;3215_SLS\desa_3215020005.geojson;32150200050010;33.06%;sama;20;6;0
020 CIAMPEL\desa_3215020005.gpkg;3215_SLS\desa_3215020005.geojson;32150200050011;100.0%;sama;20;6;0
020 CIAMPEL\desa_3215020005.gpkg;3215_SLS\desa_3215020005.geojson;32150200056006;0.0%;hanya_di_gpkg;20;6;0
020 CIAMPEL\desa_3215020005.gpkg;3215_SLS\desa_3215020005.geojson;32150200050012;44.21%;sama;20;6;0
020 CIAMPEL\desa_3215020001.gpkg;3215_SLS\desa_3215020001.geojson;32150200011004;0.0%;hanya_di_gpkg;13;5;0
020 CIAMPEL\desa_3215020001.gpkg;3215_SLS\desa_3215020001.geojson;32150200010003;46.54%;sama;13;5;0
020 CIAMPEL\desa_3215020001.gpkg;3215_SLS\desa_3215020001.geojson;32150200010011;47.44%;sama;13;5;0
020 CIAMPEL\desa_3215020001.gpkg;3215_SLS\desa_3215020001.geojson;32150200011005;0.0%;hanya_di_gpkg;13;5;0
020 CIAMPEL\desa_3215020001.gpkg;3215_SLS\desa_3215020001.geojson;32150200010008;20.08%;sama;13;5;0
020 CIAMPEL\desa_3215020001.gpkg;3215_SLS\desa_3215020001.geojson;32150200010002;32.85%;sama;13;5;0
020 CIAMPEL\desa_3215020001.gpkg;3215_SLS\desa_3215020001.geojson;32150200010001;37.23%;sama;13;5;0
020 CIAMPEL\desa_3215020001.gpkg;3215_SLS\desa_3215020001.geojson;32150200010004;41.86%;sama;13;5;0
020 CIAMPEL\desa_3215020001.gpkg;3215_SLS\desa_3215020001.geojson;32150200011001;0.0%;hanya_di_gpkg;13;5;0
020 CIAMPEL\desa_3215020001.gpkg;3215_SLS\desa_3215020001.geojson;32150200010006;21.79%;sama;13;5;0
020 CIAMPEL\desa_3215020001.gpkg;3215_SLS\desa_3215020001.geojson;32150200010009;10.66%;sama;13;5;0
020 CIAMPEL\desa_3215020001.gpkg;3215_SLS\desa_3215020001.geojson;32150200010013;8.24%;sama;13;5;0
020 CIAMPEL\desa_3215020001.gpkg;3215_SLS\desa_3215020001.geojson;32150200010007;55.19%;sama;13;5;0
020 CIAMPEL\desa_3215020001.gpkg;3215_SLS\desa_3215020001.geojson;32150200011003;0.0%;hanya_di_gpkg;13;5;0
020 CIAMPEL\desa_3215020001.gpkg;3215_SLS\desa_3215020001.geojson;32150200011002;0.0%;hanya_di_gpkg;13;5;0
020 CIAMPEL\desa_3215020001.gpkg;3215_SLS\desa_3215020001.geojson;32150200010012;57.09%;sama;13;5;0
020 CIAMPEL\desa_3215020001.gpkg;3215_SLS\desa_3215020001.geojson;32150200010005;14.74%;sama;13;5;0
020 CIAMPEL\desa_3215020001.gpkg;3215_SLS\desa_3215020001.geojson;32150200010010;97.07%;sama;13;5;0
020 CIAMPEL\desa_3215020004.gpkg;3215_SLS\desa_3215020004.geojson;32150200040007;39.81%;sama;15;2;0
020 CIAMPEL\desa_3215020004.gpkg;3215_SLS\desa_3215020004.geojson;32150200040015;99.58%;sama;15;2;0
020 CIAMPEL\desa_3215020004.gpkg;3215_SLS\desa_3215020004.geojson;32150200040004;18.74%;sama;15;2;0
020 CIAMPEL\desa_3215020004.gpkg;3215_SLS\desa_3215020004.geojson;32150200040013;97.17%;sama;15;2;0
020 CIAMPEL\desa_3215020004.gpkg;3215_SLS\desa_3215020004.geojson;32150200040009;19.43%;sama;15;2;0
020 CIAMPEL\desa_3215020004.gpkg;3215_SLS\desa_3215020004.geojson;32150200040002;62.69%;sama;15;2;0
020 CIAMPEL\desa_3215020004.gpkg;3215_SLS\desa_3215020004.geojson;32150200045001;0.0%;hanya_di_gpkg;15;2;0
020 CIAMPEL\desa_3215020004.gpkg;3215_SLS\desa_3215020004.geojson;32150200040012;7.33%;sama;15;2;0
020 CIAMPEL\desa_3215020004.gpkg;3215_SLS\desa_3215020004.geojson;32150200040014;94.67%;sama;15;2;0
020 CIAMPEL\desa_3215020004.gpkg;3215_SLS\desa_3215020004.geojson;32150200040010;11.97%;sama;15;2;0
020 CIAMPEL\desa_3215020004.gpkg;3215_SLS\desa_3215020004.geojson;32150200040001;12.06%;sama;15;2;0
020 CIAMPEL\desa_3215020004.gpkg;3215_SLS\desa_3215020004.geojson;32150200040005;3.98%;sama;15;2;0
020 CIAMPEL\desa_3215020004.gpkg;3215_SLS\desa_3215020004.geojson;32150200040006;27.9%;sama;15;2;0
020 CIAMPEL\desa_3215020004.gpkg;3215_SLS\desa_3215020004.geojson;32150200040003;4.26%;sama;15;2;0
020 CIAMPEL\desa_3215020004.gpkg;3215_SLS\desa_3215020004.geojson;32150200045002;0.0%;hanya_di_gpkg;15;2;0
020 CIAMPEL\desa_3215020004.gpkg;3215_SLS\desa_3215020004.geojson;32150200040011;8.2%;sama;15;2;0
020 CIAMPEL\desa_3215020004.gpkg;3215_SLS\desa_3215020004.geojson;32150200040008;47.83%;sama;15;2;0
020 CIAMPEL\desa_3215020003.gpkg;3215_SLS\desa_3215020003.geojson;32150200030014;3.82%;sama;16;1;0
020 CIAMPEL\desa_3215020003.gpkg;3215_SLS\desa_3215020003.geojson;32150200035001;0.0%;hanya_di_gpkg;16;1;0
020 CIAMPEL\desa_3215020003.gpkg;3215_SLS\desa_3215020003.geojson;32150200030003;100.0%;sama;16;1;0
020 CIAMPEL\desa_3215020003.gpkg;3215_SLS\desa_3215020003.geojson;32150200030004;100.0%;sama;16;1;0
020 CIAMPEL\desa_3215020003.gpkg;3215_SLS\desa_3215020003.geojson;32150200030013;100.0%;sama;16;1;0
020 CIAMPEL\desa_3215020003.gpkg;3215_SLS\desa_3215020003.geojson;32150200030006;100.0%;sama;16;1;0
020 CIAMPEL\desa_3215020003.gpkg;3215_SLS\desa_3215020003.geojson;32150200030007;100.0%;sama;16;1;0
020 CIAMPEL\desa_3215020003.gpkg;3215_SLS\desa_3215020003.geojson;32150200030015;61.78%;sama;16;1;0
020 CIAMPEL\desa_3215020003.gpkg;3215_SLS\desa_3215020003.geojson;32150200030011;100.0%;sama;16;1;0
020 CIAMPEL\desa_3215020003.gpkg;3215_SLS\desa_3215020003.geojson;32150200030001;100.0%;sama;16;1;0
020 CIAMPEL\desa_3215020003.gpkg;3215_SLS\desa_3215020003.geojson;32150200030002;100.0%;sama;16;1;0
020 CIAMPEL\desa_3215020003.gpkg;3215_SLS\desa_3215020003.geojson;32150200030009;100.0%;sama;16;1;0
020 CIAMPEL\desa_3215020003.gpkg;3215_SLS\desa_3215020003.geojson;32150200030010;100.0%;sama;16;1;0
020 CIAMPEL\desa_3215020003.gpkg;3215_SLS\desa_3215020003.geojson;32150200030008;100.0%;sama;16;1;0
020 CIAMPEL\desa_3215020003.gpkg;3215_SLS\desa_3215020003.geojson;32150200030012;100.0%;sama;16;1;0
020 CIAMPEL\desa_3215020003.gpkg;3215_SLS\desa_3215020003.geojson;32150200030005;19.6%;sama;16;1;0
020 CIAMPEL\desa_3215020003.gpkg;3215_SLS\desa_3215020003.geojson;32150200032001;62.35%;sama;16;1;0
010 PANGKALAN\desa_3215010017.gpkg;3215_SLS\desa_3215010017.geojson;32150100170005;100.0%;sama;21;0;1
010 PANGKALAN\desa_3215010017.gpkg;3215_SLS\desa_3215010017.geojson;32150100170002;96.12%;sama;21;0;1
010 PANGKALAN\desa_3215010017.gpkg;3215_SLS\desa_3215010017.geojson;32150100170009;100.0%;sama;21;0;1
010 PANGKALAN\desa_3215010017.gpkg;3215_SLS\desa_3215010017.geojson;32150100171004;100.0%;sama;21;0;1
010 PANGKALAN\desa_3215010017.gpkg;3215_SLS\desa_3215010017.geojson;32150100172005;100.0%;sama;21;0;1
010 PANGKALAN\desa_3215010017.gpkg;3215_SLS\desa_3215010017.geojson;32150100170006;100.0%;sama;21;0;1
010 PANGKALAN\desa_3215010017.gpkg;3215_SLS\desa_3215010017.geojson;32150100170008;100.0%;sama;21;0;1
010 PANGKALAN\desa_3215010017.gpkg;3215_SLS\desa_3215010017.geojson;32150100170014;97.63%;sama;21;0;1
010 PANGKALAN\desa_3215010017.gpkg;3215_SLS\desa_3215010017.geojson;32150100170013;82.44%;sama;21;0;1
010 PANGKALAN\desa_3215010017.gpkg;3215_SLS\desa_3215010017.geojson;32150100170012;87.33%;sama;21;0;1
010 PANGKALAN\desa_3215010017.gpkg;3215_SLS\desa_3215010017.geojson;32150100171006;100.0%;sama;21;0;1
010 PANGKALAN\desa_3215010017.gpkg;3215_SLS\desa_3215010017.geojson;32150100170007;100.0%;sama;21;0;1
010 PANGKALAN\desa_3215010017.gpkg;3215_SLS\desa_3215010017.geojson;32150100170004;100.0%;sama;21;0;1
010 PANGKALAN\desa_3215010017.gpkg;3215_SLS\desa_3215010017.geojson;32150100171003;100.0%;sama;21;0;1
010 PANGKALAN\desa_3215010017.gpkg;3215_SLS\desa_3215010017.geojson;32150100171002;100.0%;sama;21;0;1
010 PANGKALAN\desa_3215010017.gpkg;3215_SLS\desa_3215010017.geojson;32150100170003;93.84%;sama;21;0;1
010 PANGKALAN\desa_3215010017.gpkg;3215_SLS\desa_3215010017.geojson;32150100170015;99.52%;sama;21;0;1
010 PANGKALAN\desa_3215010017.gpkg;3215_SLS\desa_3215010017.geojson;32150100172001;100.0%;sama;21;0;1
010 PANGKALAN\desa_3215010017.gpkg;3215_SLS\desa_3215010017.geojson;32150100176007;0.0%;hanya_di_geojson;21;0;1
010 PANGKALAN\desa_3215010017.gpkg;3215_SLS\desa_3215010017.geojson;32150100170011;96.46%;sama;21;0;1
010 PANGKALAN\desa_3215010017.gpkg;3215_SLS\desa_3215010017.geojson;32150100170010;94.31%;sama;21;0;1
010 PANGKALAN\desa_3215010017.gpkg;3215_SLS\desa_3215010017.geojson;32150100170001;100.0%;sama;21;0;1
010 PANGKALAN\desa_3215010011.gpkg;3215_SLS\desa_3215010011.geojson;32150100110009;100.0%;sama;15;0;2
010 PANGKALAN\desa_3215010011.gpkg;3215_SLS\desa_3215010011.geojson;32150100110002;100.0%;sama;15;0;2
010 PANGKALAN\desa_3215010011.gpkg;3215_SLS\desa_3215010011.geojson;32150100110016;100.0%;sama;15;0;2
010 PANGKALAN\desa_3215010011.gpkg;3215_SLS\desa_3215010011.geojson;32150100110005;100.0%;sama;15;0;2
010 PANGKALAN\desa_3215010011.gpkg;3215_SLS\desa_3215010011.geojson;32150100110008;0.0%;hanya_di_geojson;15;0;2
010 PANGKALAN\desa_3215010011.gpkg;3215_SLS\desa_3215010011.geojson;32150100111001;100.0%;sama;15;0;2
010 PANGKALAN\desa_3215010011.gpkg;3215_SLS\desa_3215010011.geojson;32150100110004;100.0%;sama;15;0;2
010 PANGKALAN\desa_3215010011.gpkg;3215_SLS\desa_3215010011.geojson;32150100110014;100.0%;sama;15;0;2
010 PANGKALAN\desa_3215010011.gpkg;3215_SLS\desa_3215010011.geojson;32150100110012;0.0%;hanya_di_geojson;15;0;2
010 PANGKALAN\desa_3215010011.gpkg;3215_SLS\desa_3215010011.geojson;32150100110006;100.0%;sama;15;0;2
010 PANGKALAN\desa_3215010011.gpkg;3215_SLS\desa_3215010011.geojson;32150100110015;100.0%;sama;15;0;2
010 PANGKALAN\desa_3215010011.gpkg;3215_SLS\desa_3215010011.geojson;32150100110013;58.3%;sama;15;0;2
010 PANGKALAN\desa_3215010011.gpkg;3215_SLS\desa_3215010011.geojson;32150100110001;100.0%;sama;15;0;2
010 PANGKALAN\desa_3215010011.gpkg;3215_SLS\desa_3215010011.geojson;32150100110010;94.14%;sama;15;0;2
010 PANGKALAN\desa_3215010011.gpkg;3215_SLS\desa_3215010011.geojson;32150100110003;100.0%;sama;15;0;2
010 PANGKALAN\desa_3215010011.gpkg;3215_SLS\desa_3215010011.geojson;32150100110007;100.0%;sama;15;0;2
010 PANGKALAN\desa_3215010011.gpkg;3215_SLS\desa_3215010011.geojson;32150100110011;98.29%;sama;15;0;2
010 PANGKALAN\desa_3215010012.gpkg;3215_SLS\desa_3215010012.geojson;32150100120008;45.66%;sama;18;2;0
010 PANGKALAN\desa_3215010012.gpkg;3215_SLS\desa_3215010012.geojson;32150100120015;54.12%;sama;18;2;0
010 PANGKALAN\desa_3215010012.gpkg;3215_SLS\desa_3215010012.geojson;32150100120006;100.0%;sama;18;2;0
010 PANGKALAN\desa_3215010012.gpkg;3215_SLS\desa_3215010012.geojson;32150100120010;100.0%;sama;18;2;0
010 PANGKALAN\desa_3215010012.gpkg;3215_SLS\desa_3215010012.geojson;32150100120003;100.0%;sama;18;2;0
010 PANGKALAN\desa_3215010012.gpkg;3215_SLS\desa_3215010012.geojson;32150100120004;100.0%;sama;18;2;0
010 PANGKALAN\desa_3215010012.gpkg;3215_SLS\desa_3215010012.geojson;32150100120012;100.0%;sama;18;2;0
010 PANGKALAN\desa_3215010012.gpkg;3215_SLS\desa_3215010012.geojson;32150100121004;0.0%;hanya_di_gpkg;18;2;0
010 PANGKALAN\desa_3215010012.gpkg;3215_SLS\desa_3215010012.geojson;32150100120011;100.0%;sama;18;2;0
010 PANGKALAN\desa_3215010012.gpkg;3215_SLS\desa_3215010012.geojson;32150100120013;100.0%;sama;18;2;0
010 PANGKALAN\desa_3215010012.gpkg;3215_SLS\desa_3215010012.geojson;32150100120001;100.0%;sama;18;2;0
010 PANGKALAN\desa_3215010012.gpkg;3215_SLS\desa_3215010012.geojson;32150100121001;100.0%;sama;18;2;0
010 PANGKALAN\desa_3215010012.gpkg;3215_SLS\desa_3215010012.geojson;32150100121005;0.0%;hanya_di_gpkg;18;2;0
010 PANGKALAN\desa_3215010012.gpkg;3215_SLS\desa_3215010012.geojson;32150100120002;100.0%;sama;18;2;0
010 PANGKALAN\desa_3215010012.gpkg;3215_SLS\desa_3215010012.geojson;32150100120014;100.0%;sama;18;2;0
010 PANGKALAN\desa_3215010012.gpkg;3215_SLS\desa_3215010012.geojson;32150100120016;100.0%;sama;18;2;0
010 PANGKALAN\desa_3215010012.gpkg;3215_SLS\desa_3215010012.geojson;32150100120009;100.0%;sama;18;2;0
010 PANGKALAN\desa_3215010012.gpkg;3215_SLS\desa_3215010012.geojson;32150100120007;100.0%;sama;18;2;0
010 PANGKALAN\desa_3215010012.gpkg;3215_SLS\desa_3215010012.geojson;32150100121002;100.0%;sama;18;2;0
010 PANGKALAN\desa_3215010012.gpkg;3215_SLS\desa_3215010012.geojson;32150100120005;100.0%;sama;18;2;0
010 PANGKALAN\desa_3215010001.gpkg;3215_SLS\desa_3215010001.geojson;32150100010007;62.05%;sama;14;4;0
010 PANGKALAN\desa_3215010001.gpkg;3215_SLS\desa_3215010001.geojson;32150100011005;0.0%;hanya_di_gpkg;14;4;0
010 PANGKALAN\desa_3215010001.gpkg;3215_SLS\desa_3215010001.geojson;32150100010011;85.28%;sama;14;4;0
010 PANGKALAN\desa_3215010001.gpkg;3215_SLS\desa_3215010001.geojson;32150100010008;32.72%;sama;14;4;0
010 PANGKALAN\desa_3215010001.gpkg;3215_SLS\desa_3215010001.geojson;32150100010012;22.38%;sama;14;4;0
010 PANGKALAN\desa_3215010001.gpkg;3215_SLS\desa_3215010001.geojson;32150100010013;41.31%;sama;14;4;0
010 PANGKALAN\desa_3215010001.gpkg;3215_SLS\desa_3215010001.geojson;32150100010006;56.81%;sama;14;4;0
010 PANGKALAN\desa_3215010001.gpkg;3215_SLS\desa_3215010001.geojson;32150100010010;89.86%;sama;14;4;0
010 PANGKALAN\desa_3215010001.gpkg;3215_SLS\desa_3215010001.geojson;32150100010004;50.79%;sama;14;4;0
010 PANGKALAN\desa_3215010001.gpkg;3215_SLS\desa_3215010001.geojson;32150100011004;0.0%;hanya_di_gpkg;14;4;0
010 PANGKALAN\desa_3215010001.gpkg;3215_SLS\desa_3215010001.geojson;32150100011006;0.0%;hanya_di_gpkg;14;4;0
010 PANGKALAN\desa_3215010001.gpkg;3215_SLS\desa_3215010001.geojson;32150100010002;100.0%;sama;14;4;0
010 PANGKALAN\desa_3215010001.gpkg;3215_SLS\desa_3215010001.geojson;32150100012001;100.0%;sama;14;4;0
010 PANGKALAN\desa_3215010001.gpkg;3215_SLS\desa_3215010001.geojson;32150100010009;74.76%;sama;14;4;0
010 PANGKALAN\desa_3215010001.gpkg;3215_SLS\desa_3215010001.geojson;32150100011003;0.0%;hanya_di_gpkg;14;4;0
010 PANGKALAN\desa_3215010001.gpkg;3215_SLS\desa_3215010001.geojson;32150100010001;100.0%;sama;14;4;0
010 PANGKALAN\desa_3215010001.gpkg;3215_SLS\desa_3215010001.geojson;32150100010003;72.61%;sama;14;4;0
010 PANGKALAN\desa_3215010001.gpkg;3215_SLS\desa_3215010001.geojson;32150100010005;48.52%;sama;14;4;0
010 PANGKALAN\desa_3215010013.gpkg;3215_SLS\desa_3215010013.geojson;32150100130008;100.0%;sama;16;0;0
010 PANGKALAN\desa_3215010013.gpkg;3215_SLS\desa_3215010013.geojson;32150100130015;100.0%;sama;16;0;0
010 PANGKALAN\desa_3215010013.gpkg;3215_SLS\desa_3215010013.geojson;32150100130006;100.0%;sama;16;0;0
010 PANGKALAN\desa_3215010013.gpkg;3215_SLS\desa_3215010013.geojson;32150100130012;100.0%;sama;16;0;0
010 PANGKALAN\desa_3215010013.gpkg;3215_SLS\desa_3215010013.geojson;32150100130003;100.0%;sama;16;0;0
010 PANGKALAN\desa_3215010013.gpkg;3215_SLS\desa_3215010013.geojson;32150100130009;100.0%;sama;16;0;0
010 PANGKALAN\desa_3215010013.gpkg;3215_SLS\desa_3215010013.geojson;32150100130007;100.0%;sama;16;0;0
010 PANGKALAN\desa_3215010013.gpkg;3215_SLS\desa_3215010013.geojson;32150100130005;100.0%;sama;16;0;0
010 PANGKALAN\desa_3215010013.gpkg;3215_SLS\desa_3215010013.geojson;32150100130001;100.0%;sama;16;0;0
010 PANGKALAN\desa_3215010013.gpkg;3215_SLS\desa_3215010013.geojson;32150100130016;100.0%;sama;16;0;0
010 PANGKALAN\desa_3215010013.gpkg;3215_SLS\desa_3215010013.geojson;32150100130011;100.0%;sama;16;0;0
010 PANGKALAN\desa_3215010013.gpkg;3215_SLS\desa_3215010013.geojson;32150100130014;100.0%;sama;16;0;0
010 PANGKALAN\desa_3215010013.gpkg;3215_SLS\desa_3215010013.geojson;32150100130002;100.0%;sama;16;0;0
010 PANGKALAN\desa_3215010013.gpkg;3215_SLS\desa_3215010013.geojson;32150100130013;100.0%;sama;16;0;0
010 PANGKALAN\desa_3215010013.gpkg;3215_SLS\desa_3215010013.geojson;32150100130010;100.0%;sama;16;0;0
010 PANGKALAN\desa_3215010013.gpkg;3215_SLS\desa_3215010013.geojson;32150100130004;100.0%;sama;16;0;0
010 PANGKALAN\desa_3215010015.gpkg;3215_SLS\desa_3215010015.geojson;32150100150002;100.0%;sama;14;0;0
010 PANGKALAN\desa_3215010015.gpkg;3215_SLS\desa_3215010015.geojson;32150100150009;98.06%;sama;14;0;0
010 PANGKALAN\desa_3215010015.gpkg;3215_SLS\desa_3215010015.geojson;32150100150013;100.0%;sama;14;0;0
010 PANGKALAN\desa_3215010015.gpkg;3215_SLS\desa_3215010015.geojson;32150100150012;100.0%;sama;14;0;0
010 PANGKALAN\desa_3215010015.gpkg;3215_SLS\desa_3215010015.geojson;32150100150007;100.0%;sama;14;0;0
010 PANGKALAN\desa_3215010015.gpkg;3215_SLS\desa_3215010015.geojson;32150100150004;100.0%;sama;14;0;0
010 PANGKALAN\desa_3215010015.gpkg;3215_SLS\desa_3215010015.geojson;32150100150011;80.06%;sama;14;0;0
010 PANGKALAN\desa_3215010015.gpkg;3215_SLS\desa_3215010015.geojson;32150100150008;100.0%;sama;14;0;0
010 PANGKALAN\desa_3215010015.gpkg;3215_SLS\desa_3215010015.geojson;32150100150014;85.53%;sama;14;0;0
010 PANGKALAN\desa_3215010015.gpkg;3215_SLS\desa_3215010015.geojson;32150100150006;100.0%;sama;14;0;0
010 PANGKALAN\desa_3215010015.gpkg;3215_SLS\desa_3215010015.geojson;32150100150010;0.0%;sama;14;0;0
010 PANGKALAN\desa_3215010015.gpkg;3215_SLS\desa_3215010015.geojson;32150100150001;100.0%;sama;14;0;0
010 PANGKALAN\desa_3215010015.gpkg;3215_SLS\desa_3215010015.geojson;32150100150003;100.0%;sama;14;0;0
010 PANGKALAN\desa_3215010015.gpkg;3215_SLS\desa_3215010015.geojson;32150100150005;100.0%;sama;14;0;0
010 PANGKALAN\desa_3215010014.gpkg;3215_SLS\desa_3215010014.geojson;32150100140012;100.0%;sama;17;0;0
010 PANGKALAN\desa_3215010014.gpkg;3215_SLS\desa_3215010014.geojson;32150100140013;100.0%;sama;17;0;0
010 PANGKALAN\desa_3215010014.gpkg;3215_SLS\desa_3215010014.geojson;32150100140015;100.0%;sama;17;0;0
010 PANGKALAN\desa_3215010014.gpkg;3215_SLS\desa_3215010014.geojson;32150100140003;47.1%;sama;17;0;0
010 PANGKALAN\desa_3215010014.gpkg;3215_SLS\desa_3215010014.geojson;32150100140004;100.0%;sama;17;0;0
010 PANGKALAN\desa_3215010014.gpkg;3215_SLS\desa_3215010014.geojson;32150100140010;100.0%;sama;17;0;0
010 PANGKALAN\desa_3215010014.gpkg;3215_SLS\desa_3215010014.geojson;32150100140014;100.0%;sama;17;0;0
010 PANGKALAN\desa_3215010014.gpkg;3215_SLS\desa_3215010014.geojson;32150100140008;100.0%;sama;17;0;0
010 PANGKALAN\desa_3215010014.gpkg;3215_SLS\desa_3215010014.geojson;32150100140002;60.1%;sama;17;0;0
010 PANGKALAN\desa_3215010014.gpkg;3215_SLS\desa_3215010014.geojson;32150100140006;100.0%;sama;17;0;0
010 PANGKALAN\desa_3215010014.gpkg;3215_SLS\desa_3215010014.geojson;32150100140001;100.0%;sama;17;0;0
010 PANGKALAN\desa_3215010014.gpkg;3215_SLS\desa_3215010014.geojson;32150100140007;100.0%;sama;17;0;0
010 PANGKALAN\desa_3215010014.gpkg;3215_SLS\desa_3215010014.geojson;32150100140005;100.0%;sama;17;0;0
010 PANGKALAN\desa_3215010014.gpkg;3215_SLS\desa_3215010014.geojson;32150100140009;100.0%;sama;17;0;0
010 PANGKALAN\desa_3215010014.gpkg;3215_SLS\desa_3215010014.geojson;32150100140011;100.0%;sama;17;0;0
010 PANGKALAN\desa_3215010014.gpkg;3215_SLS\desa_3215010014.geojson;32150100140016;100.0%;sama;17;0;0
010 PANGKALAN\desa_3215010014.gpkg;3215_SLS\desa_3215010014.geojson;32150100142001;100.0%;sama;17;0;0
010 PANGKALAN\desa_3215010016.gpkg;3215_SLS\desa_3215010016.geojson;32150100161002;100.0%;sama;24;0;0
010 PANGKALAN\desa_3215010016.gpkg;3215_SLS\desa_3215010016.geojson;32150100160009;100.0%;sama;24;0;0
010 PANGKALAN\desa_3215010016.gpkg;3215_SLS\desa_3215010016.geojson;32150100161009;100.0%;sama;24;0;0
010 PANGKALAN\desa_3215010016.gpkg;3215_SLS\desa_3215010016.geojson;32150100160012;100.0%;sama;24;0;0
010 PANGKALAN\desa_3215010016.gpkg;3215_SLS\desa_3215010016.geojson;32150100160007;100.0%;sama;24;0;0
010 PANGKALAN\desa_3215010016.gpkg;3215_SLS\desa_3215010016.geojson;32150100161007;96.88%;sama;24;0;0
010 PANGKALAN\desa_3215010016.gpkg;3215_SLS\desa_3215010016.geojson;32150100160006;100.0%;sama;24;0;0
010 PANGKALAN\desa_3215010016.gpkg;3215_SLS\desa_3215010016.geojson;32150100160001;92.03%;sama;24;0;0
010 PANGKALAN\desa_3215010016.gpkg;3215_SLS\desa_3215010016.geojson;32150100161008;100.0%;sama;24;0;0
010 PANGKALAN\desa_3215010016.gpkg;3215_SLS\desa_3215010016.geojson;32150100161004;100.0%;sama;24;0;0
010 PANGKALAN\desa_3215010016.gpkg;3215_SLS\desa_3215010016.geojson;32150100160005;100.0%;sama;24;0;0
010 PANGKALAN\desa_3215010016.gpkg;3215_SLS\desa_3215010016.geojson;32150100160015;100.0%;sama;24;0;0
010 PANGKALAN\desa_3215010016.gpkg;3215_SLS\desa_3215010016.geojson;32150100160002;88.24%;sama;24;0;0
010 PANGKALAN\desa_3215010016.gpkg;3215_SLS\desa_3215010016.geojson;32150100162006;99.06%;sama;24;0;0
010 PANGKALAN\desa_3215010016.gpkg;3215_SLS\desa_3215010016.geojson;32150100160011;100.0%;sama;24;0;0
010 PANGKALAN\desa_3215010016.gpkg;3215_SLS\desa_3215010016.geojson;32150100161005;100.0%;sama;24;0;0
010 PANGKALAN\desa_3215010016.gpkg;3215_SLS\desa_3215010016.geojson;32150100160008;100.0%;sama;24;0;0
010 PANGKALAN\desa_3215010016.gpkg;3215_SLS\desa_3215010016.geojson;32150100160010;100.0%;sama;24;0;0
010 PANGKALAN\desa_3215010016.gpkg;3215_SLS\desa_3215010016.geojson;32150100161003;100.0%;sama;24;0;0
010 PANGKALAN\desa_3215010016.gpkg;3215_SLS\desa_3215010016.geojson;32150100160004;76.84%;sama;24;0;0
010 PANGKALAN\desa_3215010016.gpkg;3215_SLS\desa_3215010016.geojson;32150100160003;100.0%;sama;24;0;0
010 PANGKALAN\desa_3215010016.gpkg;3215_SLS\desa_3215010016.geojson;32150100161001;100.0%;sama;24;0;0
010 PANGKALAN\desa_3215010016.gpkg;3215_SLS\desa_3215010016.geojson;32150100160013;72.04%;sama;24;0;0
010 PANGKALAN\desa_3215010016.gpkg;3215_SLS\desa_3215010016.geojson;32150100160014;100.0%;sama;24;0;0
