id;kecamatan_id;desa_id;kdkec;kddesa;kdsls;nama_sls
32150100010001;3215010;3215010001;010;001;0001;RT 001 RW 001 DUSUN 1
32150100010002;3215010;3215010001;010;001;0002;RT 002 RW 001 DUSUN 1
32150100010003;3215010;3215010001;010;001;0003;RT 003 RW 001 DUSUN 1
32150100010004;3215010;3215010001;010;001;0004;RT 004 RW 002 DUSUN 2
32150100010005;3215010;3215010001;010;001;0005;RT 005 RW 002 DUSUN 2
32150100010006;3215010;3215010001;010;001;0006;RT 006 RW 002 DUSUN 2
32150100010007;3215010;3215010001;010;001;0007;RT 007 RW 003 DUSUN 3
32150100010008;3215010;3215010001;010;001;0008;RT 008 RW 003 DUSUN 3
32150100010009;3215010;3215010001;010;001;0009;RT 009 RW 003 DUSUN 3
32150100010010;3215010;3215010001;010;001;0010;RT 010 RW 004 DUSUN 4
32150100010011;3215010;3215010001;010;001;0011;RT 011 RW 004 DUSUN 4
32150100010012;3215010;3215010001;010;001;0012;RT 012 RW 004 DUSUN 4
32150100010013;3215010;3215010001;010;001;0013;RT 013 RW 001 DUSUN 1
32150100011002;3215010;3215010001;010;001;1002;KEBUN
32150100011003;3215010;3215010001;010;001;1003;KEBUN
32150100011004;3215010;3215010001;010;001;1004;SAWAH
32150100011005;3215010;3215010001;010;001;1005;SAWAH
32150100011006;3215010;3215010001;010;001;1006;SAWAH
32150100012001;3215010;3215010001;010;001;2001;HUTAN
32150100110001;3215010;3215010011;010;011;0001;RT 001 RW 001 DUSUN KRAJAN
32150100110002;3215010;3215010011;010;011;0002;RT 002 RW 001 DUSUN KRAJAN
32150100110003;3215010;3215010011;010;011;0003;RT 003 RW 001 DUSUN KRAJAN
32150100110004;3215010;3215010011;010;011;0004;RT 004 RW 001 DUSUN KRAJAN
32150100110005;3215010;3215010011;010;011;0005;RT 005 RW 002 DUSUN HEGAR MANAH
32150100110006;3215010;3215010011;010;011;0006;RT 006 RW 002 DUSUN HEGAR MANAH
32150100110007;3215010;3215010011;010;011;0007;RT 007 RW 002 DUSUN HEGAR MANAH
32150100110008;3215010;3215010011;010;011;0008;RT 008 RW 003 DUSUN CINTAJAYA
32150100110009;3215010;3215010011;010;011;0009;RT 009 RW 003 DUSUN CINTAJAYA
32150100110010;3215010;3215010011;010;011;0010;RT 010 RW 004 DUSUN KERTA MUKTI
32150100110011;3215010;3215010011;010;011;0011;RT 011 RW 004 DUSUN KERTA MUKTI
32150100110012;3215010;3215010011;010;011;0012;RT 012 RW 004 DUSUN KERTA MUKTI
32150100110013;3215010;3215010011;010;011;0013;RT 013 RW 004 DUSUN KERTA MUKTI
32150100110014;3215010;3215010011;010;011;0014;RT 014 RW 001 DUSUN KRAJAN
32150100110015;3215010;3215010011;010;011;0015;RT 015 RW 003 DUSUN CINTAJAYA
32150100110016;3215010;3215010011;010;011;0016;RT 016 RW 004 DUSUN KERTA MUKTI
32150100111001;3215010;3215010011;010;011;1001;SAWAH
32150100120001;3215010;3215010012;010;012;0001;RT 001 RW 001
32150100120002;3215010;3215010012;010;012;0002;RT 002 RW 001
32150100120003;3215010;3215010012;010;012;0003;RT 003 RW 002
32150100120004;3215010;3215010012;010;012;0004;RT 004 RW 002
32150100120005;3215010;3215010012;010;012;0005;RT 005 RW 003
32150100120006;3215010;3215010012;010;012;0006;RT 006 RW 003
32150100120007;3215010;3215010012;010;012;0007;RT 007 RW 004
32150100120008;3215010;3215010012;010;012;0008;RT 008 RW 004
32150100120009;3215010;3215010012;010;012;0009;RT 009 RW 007
32150100120010;3215010;3215010012;010;012;0010;RT 010 RW 005
32150100120011;3215010;3215010012;010;012;0011;RT 011 RW 005
32150100120012;3215010;3215010012;010;012;0012;RT 012 RW 006
32150100120013;3215010;3215010012;010;012;0013;RT 013 RW 006
32150100120014;3215010;3215010012;010;012;0014;RT 014 RW 007
32150100120015;3215010;3215010012;010;012;0015;RT 015 RW 008
32150100120016;3215010;3215010012;010;012;0016;RT 016 RW 008
32150100121001;3215010;3215010012;010;012;1001;WILAYAH BERVEGETASI PERTANIAN
32150100121002;3215010;3215010012;010;012;1002;WILAYAH BERVEGETASI PERTANIAN
32150100130001;3215010;3215010013;010;013;0001;RT 001 RW 001
32150100130002;3215010;3215010013;010;013;0002;RT 002 RW 002
32150100130003;3215010;3215010013;010;013;0003;RT 003 RW 003
32150100130004;3215010;3215010013;010;013;0004;RT 004 RW 005
32150100130005;3215010;3215010013;010;013;0005;RT 005 RW 004
32150100130006;3215010;3215010013;010;013;0006;RT 006 RW 004
32150100130007;3215010;3215010013;010;013;0007;RT 007 RW 005
32150100130008;3215010;3215010013;010;013;0008;RT 008 RW 006
32150100130009;3215010;3215010013;010;013;0009;RT 009 RW 007
32150100130010;3215010;3215010013;010;013;0010;RT 010 RW 008
32150100130011;3215010;3215010013;010;013;0011;RT 011 RW 008
32150100130012;3215010;3215010013;010;013;0012;RT 012 RW 009
32150100130013;3215010;3215010013;010;013;0013;RT 013 RW 009
32150100130014;3215010;3215010013;010;013;0014;RT 014 RW 010
32150100130015;3215010;3215010013;010;013;0015;RT 015 RW 010
32150100130016;3215010;3215010013;010;013;0016;RT 016 RW 007
32150100140001;3215010;3215010014;010;014;0001;RT 001 RW 001
32150100140002;3215010;3215010014;010;014;0002;RT 002 RW 001
32150100140003;3215010;3215010014;010;014;0003;RT 003 RW 002
32150100140004;3215010;3215010014;010;014;0004;RT 004 RW 002
32150100140005;3215010;3215010014;010;014;0005;RT 005 RW 003
32150100140006;3215010;3215010014;010;014;0006;RT 006 RW 003
32150100140007;3215010;3215010014;010;014;0007;RT 007 RW 004
32150100140008;3215010;3215010014;010;014;0008;RT 008 RW 004
32150100140009;3215010;3215010014;010;014;0009;RT 009 RW 005
32150100140010;3215010;3215010014;010;014;0010;RT 010 RW 005
32150100140011;3215010;3215010014;010;014;0011;RT 011 RW 006
32150100140012;3215010;3215010014;010;014;0012;RT 012 RW 006
32150100140013;3215010;3215010014;010;014;0013;RT 013 RW 007
32150100140014;3215010;3215010014;010;014;0014;RT 014 RW 007
32150100140015;3215010;3215010014;010;014;0015;RT 015 RW 008
32150100140016;3215010;3215010014;010;014;0016;RT 016 RW 008
32150100142001;3215010;3215010014;010;014;2001;WILAYAH BERVEGETASI BUKAN PERTANIAN
32150100150001;3215010;3215010015;010;015;0001;RT 001 RW 001 DUSUN KARAJAN
32150100150002;3215010;3215010015;010;015;0002;RT 002 RW 001 DUSUN KARAJAN
32150100150003;3215010;3215010015;010;015;0003;RT 003 RW 001 DUSUN KARAJAN
32150100150004;3215010;3215010015;010;015;0004;RT 004 RW 001 DUSUN KARAJAN
32150100150005;3215010;3215010015;010;015;0005;RT 005 RW 002 DUSUN SIRNASARI
32150100150006;3215010;3215010015;010;015;0006;RT 006 RW 002 DUSUN SIRNASARI
32150100150007;3215010;3215010015;010;015;0007;RT 007 RW 002 DUSUN SIRNASARI
32150100150008;3215010;3215010015;010;015;0008;RT 008 RW 002 DUSUN SIRNASARI
32150100150009;3215010;3215010015;010;015;0009;RT 009 RW 003 DUSUN BAKAN KIRASIMAH
32150100150010;3215010;3215010015;010;015;0010;RT 010 RW 003 DUSUN BAKAN KIRASIMAH
32150100150011;3215010;3215010015;010;015;0011;RT 011 RW 003 DUSUN BAKAN KIRASIMAH
32150100150012;3215010;3215010015;010;015;0012;RT 012 RW 004 DUSUN KAMPUNG BARU
32150100150013;3215010;3215010015;010;015;0013;RT 013 RW 004 DUSUN KAMPUNG BARU
32150100150014;3215010;3215010015;010;015;0014;RT 014 RW 004 DUSUN KAMPUNG BARU
32150100160001;3215010;3215010016;010;016;0001;RT 001 RW 001 DUSUN I
32150100160002;3215010;3215010016;010;016;0002;RT 002 RW 001 DUSUN I
32150100160003;3215010;3215010016;010;016;0003;RT 003 RW 001 DUSUN I
32150100160004;3215010;3215010016;010;016;0004;RT 004 RW 001 DUSUN I
32150100160005;3215010;3215010016;010;016;0005;RT 001 RW 002 DUSUN II
32150100160006;3215010;3215010016;010;016;0006;RT 002 RW 002 DUSUN II
32150100160007;3215010;3215010016;010;016;0007;RT 003 RW 002 DUSUN II
32150100160008;3215010;3215010016;010;016;0008;RT 004 RW 002 DUSUN II
32150100160009;3215010;3215010016;010;016;0009;RT 001 RW 003 DUSUN III
32150100160010;3215010;3215010016;010;016;0010;RT 002 RW 003 DUSUN III
32150100160011;3215010;3215010016;010;016;0011;RT 003 RW 003 DUSUN III
32150100160012;3215010;3215010016;010;016;0012;RT 004 RW 003 DUSUN III
32150100160013;3215010;3215010016;010;016;0013;RT 001 RW 004 DUSUN IV
32150100160014;3215010;3215010016;010;016;0014;RT 002 RW 004 DUSUN IV
32150100160015;3215010;3215010016;010;016;0015;RT 003 RW 004 DUSUN IV
32150100161001;3215010;3215010016;010;016;1001;PERTANIAN
32150100161002;3215010;3215010016;010;016;1002;PERTANIAN
32150100161003;3215010;3215010016;010;016;1003;PERTANIAN
32150100161004;3215010;3215010016;010;016;1004;PERTANIAN
32150100161005;3215010;3215010016;010;016;1005;PERTANIAN
32150100161007;3215010;3215010016;010;016;1007;PERTANIAN
32150100161008;3215010;3215010016;010;016;1008;PERTANIAN
32150100161009;3215010;3215010016;010;016;1009;PERTANIAN
32150100162006;3215010;3215010016;010;016;2006;BUKAN PERTANIAN
32150100170001;3215010;3215010017;010;017;0001;RT 001 RW 002 DUSUN 1
32150100170002;3215010;3215010017;010;017;0002;RT 002 RW 001 DUSUN 1
32150100170003;3215010;3215010017;010;017;0003;RT 003 RW 002 DUSUN 1
32150100170004;3215010;3215010017;010;017;0004;RT 004 RW 001 DUSUN 1
32150100170005;3215010;3215010017;010;017;0005;RT 005 RW 002 DUSUN 1
32150100170006;3215010;3215010017;010;017;0006;RT 006 RW 003 DUSUN 2
32150100170007;3215010;3215010017;010;017;0007;RT 007 RW 003 DUSUN 2
32150100170008;3215010;3215010017;010;017;0008;RT 008 RW 004 DUSUN 2
32150100170009;3215010;3215010017;010;017;0009;RT 009 RW 004 DUSUN 2
32150100170010;3215010;3215010017;010;017;0010;RT 010 RW 001 DUSUN 1
32150100170011;3215010;3215010017;010;017;0011;RT 011 RW 005 DUSUN 3
32150100170012;3215010;3215010017;010;017;0012;RT 012 RW 005 DUSUN 3
32150100170013;3215010;3215010017;010;017;0013;RT 013 RW 006 DUSUN 3
32150100170014;3215010;3215010017;010;017;0014;RT 014 RW 006 DUSUN 3
32150100170015;3215010;3215010017;010;017;0015;RT 015 RW 006 DUSUN 3
32150100171002;3215010;3215010017;010;017;1002;SAWAH
32150100171003;3215010;3215010017;010;017;1003;SAWAH
32150100171004;3215010;3215010017;010;017;1004;SAWAH
32150100171006;3215010;3215010017;010;017;1006;SAWAH
32150100172001;3215010;3215010017;010;017;2001;HUTAN
32150100172005;3215010;3215010017;010;017;2005;HUTAN
32150100176007;3215010;3215010017;010;017;6007;DANAU
32150110010001;3215011;3215011001;011;001;0001;RT 01 RW 01 DUSUN I
32150110010002;3215011;3215011001;011;001;0002;RT 02 RW 01 DUSUN I
32150110010003;3215011;3215011001;011;001;0003;RT 03 RW 01 DUSUN I
32150110010004;3215011;3215011001;011;001;0004;RT 04 RW 02 DUSUN I
32150110010005;3215011;3215011001;011;001;0005;RT 05 RW 02 DUSUN I
32150110010006;3215011;3215011001;011;001;0006;RT 06 RW 02 DUSUN I
32150110010007;3215011;3215011001;011;001;0007;RT 07 RW 02 DUSUN I
32150110010008;3215011;3215011001;011;001;0008;RT 08 RW 03 DUSUN II
32150110010009;3215011;3215011001;011;001;0009;RT 09 RW 03 DUSUN II
32150110010010;3215011;3215011001;011;001;0010;RT 10 RW 03 DUSUN II
32150110010011;3215011;3215011001;011;001;0011;RT 11 RW 04 DUSUN II
32150110010012;3215011;3215011001;011;001;0012;RT 12 RW 04 DUSUN II
32150110010013;3215011;3215011001;011;001;0013;RT 13 RW 04 DUSUN II
32150110010014;3215011;3215011001;011;001;0014;RT 14 RW 04 DUSUN II
32150110011001;3215011;3215011001;011;001;1001;SAWAH PASIRCILI
32150110011002;3215011;3215011001;011;001;1002;SAWAH PASIRCILI
32150110011003;3215011;3215011001;011;001;1003;SAWAH CIPANGULAH
32150110011004;3215011;3215011001;011;001;1004;SAWAH CIKAWUNG
32150110011005;3215011;3215011001;011;001;1005;SAWAH
32150110011006;3215011;3215011001;011;001;1006;SAWAH MENTENG
32150110011010;3215011;3215011001;011;001;1010;PEMUKIMAN MASYARAKAT PASIR PINING
32150110013007;3215011;3215011001;011;001;3007;LADANG PISANG
32150110013008;3215011;3215011001;011;001;3008;LADANG PISANG
32150110013009;3215011;3215011001;011;001;3009;LADANG PISANG
32150110020001;3215011;3215011002;011;002;0001;RT 001 RW 001 DUSUN I
32150110020002;3215011;3215011002;011;002;0002;RT 002 RW 001 DUSUN I
32150110020003;3215011;3215011002;011;002;0003;RT 003 RW 001 DUSUN I
32150110020004;3215011;3215011002;011;002;0004;RT 004 RW 002 DUSUN I
32150110020005;3215011;3215011002;011;002;0005;RT 005 RW 002 DUSUN I
32150110020006;3215011;3215011002;011;002;0006;RT 006 RW 002 DUSUN I
32150110020007;3215011;3215011002;011;002;0007;RT 007 RW 003 DUSUN II
32150110020008;3215011;3215011002;011;002;0008;RT 008 RW 003 DUSUN II
32150110020009;3215011;3215011002;011;002;0009;RT 009 RW 003 DUSUN II
32150110020010;3215011;3215011002;011;002;0010;RT 010 RW 004 DUSUN II
32150110020011;3215011;3215011002;011;002;0011;RT 011 RW 004 DUSUN II
32150110020012;3215011;3215011002;011;002;0012;RT 012 RW 004 DUSUN II
32150110021001;3215011;3215011002;011;002;1001;PERSAWAHAN SELA AWI
32150110021002;3215011;3215011002;011;002;1002;PERSAWAHAN TEGAL SEREH
32150110022003;3215011;3215011002;011;002;2003;HUTAN GUNUNG RUNGKING
32150110022004;3215011;3215011002;011;002;2004;HUTAN GUNUNG RUNGKING
32150110030001;3215011;3215011003;011;003;0001;RT 001 RW 001 DUSUN SIRNARUJU
32150110030002;3215011;3215011003;011;003;0002;RT 002 RW 001 DUSUN SIRNARUJU
32150110030003;3215011;3215011003;011;003;0003;RT 003 RW 001 DUSUN SIRNARUJU
32150110030004;3215011;3215011003;011;003;0004;RT 004 RW 001 DUSUN SIRNARUJU
32150110030005;3215011;3215011003;011;003;0005;RT 005 RW 002 DUSUN PARAKANBADAK
32150110030006;3215011;3215011003;011;003;0006;RT 006 RW 002 DUSUN PARAKANBADAK
32150110030007;3215011;3215011003;011;003;0007;RT 007 RW 002 DUSUN PARAKANBADAK
32150110030008;3215011;3215011003;011;003;0008;RT 008 RW 003 DUSUN PARAKANBADAK
32150110030009;3215011;3215011003;011;003;0009;RT 009 RW 003 DUSUN PARAKANBADAK
32150110030010;3215011;3215011003;011;003;0010;RT 010 RW 003 DUSUN PARAKANBADAK
32150110030011;3215011;3215011003;011;003;0011;RT 011 RW 004 DUSUN
32150110030012;3215011;3215011003;011;003;0012;RT 012 RW 004 DUSUN
32150110031001;3215011;3215011003;011;003;1001;PESAWAHAN
32150110031002;3215011;3215011003;011;003;1002;PESAWAHAN
32150110031003;3215011;3215011003;011;003;1003;PESAWAHAN
32150110031004;3215011;3215011003;011;003;1004;PESAWAHAN
32150110032005;3215011;3215011003;011;003;2005;HUTAN
32150110032006;3215011;3215011003;011;003;2006;HUTAN
32150110032007;3215011;3215011003;011;003;2007;HUTAN
32150110032008;3215011;3215011003;011;003;2008;HUTAN
32150110032009;3215011;3215011003;011;003;2009;HUTAN
32150110032010;3215011;3215011003;011;003;2010;HUTAN
32150110032011;3215011;3215011003;011;003;2011;HUTAN
32150110032012;3215011;3215011003;011;003;2012;HUTAN
32150110040001;3215011;3215011004;011;004;0001;RT 001 RW 001 DUSUN WARU
32150110040002;3215011;3215011004;011;004;0002;RT 002 RW 001 DUSUN WARU
32150110040003;3215011;3215011004;011;004;0003;RT 003 RW 002 DUSUN WARU
32150110040004;3215011;3215011004;011;004;0004;RT 004 RW 002 DUSUN WARU
32150110040005;3215011;3215011004;011;004;0005;RT 005 RW 003 DUSUN WARU
32150110040006;3215011;3215011004;011;004;0006;RT 006 RW 003 DUSUN WARU
32150110040007;3215011;3215011004;011;004;0007;RT 007 RW 004 DUSUN BAKAN DALEM
32150110040008;3215011;3215011004;011;004;0008;RT 008 RW 004 DUSUN
32150110040009;3215011;3215011004;011;004;0009;RT 009 RW 004 DUSUN
32150110040010;3215011;3215011004;011;004;0010;RT 010 RW 005 DUSUN
32150110040011;3215011;3215011004;011;004;0011;RT 011 RW 005 DUSUN TENGAH
32150110040012;3215011;3215011004;011;004;0012;RT 012 RW 005 DUSUN MENTENG
32150110040013;3215011;3215011004;011;004;0013;RT 013 RW 006 DUSUN WARU
32150110040014;3215011;3215011004;011;004;0014;RT 014 RW 006 DUSUN WARU
32150110041001;3215011;3215011004;011;004;1001;PERSAWAHAN CIPAGA
32150110041002;3215011;3215011004;011;004;1002;PERSAWAHAN CIPAGA
32150110041003;3215011;3215011004;011;004;1003;PERSAWAHAN WARU
32150110041004;3215011;3215011004;011;004;1004;PERSAWAHAN CIKUKULU
32150110042005;3215011;3215011004;011;004;2005;HUTAN CIPAGA
32150110042006;3215011;3215011004;011;004;2006;HUTAN CIPAGA
32150110042007;3215011;3215011004;011;004;2007;HUTAN BAKAN DALEM
32150110050001;3215011;3215011005;011;005;0001;RT 001 RW 001 DUSUN LOJI
32150110050002;3215011;3215011005;011;005;0002;RT 002 RW 001 DUSUN LOJI
32150110050003;3215011;3215011005;011;005;0003;RT 003 RW 002 DUSUN LOJI/BAKAN JENGKOL
32150110050004;3215011;3215011005;011;005;0004;RT 004 RW 002 DUSUN LOJI/BAKAN JENGKOL
32150110050005;3215011;3215011005;011;005;0005;RT 005 RW 003 DUSUN LOJI/CIPETEUY
32150110050006;3215011;3215011005;011;005;0006;RT 006 RW 003 DUSUN LOJI/CIPETEUY
32150110050007;3215011;3215011005;011;005;0007;RT 007 RW 003 DUSUN LOJI/CIPETEUY
32150110050008;3215011;3215011005;011;005;0008;RT 008 RW 004 DUSUN BAKAN LIMBANGAN
32150110050009;3215011;3215011005;011;005;0009;RT 009 RW 004 DUSUN BAKAN LIMBANGAN
32150110050010;3215011;3215011005;011;005;0010;RT 010 RW 004 DUSUN BAKAN LIMBANGAN
32150110050011;3215011;3215011005;011;005;0011;RT 011 RW 003 DUSUN LOJI-CIPETEUY
32150110051001;3215011;3215011005;011;005;1001;SAWAH DAN HUTAN
32150110051008;3215011;3215011005;011;005;1008;SAWAH DAN HUTAN
32150110052002;3215011;3215011005;011;005;2002;KEHUTANAN
32150110052003;3215011;3215011005;011;005;2003;KEHUTANAN
32150110052004;3215011;3215011005;011;005;2004;KEHUTANAN
32150110052005;3215011;3215011005;011;005;2005;KEHUTANAN
32150110052006;3215011;3215011005;011;005;2006;KEHUTANAN
32150110052007;3215011;3215011005;011;005;2007;KEHUTANAN
32150110052009;3215011;3215011005;011;005;2009;KEHUTANAN
32150110060001;3215011;3215011006;011;006;0001;RT 001 RW 001
32150110060002;3215011;3215011006;011;006;0002;RT 002 RW 001
32150110060003;3215011;3215011006;011;006;0003;RT 003 RW 001
32150110060004;3215011;3215011006;011;006;0004;RT 004 RW 002
32150110060005;3215011;3215011006;011;006;0005;RT 005 RW 002
32150110060006;3215011;3215011006;011;006;0006;RT 006 RW 002
32150110060007;3215011;3215011006;011;006;0007;RT 007 RW 003
32150110060008;3215011;3215011006;011;006;0008;RT 008 RW 003
32150110060009;3215011;3215011006;011;006;0009;RT 009 RW 003
32150110060010;3215011;3215011006;011;006;0010;RT 010 RW 004
32150110060011;3215011;3215011006;011;006;0011;RT 011 RW 004
32150110060012;3215011;3215011006;011;006;0012;RT 012 RW 004
32150110061002;3215011;3215011006;011;006;1002;SAWAH
32150110061003;3215011;3215011006;011;006;1003;SAWAH
32150110062001;3215011;3215011006;011;006;2001;HUTAN
32150110062004;3215011;3215011006;011;006;2004;HUTAN
32150110070001;3215011;3215011007;011;007;0001;RT 001 RW 001 DUSUN
32150110070002;3215011;3215011007;011;007;0002;RT 002 RW 001 DUSUN
32150110070003;3215011;3215011007;011;007;0003;RT 003 RW 001 DUSUN
32150110070004;3215011;3215011007;011;007;0004;RT 004 RW 002 DUSUN TEGAL MALANG
32150110070005;3215011;3215011007;011;007;0005;RT 005 RW 002 DUSUN TEGAL MALANG
32150110070006;3215011;3215011007;011;007;0006;RT 006 RW 002 DUSUN TEGAL MALANG
32150110070007;3215011;3215011007;011;007;0007;RT 007 RW 003 DUSUN
32150110070008;3215011;3215011007;011;007;0008;RT 008 RW 003 DUSUN
32150110070009;3215011;3215011007;011;007;0009;RT 009 RW 003 DUSUN
32150110071001;3215011;3215011007;011;007;1001;PERSAWAHAN SIRNA MANAH
32150110071002;3215011;3215011007;011;007;1002;PERSAWAHAN TEGAL GEMPOL
32150110072003;3215011;3215011007;011;007;2003;HUTAN BOJONG MANGGU
32150110080001;3215011;3215011008;011;008;0001;RT 001 RW 001 DUSUN NEGLASARI
32150110080002;3215011;3215011008;011;008;0002;RT 002 RW 001 DUSUN LENGO
32150110080003;3215011;3215011008;011;008;0003;RT 003 RW 002 DUSUN LENGO
32150110080004;3215011;3215011008;011;008;0004;RT 004 RW 002 DUSUN LENGO
32150110080005;3215011;3215011008;011;008;0005;RT 005 RW 003 DUSUN
32150110080006;3215011;3215011008;011;008;0006;RT 006 RW 003 DUSUN
32150110080007;3215011;3215011008;011;008;0007;RT 007 RW 004 DUSUN
32150110080008;3215011;3215011008;011;008;0008;RT 008 RW 004 DUSUN MUNJUL
32150110080009;3215011;3215011008;011;008;0009;RT 009 RW 005 DUSUN
32150110080010;3215011;3215011008;011;008;0010;RT 010 RW 005 DUSUN
32150110080011;3215011;3215011008;011;008;0011;RT 011 RW 006 DUSUN
32150110080012;3215011;3215011008;011;008;0012;RT 012 RW 006 DUSUN
32150110080013;3215011;3215011008;011;008;0013;RT 013 RW 007 DUSUN
32150110080014;3215011;3215011008;011;008;0014;RT 014 RW 007 DUSUN
32150110080015;3215011;3215011008;011;008;0015;RT 015 RW 008 DUSUN TIPAR
32150110080016;3215011;3215011008;011;008;0016;RT 016 RW 008 DUSUN TIPAR
32150110080017;3215011;3215011008;011;008;0017;RT 017 RW 005 DUSUN
32150110080018;3215011;3215011008;011;008;0018;RT 018 RW 008 DUSUN
32150110081001;3215011;3215011008;011;008;1001;SAWAH
32150110081002;3215011;3215011008;011;008;1002;HUTAN
32150110082003;3215011;3215011008;011;008;2003;HUTAN
32150110083004;3215011;3215011008;011;008;3004;HUTAN
32150110083005;3215011;3215011008;011;008;3005;HUTAN
32150110090001;3215011;3215011009;011;009;0001;RT 001 RW 001 DUSUN PALASARI
32150110090002;3215011;3215011009;011;009;0002;RT 002 RW 001 DUSUN PALASARI
32150110090003;3215011;3215011009;011;009;0003;RT 005 RW 003 DUSUN NARINGGUL
32150110090004;3215011;3215011009;011;009;0004;RT 004 RW 002 DUSUN PALASARI
32150110090005;3215011;3215011009;011;009;0005;RT 003 RW 002 DUSUN PALASARI
32150110090006;3215011;3215011009;011;009;0006;RT 006 RW 003 DUSUN NARINGGUL
32150110090007;3215011;3215011009;011;009;0007;RT 007 RW 004 DUSUN NARINGGUL
32150110090008;3215011;3215011009;011;009;0008;RT 008 RW 004 DUSUN NARINGGUL
32150110090009;3215011;3215011009;011;009;0009;RT 009 RW 005 DUSUN JUNGKUR
32150110090010;3215011;3215011009;011;009;0010;RT 010 RW 005 DUSUN JUNGKUR
32150110090011;3215011;3215011009;011;009;0011;RT 011 RW 006 DUSUN JUNGKUR
32150110090012;3215011;3215011009;011;009;0012;RT 012 RW 006 DUSUN JUNGKUR
32150110090013;3215011;3215011009;011;009;0013;RT 013 RW 005 DUSUN JUNGKUR
32150110091001;3215011;3215011009;011;009;1001;SAWAH
32150110091002;3215011;3215011009;011;009;1002;SAWAH
32150110091003;3215011;3215011009;011;009;1003;SAWAH
32150110091004;3215011;3215011009;011;009;1004;SAWAH
32150110092005;3215011;3215011009;011;009;2005;HUTAN
32150110092006;3215011;3215011009;011;009;2006;HUTAN
32150110092007;3215011;3215011009;011;009;2007;HUTAN
32150110092008;3215011;3215011009;011;009;2008;HUTAN
32150110093009;3215011;3215011009;011;009;3009;LADANG
32150110093010;3215011;3215011009;011;009;3010;LADANG
32150200010001;3215020;3215020001;020;001;0001;RT 006 RW 003 DUSUN PARUNGNALA
32150200010002;3215020;3215020001;020;001;0002;RT 007 RW 003 DUSUN PARUNGNALA
32150200010003;3215020;3215020001;020;001;0003;RT 008 RW 004 DUSUN PARUNGNALA
32150200010004;3215020;3215020001;020;001;0004;RT 009 RW 005 DUSUN PARUNGNALA
32150200010005;3215020;3215020001;020;001;0005;RT 010 RW 005 DUSUN PARUNGNALA
32150200010006;3215020;3215020001;020;001;0006;RT 011 RW 005 DUSUN PARUNGNALA
32150200010007;3215020;3215020001;020;001;0007;RT 012 RW 005 DUSUN PARUNGNALA
32150200010008;3215020;3215020001;020;001;0008;RT 013 RW 005 DUSUN PARUNGNALA
32150200010009;3215020;3215020001;020;001;0009;RT 001 RW 001 DUSUN NAROGTOG
32150200010010;3215020;3215020001;020;001;0010;RT 002 RW 001 DUSUN NAROGTOG
32150200010011;3215020;3215020001;020;001;0011;RT 003 RW 002 DUSUN NAROGOTOG
32150200010012;3215020;3215020001;020;001;0012;RT 004 RW 002 DUSUN NAROGTOG
32150200010013;3215020;3215020001;020;001;0013;RT 005 RW 002 DUSUN NAROGTOG
32150200011001;3215020;3215020001;020;001;1001;KEBUN PT SINARMAS
32150200011002;3215020;3215020001;020;001;1002;SAWAH JUNAEDI
32150200011003;3215020;3215020001;020;001;1003;SAWAH WADI
32150200011004;3215020;3215020001;020;001;1004;SAWAH ADE
32150200011005;3215020;3215020001;020;001;1005;KEBUN PT SINARMAS
32150200020001;3215020;3215020002;020;002;0001;RT 001 RW 001 DUSUN PASIR POGOR
32150200020002;3215020;3215020002;020;002;0002;RT 002 RW 001 DUSUN PASIR POGOR
32150200020003;3215020;3215020002;020;002;0003;RT 003 RW 002 DUSUN PASIR POGOR
32150200020004;3215020;3215020002;020;002;0004;RT 004 RW 002 DUSUN PASIR POGOR
32150200020005;3215020;3215020002;020;002;0005;RT 005 RW 003 DUSUN UDUG UDUG
32150200020006;3215020;3215020002;020;002;0006;RT 006 RW 003 DUSUN UDUG UDUG
32150200020007;3215020;3215020002;020;002;0007;RT 007 RW 004 DUSUN UDUG UDUG
32150200020008;3215020;3215020002;020;002;0008;RT 008 RW 004 DUSUN UDUG UDUG
32150200020009;3215020;3215020002;020;002;0009;RT 009 RW 004 DUSUN UDUG UDUG
32150200020010;3215020;3215020002;020;002;0010;RT 010 RW 005 DUSUN ASEM
32150200020011;3215020;3215020002;020;002;0011;RT 011 RW 005 DUSUN ASEM
32150200020012;3215020;3215020002;020;002;0012;RT 012 RW 006 DUSUN ASEM
32150200020013;3215020;3215020002;020;002;0013;RT 013 RW 005 DUSUN ASEM
32150200020014;3215020;3215020002;020;002;0014;RT 014 RW 007 DUSUN KARANGANYAR
32150200020015;3215020;3215020002;020;002;0015;RT 015 RW 007 DUSUN KARANGANYAR
32150200020016;3215020;3215020002;020;002;0016;RT 016 RW 008 DUSUN KARANGANYAR
32150200020017;3215020;3215020002;020;002;0017;RT 017 RW 008 DUSUN KARANGANYAR
32150200020018;3215020;3215020002;020;002;0018;RT 018 RW 009 DUSUN KARANGANYAR
32150200020019;3215020;3215020002;020;002;0019;RT 019 RW 009 DUSUN KARANGANYAR
32150200020020;3215020;3215020002;020;002;0020;RT 020 RW 010 DUSUN LENGKASARI
32150200020021;3215020;3215020002;020;002;0021;RT 021 RW 010 DUSUN LENGKASARI
32150200020022;3215020;3215020002;020;002;0022;RT 022 RW 011 DUSUN LENGKASARI
32150200020023;3215020;3215020002;020;002;0023;RT 023 RW 012 DUSUN LIOSARI
32150200020024;3215020;3215020002;020;002;0024;RT 024 RW 012 DUSUN LIOSARI
32150200020025;3215020;3215020002;020;002;0025;RT 025 RW 012 DUSUN LIOSARI
32150200020026;3215020;3215020002;020;002;0026;RT 026 RW 012 DUSUN LIOSARI
32150200020027;3215020;3215020002;020;002;0027;RT 027 RW 013 DUSUN LIOSARI
32150200020028;3215020;3215020002;020;002;0028;RT 028 RW 013 DUSUN LIOSARI
32150200020029;3215020;3215020002;020;002;0029;RT 029 RW 014 DUSUN SUKAMULYA
32150200020030;3215020;3215020002;020;002;0030;RT 030 RW 014 DUSUN SUKAMULYA
32150200020031;3215020;3215020002;020;002;0031;RT 031 RW 014 DUSUN SUKAMULYA
32150200020032;3215020;3215020002;020;002;0032;RT 032 RW 015 DUSUN SUKAMULYA
32150200020033;3215020;3215020002;020;002;0033;RT 033 RW 015 DUSUN SUKAMULYA
32150200021003;3215020;3215020002;020;002;1003;PESAWAHAN
32150200026002;3215020;3215020002;020;002;6002;PESAWAHAN
32150200030001;3215020;3215020003;020;003;0001;RT 001 RW 01 DUSUN KAUM
32150200030002;3215020;3215020003;020;003;0002;RT 002 RW 01 DUSUN KAUM
32150200030003;3215020;3215020003;020;003;0003;RT 003 RW 02 DUSUN KAUM
32150200030004;3215020;3215020003;020;003;0004;RT 004 RW 02 DUSUN KAUM
32150200030005;3215020;3215020003;020;003;0005;RT 005 RW 02 DUSUN KAUM
32150200030006;3215020;3215020003;020;003;0006;RT 006 RW 03 DUSUN CIAMPEL
32150200030007;3215020;3215020003;020;003;0007;RT 007 RW 03 DUSUN CIAMPEL
32150200030008;3215020;3215020003;020;003;0008;RT 008 RW 04 DUSUN
32150200030009;3215020;3215020003;020;003;0009;RT 009 RW 04 DUSUN
32150200030010;3215020;3215020003;020;003;0010;RT 010 RW 04 DUSUN
32150200030011;3215020;3215020003;020;003;0011;RT 011 RW 05 DUSUN CIAMPEL
32150200030012;3215020;3215020003;020;003;0012;RT 012 RW 05 DUSUN CIAMPEL
32150200030013;3215020;3215020003;020;003;0013;RT 013 RW 06 DUSUN KAUM
32150200030014;3215020;3215020003;020;003;0014;RT 014 RW 06 DUSUN KAUM
32150200030015;3215020;3215020003;020;003;0015;RT 015 RW 6 DUSUN KAUM
32150200032001;3215020;3215020003;020;003;2001;WILAYAH HUTAN
32150200035001;3215020;3215020003;020;003;5001;KAWASAN INDUSTRI
32150200040001;3215020;3215020004;020;004;0001;RT 001 RW 001 DUSUN RAGOG
32150200040002;3215020;3215020004;020;004;0002;RT 002 RW 001 DUSUN RAGOG
32150200040003;3215020;3215020004;020;004;0003;RT 003 RW 002 DUSUN GEMBOL
32150200040004;3215020;3215020004;020;004;0004;RT 004 RW 002 DUSUN GEMBOL
32150200040005;3215020;3215020004;020;004;0005;RT 005 RW 002 DUSUN GEMBOL
32150200040006;3215020;3215020004;020;004;0006;RT 006 RW 003 DUSUN RAGOG
32150200040007;3215020;3215020004;020;004;0007;RT 007 RW 003 DUSUN RAGOG
32150200040008;3215020;3215020004;020;004;0008;RT 008 RW 003 DUSUN RAGOG
32150200040009;3215020;3215020004;020;004;0009;RT 009 RW 004 DUSUN CIDAMPA
32150200040010;3215020;3215020004;020;004;0010;RT 010 RW 004 DUSUN CIDAMPA
32150200040011;3215020;3215020004;020;004;0011;RT 011 RW 005 DUSUN
32150200040012;3215020;3215020004;020;004;0012;RT 012 RW 005 DUSUN
32150200040013;3215020;3215020004;020;004;0013;RT 013 RW 006 DUSUN CIDAMPA II
32150200040014;3215020;3215020004;020;004;0014;RT 014 RW 006 DUSUN CIDAMPA II
32150200040015;3215020;3215020004;020;004;0015;RT 015 RW 006 DUSUN CIDAMPA II
32150200045001;3215020;3215020004;020;004;5001;PT PINDODELI 4
32150200045002;3215020;3215020004;020;004;5002;PT SURYACIPTA SWARAYA
32150200050001;3215020;3215020005;020;005;0001;RT 001 RW 001 DUSUN I
32150200050002;3215020;3215020005;020;005;0002;RT 002 RW 001 DUSUN I
32150200050003;3215020;3215020005;020;005;0003;RT 003 RW 002 DUSUN I
32150200050004;3215020;3215020005;020;005;0004;RT 004 RW 002 DUSUN I
32150200050005;3215020;3215020005;020;005;0005;RT 005 RW 003 DUSUN II
32150200050006;3215020;3215020005;020;005;0006;RT 006 RW 003 DUSUN II
32150200050007;3215020;3215020005;020;005;0007;RT 007 RW 003 DUSUN II
32150200050008;3215020;3215020005;020;005;0008;RT 008 RW 004 DUSUN II
32150200050009;3215020;3215020005;020;005;0009;RT 009 RW 004 DUSUN II
32150200050010;3215020;3215020005;020;005;0010;RT 010 RW 005 DUSUN I
32150200050011;3215020;3215020005;020;005;0011;RT 011 RW 005 DUSUN I
32150200050012;3215020;3215020005;020;005;0012;RT 012 RW 006 DUSUN III
32150200050013;3215020;3215020005;020;005;0013;RT 013 RW 006 DUSUN III
32150200050014;3215020;3215020005;020;005;0014;RT 014 RW 006 DUSUN III
32150200050015;3215020;3215020005;020;005;0015;RT 015 RW 007 DUSUN III
32150200050016;3215020;3215020005;020;005;0016;RT 016 RW 007 DUSUN III
32150200050017;3215020;3215020005;020;005;0017;RT 017 RW 007 DUSUN III
32150200050018;3215020;3215020005;020;005;0018;RT 018 RW 007 DUSUN III
32150200050019;3215020;3215020005;020;005;0019;RT 019 RW 008 DUSUN II
32150200050020;3215020;3215020005;020;005;0020;RT 020 RW 008 DUSUN II
32150200051001;3215020;3215020005;020;005;1001;PESAWAHAN RT 019
32150200051002;3215020;3215020005;020;005;1002;PESAWAHAN RT 018
32150200051003;3215020;3215020005;020;005;1003;PESAWAHAN
32150200056004;3215020;3215020005;020;005;6004;PERAIRAN
32150200056005;3215020;3215020005;020;005;6005;PERAIRAN
32150200056006;3215020;3215020005;020;005;6006;PERAIRAN
32150200060001;3215020;3215020006;020;006;0001;RT 001 RW 001 DUSUN I
32150200060002;3215020;3215020006;020;006;0002;RT 002 RW 001 DUSUN I
32150200060003;3215020;3215020006;020;006;0003;RT 003 RW 001 DUSUN I
32150200060004;3215020;3215020006;020;006;0004;RT 001 RW 002 DUSUN I
32150200060005;3215020;3215020006;020;006;0005;RT 002 RW 002 DUSUN I
32150200060006;3215020;3215020006;020;006;0006;RT 001 RW 003 DUSUN II
32150200060007;3215020;3215020006;020;006;0007;RT 002 RW 003 DUSUN II
32150200060008;3215020;3215020006;020;006;0008;RT 003 RW 003 DUSUN II
32150200060009;3215020;3215020006;020;006;0009;RT 001 RW 004 DUSUN II
32150200060010;3215020;3215020006;020;006;0010;RT 002 RW 004 DUSUN II
32150200060011;3215020;3215020006;020;006;0011;RT 003 RW 004 DUSUN II
32150200065001;3215020;3215020006;020;006;5001;KAWASAN SURYACIPTA
32150200065002;3215020;3215020006;020;006;5002;KAWASAN THE MANOR
32150200070001;3215020;3215020007;020;007;0001;RT 001 RW 006 DUSUN SIMARGALIH I
32150200070002;3215020;3215020007;020;007;0002;RT 002 RW 006 DUSUN SIMARGALIH I
32150200070003;3215020;3215020007;020;007;0003;RT 003 RW 006 DUSUN SIMARGALIH I
32150200070004;3215020;3215020007;020;007;0004;RT 004 RW 001 DUSUN SIMARGALIH I
32150200070005;3215020;3215020007;020;007;0005;RT 005 RW 001 DUSUN SIMARGALIH I
32150200070006;3215020;3215020007;020;007;0006;RT 006 RW 001 DUSUN SIMARGALIH I
32150200070007;3215020;3215020007;020;007;0007;RT 007 RW 002 DUSUN SIMARGALIH II
32150200070008;3215020;3215020007;020;007;0008;RT 008 RW 002 DUSUN SIMARGALIH II
32150200070009;3215020;3215020007;020;007;0009;RT 009 RW 003 DUSUN SIMARGALIH III
32150200070010;3215020;3215020007;020;007;0010;RT 010 RW 003 DUSUN SIMARGALIH III
32150200070011;3215020;3215020007;020;007;0011;RT 011 RW 004 DUSUN SIMARGALIH IV
32150200070012;3215020;3215020007;020;007;0012;RT 012 RW 004 DUSUN SIMARGALIH IV
32150200070013;3215020;3215020007;020;007;0013;RT 013 RW 004 DUSUN SIMARGALIH IV
32150200070014;3215020;3215020007;020;007;0014;RT 014 RW 005 DUSUN SIMARGALIH V
32150200070015;3215020;3215020007;020;007;0015;RT 015 RW 005 DUSUN SIMARGALIH V
32150200070016;3215020;3215020007;020;007;0016;RT 007 RW 002 DUSUN GRIYA INDAH
32150200070017;3215020;3215020007;020;007;0017;RT 008 RW 002 DUSUN GRIYA INDAH
32150200070018;3215020;3215020007;020;007;0018;RT 009 RW 002 DUSUN GRIYA INDAH
32150200070019;3215020;3215020007;020;007;0019;RT 010 RW 003 DUSUN GRIYA INDAH
32150200070020;3215020;3215020007;020;007;0020;RT 011 RW 003 DUSUN GRIYA INDAH
32150200070021;3215020;3215020007;020;007;0021;RT 012 RW 003 DUSUN GRIYA INDAH
32150200070022;3215020;3215020007;020;007;0022;RT 013 RW 003 DUSUN GRIYA INDAH
32150200070023;3215020;3215020007;020;007;0023;RT 014 RW 004 DUSUN GRIYA INDAH
32150200070024;3215020;3215020007;020;007;0024;RT 015 RW 004 DUSUN GRIYA INDAH
32150200070025;3215020;3215020007;020;007;0025;RT 016 RW 005 DUSUN SIMARGALIH V
32150200070026;3215020;3215020007;020;007;0026;RT 017 RW 005 DUSUN GRIYA INDAH
32150200070027;3215020;3215020007;020;007;0027;RT 027 RW 005 DUSUN GRIYA INDAH
32150200070028;3215020;3215020007;020;007;0028;RT 016 RW 005 DUSUN SIMARGALIH V
32150200071001;3215020;3215020007;020;007;1001;PESAWAHAN
32150200075002;3215020;3215020007;020;007;5002;PERUM PERURI
32150200075003;3215020;3215020007;020;007;5003;KAWASAN INDUSTRI MITRA (KIM)
32150310010001;3215031;3215031001;031;001;0001;RT 01 RW 01 DUSUN 01
32150310010002;3215031;3215031001;031;001;0002;RT 02 RW 01 DUSUN 01
32150310010003;3215031;3215031001;031;001;0003;RT 03 RW 02 DUSUN 01
32150310010004;3215031;3215031001;031;001;0004;RT 04 RW 02 DUSUN 01
32150310010005;3215031;3215031001;031;001;0005;RT 05 RW 02 DUSUN 01
32150310010006;3215031;3215031001;031;001;0006;RT 05 RW 03 DUSUN 01
32150310010007;3215031;3215031001;031;001;0007;RT 06 RW 03 DUSUN 01
32150310010008;3215031;3215031001;031;001;0008;RT 07 RW 03 DUSUN 01
32150310010009;3215031;3215031001;031;001;0009;RT 09 RW 03 DUSUN 01
32150310010010;3215031;3215031001;031;001;0010;RT 10 RW 03 DUSUN 01
32150310010011;3215031;3215031001;031;001;0011;RT 11 RW 03 DUSUN 01
32150310010012;3215031;3215031001;031;001;0012;RT 12 RW 03 DUSUN 01
32150310010013;3215031;3215031001;031;001;0013;RT 13 RW 03 DUSUN 01
32150310010014;3215031;3215031001;031;001;0014;RT 15 RW 03 DUSUN 01
32150310010015;3215031;3215031001;031;001;0015;RT 16 RW 03 DUSUN 01
32150310010016;3215031;3215031001;031;001;0016;RT 17 RW 03 DUSUN 01
32150310010017;3215031;3215031001;031;001;0017;RT 19 RW 03 DUSUN 01
32150310010018;3215031;3215031001;031;001;0018;RT 20 RW 03 DUSUN 01
32150310010019;3215031;3215031001;031;001;0019;RT 01 RW 06 DUSUN 02
32150310010020;3215031;3215031001;031;001;0020;RT 02 RW 06 DUSUN 02
32150310010021;3215031;3215031001;031;001;0021;RT 03 RW 06 DUSUN 02
32150310010022;3215031;3215031001;031;001;0022;RT 04 RW 06 DUSUN 02
32150310010023;3215031;3215031001;031;001;0023;RT 05 RW 06 DUSUN 02
32150310010024;3215031;3215031001;031;001;0024;RT 06 RW 06 DUSUN 02
32150310010025;3215031;3215031001;031;001;0025;RT 07 RW 06 DUSUN 02
32150310010026;3215031;3215031001;031;001;0026;RT 08 RW 06 DUSUN 02
32150310010027;3215031;3215031001;031;001;0027;RT 09 RW 06 DUSUN 02
32150310010028;3215031;3215031001;031;001;0028;RT 01 RW 07 DUSUN 02
32150310010029;3215031;3215031001;031;001;0029;RT 02 RW 07 DUSUN 02
32150310010030;3215031;3215031001;031;001;0030;RT 03 RW 07 DUSUN 02
32150310010031;3215031;3215031001;031;001;0031;RT 04 RW 07 DUSUN 02
32150310010032;3215031;3215031001;031;001;0032;RT 05 RW 07 DUSUN 02
32150310010033;3215031;3215031001;031;001;0033;RT 06 RW 07 DUSUN 02
32150310010034;3215031;3215031001;031;001;0034;RT 07 RW 07 DUSUN 02
32150310010035;3215031;3215031001;031;001;0035;RT 08 RW 07 DUSUN 02
32150310010036;3215031;3215031001;031;001;0036;RT 01 RW 08 DUSUN 02
32150310010037;3215031;3215031001;031;001;0037;RT 02 RW 08 DUSUN 02
32150310010038;3215031;3215031001;031;001;0038;RT 03 RW 08 DUSUN 02
32150310010039;3215031;3215031001;031;001;0039;RT 04 RW 08 DUSUN 02
32150310010040;3215031;3215031001;031;001;0040;RT 05 RW 08 DUSUN 02
32150310010041;3215031;3215031001;031;001;0041;RT 06 RW 08 DUSUN 02
32150310010042;3215031;3215031001;031;001;0042;RT 07 RW 08 DUSUN 02
32150310010043;3215031;3215031001;031;001;0043;RT 08 RW 08 DUSUN 02
32150310010044;3215031;3215031001;031;001;0044;RT 05 RW 04 DUSUN 03
32150310010045;3215031;3215031001;031;001;0045;RT 06 RW 04 DUSUN 03
32150310010046;3215031;3215031001;031;001;0046;RT 07 RW 04 DUSUN 03
32150310010047;3215031;3215031001;031;001;0047;RT 08 RW 04 DUSUN 03
32150310010048;3215031;3215031001;031;001;0048;RT 09 RW 04 DUSUN 03
32150310010049;3215031;3215031001;031;001;0049;RT 10 RW 04 DUSUN 03
32150310010050;3215031;3215031001;031;001;0050;RT 11 RW 04 DUSUN 03
32150310010051;3215031;3215031001;031;001;0051;RT 12 RW 04 DUSUN 03
32150310010052;3215031;3215031001;031;001;0052;RT 13 RW 04 DUSUN 03
32150310010053;3215031;3215031001;031;001;0053;RT 14 RW 04 DUSUN 03
32150310010054;3215031;3215031001;031;001;0054;RT 15 RW 04 DUSUN 03
32150310010055;3215031;3215031001;031;001;0055;RT 16 RW 04 DUSUN 03
32150310010056;3215031;3215031001;031;001;0056;RT 17 RW 04 DUSUN 03
32150310010057;3215031;3215031001;031;001;0057;RT 18 RW 04 DUSUN 03
32150310010058;3215031;3215031001;031;001;0058;RT 01 RW 05 DUSUN 03
32150310010059;3215031;3215031001;031;001;0059;RT 02 RW 05 DUSUN 03
32150310010060;3215031;3215031001;031;001;0060;RT 03 RW 05 DUSUN 03
32150310010061;3215031;3215031001;031;001;0061;RT 04 RW 05 DUSUN 03
32150310010062;3215031;3215031001;031;001;0062;RT 05 RW 05 DUSUN 03
32150310010063;3215031;3215031001;031;001;0063;RT 06 RW 05 DUSUN 03
32150310010064;3215031;3215031001;031;001;0064;RT 07 RW 05 DUSUN 03
32150310010065;3215031;3215031001;031;001;0065;RT 08 RW 05 DUSUN 03
32150310010066;3215031;3215031001;031;001;0066;RT 09 RW 05 DUSUN 03
32150310010067;3215031;3215031001;031;001;0067;RT 01 RW 09 DUSUN 03
32150310010068;3215031;3215031001;031;001;0068;RT 02 RW 09 DUSUN 03
32150310010069;3215031;3215031001;031;001;0069;RT 03 RW 09 DUSUN 03
32150310010070;3215031;3215031001;031;001;0070;RT 04 RW 09 DUSUN 03
32150310010071;3215031;3215031001;031;001;0071;RT 05 RW 09 DUSUN 03
32150310010072;3215031;3215031001;031;001;0072;RT 06 RW 09 DUSUN 03
32150310010073;3215031;3215031001;031;001;0073;RT 07 RW 09 DUSUN 03
32150310010074;3215031;3215031001;031;001;0074;RT 008 RW 009
32150310010075;3215031;3215031001;031;001;0075;RT 009 RW 009
32150310010076;3215031;3215031001;031;001;0076;RT 001 RW 010
32150310010077;3215031;3215031001;031;001;0077;RT 002 RW 010
32150310010078;3215031;3215031001;031;001;0078;RT 003 RW 010
32150310010079;3215031;3215031001;031;001;0079;RT 004 RW 010
32150310012002;3215031;3215031001;031;001;2002;PERHUTANI LADANG
32150310014001;3215031;3215031001;031;001;4001;KOMPI TNI 305
32150310014003;3215031;3215031001;031;001;4003;KOMPLEK PERTOKOAN PERURI
32150310015004;3215031;3215031001;031;001;5004;LADANG MUTIARA VILLAGE
32150310020001;3215031;3215031002;031;002;0001;RT 001 RW 001 DUSUN SUKADANA
32150310020002;3215031;3215031002;031;002;0002;RT 002 RW 001 DUSUN SUKADANA
32150310020003;3215031;3215031002;031;002;0003;RT 003 RW 001 DUSUN SUKADANA
32150310020004;3215031;3215031002;031;002;0004;RT 004 RW 002 DUSUN SUKAMULYA
32150310020005;3215031;3215031002;031;002;0005;RT 005 RW 002 DUSUN SUKAMULYA
32150310020006;3215031;3215031002;031;002;0006;RT 006 RW 003 DUSUN SUKAWARGI
32150310020007;3215031;3215031002;031;002;0007;RT 007 RW 003 DUSUN SUKAWARGI
32150310020008;3215031;3215031002;031;002;0008;RT 008 RW 004 DUSUN SUKATANI
32150310020009;3215031;3215031002;031;002;0009;RT 009 RW 004 DUSUN SUKATANI
32150310020010;3215031;3215031002;031;002;0010;RT 010 RW 004 DUSUN SUKATANI
32150310020011;3215031;3215031002;031;002;0011;RT 016 RW 004 DUSUN SUKATANI
32150310020012;3215031;3215031002;031;002;0012;RT 017 RW 004 DUSUN SUKATANI
32150310020013;3215031;3215031002;031;002;0013;RT 012 RW 005 DUSUN SUKAJAYA
32150310020014;3215031;3215031002;031;002;0014;RT 013 RW 005 DUSUN SUKAJAYA
32150310020015;3215031;3215031002;031;002;0015;RT 015 RW 005 DUSUN SUKAJAYA
32150310020016;3215031;3215031002;031;002;0016;RT 011 RW 006 DUSUN SUKAJAYA
32150310020017;3215031;3215031002;031;002;0017;RT 014 RW 006 DUSUN SUKAJAYA
32150310020018;3215031;3215031002;031;002;0018;RT 018 RW 004
32150310025001;3215031;3215031002;031;002;5001;KAWASAN SAMUDRA
32150310030001;3215031;3215031003;031;003;0001;RT 007 RW 003 DUSUN SUKAMAJU
32150310030002;3215031;3215031003;031;003;0002;RT 008 RW 003 DUSUN SUKAMAJU
32150310030003;3215031;3215031003;031;003;0003;RT 038 RW 003 DUSUN SUKAMAJU
32150310030004;3215031;3215031003;031;003;0004;RT 009 RW 004 DUSUN SUKAGALIH
32150310030005;3215031;3215031003;031;003;0005;RT 010 RW 004 DUSUN SUKAGALIH
32150310030006;3215031;3215031003;031;003;0006;RT 011 RW 004 DUSUN SUKAGALIH
32150310030007;3215031;3215031003;031;003;0007;RT 027 RW 004 DUSUN SUKAGALIH
32150310030008;3215031;3215031003;031;003;0008;RT 012 RW 007 DUSUN SUKAMUKTI
32150310030009;3215031;3215031003;031;003;0009;RT 042 RW 007 DUSUN SUKAMULTI
32150310030010;3215031;3215031003;031;003;0010;RT 016 RW 007 DUSUN SUKAMUKTI
32150310030011;3215031;3215031003;031;003;0011;RT 022 RW 008 DUSUN KARAJAN
32150310030012;3215031;3215031003;031;003;0012;RT 023 RW 008 DUSUN KARAJAN
32150310030013;3215031;3215031003;031;003;0013;RT 017 RW 006 DUSUN KARAJAN
32150310030014;3215031;3215031003;031;003;0014;RT 018 RW 006 DUSUN KARAJAN
32150310030015;3215031;3215031003;031;003;0015;RT 019 RW 006 DUSUN KARAJAN
32150310030016;3215031;3215031003;031;003;0016;RT 020 RW 006 DUSUN KARAJAN
32150310030017;3215031;3215031003;031;003;0017;RT 024 RW 006 DUSUN KARAJAN
32150310030018;3215031;3215031003;031;003;0018;RT 025 RW 006 DUSUN KARAJAN
32150310030019;3215031;3215031003;031;003;0019;RT 013 RW 005 DUSUN SUKAMANAH
32150310030020;3215031;3215031003;031;003;0020;RT 014 RW 005 DUSUN SUKAMANAH
32150310030021;3215031;3215031003;031;003;0021;RT 015 RW 005 DUSUN SUKAMANAH
32150310030022;3215031;3215031003;031;003;0022;RT 021 RW 009 DUSUN SUKAMANAH
32150310030023;3215031;3215031003;031;003;0023;RT 002 RW 001 DUSUN SUKAKARYA
32150310030024;3215031;3215031003;031;003;0024;RT 003 RW 001 DUSUN SUKAKARYA
32150310030025;3215031;3215031003;031;003;0025;RT 004 RW 001 DUSUN SUKAKARYA
32150310030026;3215031;3215031003;031;003;0026;RT 005 RW 001 DUSUN SUKAKARYA
32150310030027;3215031;3215031003;031;003;0027;RT 001 RW 010 DUSUN SUKAKARYA
32150310030028;3215031;3215031003;031;003;0028;RT 029 RW 010 DUSUN SUKAKARYA
32150310030029;3215031;3215031003;031;003;0029;RT 043 RW 010 DUSUN SUKAKARYA
32150310030030;3215031;3215031003;031;003;0030;RT 032 RW 011 DUSUN BINTANG ALAM
32150310030031;3215031;3215031003;031;003;0031;RT 033 RW 011 DUSUN BINTANG ALAM
32150310030032;3215031;3215031003;031;003;0032;RT 034 RW 011 DUSUN BINTANG ALAM
32150310030033;3215031;3215031003;031;003;0033;RT 036 RW 011 DUSUN BINTANG ALAM
32150310030034;3215031;3215031003;031;003;0034;RT 039 RW 011 DUSUN BINTANG ALAM
32150310030035;3215031;3215031003;031;003;0035;RT 040 RW 011 DUSUN BINTANG ALAM
32150310030036;3215031;3215031003;031;003;0036;RT 041 RW 011 DUSUN BINTANG ALAM
32150310030037;3215031;3215031003;031;003;0037;RT 044 RW 011 DUSUN BINTANG ALAM
32150310030038;3215031;3215031003;031;003;0038;RT 045 RW 011 DUSUN BINTANG ALAM
32150310030039;3215031;3215031003;031;003;0039;RT 046 RW 011 DUSUN BINTANG ALAM
32150310030040;3215031;3215031003;031;003;0040;RT 047 RW 011 DUSUN BINTANG ALAM
32150310030041;3215031;3215031003;031;003;0041;RT 006 RW 012 DUSUN BINTANG ALAM
32150310030042;3215031;3215031003;031;003;0042;RT 028 RW 012 DUSUN BINTANG ALAM
32150310030043;3215031;3215031003;031;003;0043;RT 030 RW 012 DUSUN BINTANG ALAM
32150310030044;3215031;3215031003;031;003;0044;RT 031 RW 012 DUSUN BINTANG ALAM
32150310030045;3215031;3215031003;031;003;0045;RT 035 RW 012 DUSUN BINTANG ALAM
32150310030046;3215031;3215031003;031;003;0046;RT 037 RW 012 DUSUN BINTANG ALAM
32150310030047;3215031;3215031003;031;003;0047;RT 048 RW 012 DUSUN BINTANG ALAM
32150310031001;3215031;3215031003;031;003;1001;PESAWAHAN
32150310031002;3215031;3215031003;031;003;1002;PESAWAHAN
32150310031003;3215031;3215031003;031;003;1003;PERGUDANGAN
32150310031004;3215031;3215031003;031;003;1004;DANAU
32150310031005;3215031;3215031003;031;003;1005;SEMAK BELUKAR
32150310040001;3215031;3215031004;031;004;0001;RT 001 RW 001 DUSUN BABAKAN
32150310040002;3215031;3215031004;031;004;0002;RT 002 RW 001 DUSUN BABAKAN
32150310040003;3215031;3215031004;031;004;0003;RT 003 RW 001 DUSUN BABAKAN
32150310040004;3215031;3215031004;031;004;0004;RT 004 RW 001 DUSUN BABAKAN
32150310040005;3215031;3215031004;031;004;0005;RT 005 RW 002 DUSUN BABAKAN TENGAH
32150310040006;3215031;3215031004;031;004;0006;RT 020 RW 002 DUSUN BABAKAN TENGAH
32150310040007;3215031;3215031004;031;004;0007;RT 006 RW 008 DUSUN BABAKAN TENGAH
32150310040008;3215031;3215031004;031;004;0008;RT 017 RW 008 DUSUN BABAKAN TENGAH
32150310040009;3215031;3215031004;031;004;0009;RT 009 RW 004 DUSUN KAUM JAYA
32150310040010;3215031;3215031004;031;004;0010;RT 010 RW 004 DUSUN KAUM JAYA
32150310040011;3215031;3215031004;031;004;0011;RT 015 RW 004 DUSUN KAUM JAYA
32150310040012;3215031;3215031004;031;004;0012;RT 016 RW 004 DUSUN KAUM JAYA
32150310040013;3215031;3215031004;031;004;0013;RT 011 RW 005 DUSUN KAUM JAYA
32150310040014;3215031;3215031004;031;004;0014;RT 012 RW 005 DUSUN KAUM JAYA
32150310040015;3215031;3215031004;031;004;0015;RT 013 RW 005 DUSUN KAUM JAYA
32150310040016;3215031;3215031004;031;004;0016;RT 014 RW 005 DUSUN KAUM JAYA
32150310040017;3215031;3215031004;031;004;0017;RT 018 RW 006 DUSUN KAUM JAYA
32150310040018;3215031;3215031004;031;004;0018;RT 019 RW 006 DUSUN KAUM JAYA
32150310040019;3215031;3215031004;031;004;0019;RT 021 RW 006 DUSUN KAUM JAYA
32150310040020;3215031;3215031004;031;004;0020;RT 022 RW 006 DUSUN KAUMJAYA
32150310040021;3215031;3215031004;031;004;0021;RT 023 RW 006 DUSUN KAUMJAYA
32150310040022;3215031;3215031004;031;004;0022;RT 024 RW 006 DUSUN KAUMJAYA
32150310040023;3215031;3215031004;031;004;0023;RT 007 RW 003 DUSUN KALIJAYA
32150310040024;3215031;3215031004;031;004;0024;RT 008 RW 003 DUSUN KALIJAYA
32150310040025;3215031;3215031004;031;004;0025;RT 025 RW 006 DUSUN KAUMJAYA
32150310044001;3215031;3215031004;031;004;4001;APARTEMEN EMERALD HILL
32150310050001;3215031;3215031005;031;005;0001;RT 001 RW 001 DUSUN KALIPANDAN
32150310050002;3215031;3215031005;031;005;0002;RT 002 RW 001 DUSUN KALIPANDAN
32150310050003;3215031;3215031005;031;005;0003;RT 003 RW 001 DUSUN KALIPANDAN
32150310050004;3215031;3215031005;031;005;0004;RT 004 RW 002 DUSUN KALIPANDAN
32150310050005;3215031;3215031005;031;005;0005;RT 011 RW 002 DUSUN KALIPANDAN
32150310050006;3215031;3215031005;031;005;0006;RT 012 RW 002 DUSUN KALIPANDAN
32150310050007;3215031;3215031005;031;005;0007;RT 005 RW 003 DUSUN KALIKELAPA
32150310050008;3215031;3215031005;031;005;0008;RT 006 RW 003 DUSUN KALIKELAPA
32150310050009;3215031;3215031005;031;005;0009;RT 007 RW 003 DUSUN KALIKELAPA
32150310050010;3215031;3215031005;031;005;0010;RT 008 RW 004 DUSUN RAWARENGAS
32150310050011;3215031;3215031005;031;005;0011;RT 009 RW 004 DUSUN RAWARENGAS
32150310050012;3215031;3215031005;031;005;0012;RT 010 RW 004 DUSUN RAWARENGAS
32150310050013;3215031;3215031005;031;005;0013;RT 001 RW 005 DUSUN BUMI TELUKJAMBE DUSUN 5
32150310050014;3215031;3215031005;031;005;0014;RT 002 RW 005 DUSUN BUMI TELUKJAMBE DUSUN 5
32150310050015;3215031;3215031005;031;005;0015;RT 003 RW 005 DUSUN BUMI TELUKJAMBE DUSUN 5
32150310050016;3215031;3215031005;031;005;0016;RT 004 RW 005 DUSUN BUMI TELUKJAMBE DUSUN 5
32150310050017;3215031;3215031005;031;005;0017;RT 005 RW 005 DUSUN BUMI TELUKJAMBE DUSUN 5
32150310050018;3215031;3215031005;031;005;0018;RT 006 RW 005 DUSUN BUMI TELUKJAMBE DUSUN 5
32150310050019;3215031;3215031005;031;005;0019;RT 007 RW 005 DUSUN BUMI TELUKJAMBE DUSUN 5
32150310050020;3215031;3215031005;031;005;0020;RT 001 RW 006 DUSUN BUMI TELUKJAMBE DUSUN 4
32150310050021;3215031;3215031005;031;005;0021;RT 002 RW 006 DUSUN BUMI TELUKJAMBE DUSUN 4
32150310050022;3215031;3215031005;031;005;0022;RT 003 RW 006 DUSUN BUMI TELUKJAMBE DUSUN 4
32150310050023;3215031;3215031005;031;005;0023;RT 004 RW 006 DUSUN BUMI TELUKJAMBE DUSUN 4
32150310050024;3215031;3215031005;031;005;0024;RT 005 RW 006 DUSUN BUMI TELUKJAMBE DUSUN 4
32150310050025;3215031;3215031005;031;005;0025;RT 006 RW 006 DUSUN BUMI TELUKJAMBE DUSUN 4
32150310050026;3215031;3215031005;031;005;0026;RT 001 RW 007 DUSUN BUMI TELUKJAMBE DUSUN 4
32150310050027;3215031;3215031005;031;005;0027;RT 002 RW 007 DUSUN BUMI TELUKJAMBE DUSUN 4
32150310050028;3215031;3215031005;031;005;0028;RT 003 RW 007 DUSUN BUMI TELUKJAMBE DUSUN 4
32150310050029;3215031;3215031005;031;005;0029;RT 004 RW 007 DUSUN BUMI TELUKJAMBE DUSUN 4
32150310050030;3215031;3215031005;031;005;0030;RT 005 RW 007 DUSUN BUMI TELUKJAMBE DUSUN 4
32150310050031;3215031;3215031005;031;005;0031;RT 006 RW 007 DUSUN BUMI TELUKJAMBE DUSUN 5
32150310050032;3215031;3215031005;031;005;0032;RT 007 RW 007 DUSUN BUMI TELUKJAMBE DUSUN 5
32150310050033;3215031;3215031005;031;005;0033;RT 008 RW 007 DUSUN BUMI TELUKJAMBE DUSUN 5
32150310050034;3215031;3215031005;031;005;0034;RT 009 RW 007 DUSUN BUMI TELUKJAMBE DUSUN 5
32150310050035;3215031;3215031005;031;005;0035;RT 010 RW 007 DUSUN BUMI TELUKJAMBE DUSUN 5
32150310050036;3215031;3215031005;031;005;0036;RT 001 RW 008 DUSUN BUMI TELUKJAMBE DUSUN 4
32150310050037;3215031;3215031005;031;005;0037;RT 002 RW 008 DUSUN BUMI TELUKJAMBE DUSUN 4
32150310050038;3215031;3215031005;031;005;0038;RT 003 RW 008 DUSUN BUMI TELUKJAMBE DUSUN 4
32150310050039;3215031;3215031005;031;005;0039;RT 004 RW 008 DUSUN BUMI TELUKJAMBE DUSUN 4
32150310050040;3215031;3215031005;031;005;0040;RT 005 RW 008 DUSUN BUMI TELUKJAMBE DUSUN 4
32150310050041;3215031;3215031005;031;005;0041;RT 006 RW 008 DUSUN BUMI TELUKJAMBE DUSUN 4
32150310050042;3215031;3215031005;031;005;0042;RT 001 RW 009 DUSUN BUMI TELUKJAMBE DUSUN 5
32150310050043;3215031;3215031005;031;005;0043;RT 002 RW 009 DUSUN BUMI TELUKJAMBE DUSUN 5
32150310050044;3215031;3215031005;031;005;0044;RT 003 RW 009 DUSUN BUMI TELUKJAMBE DUSUN 5
32150310050045;3215031;3215031005;031;005;0045;RT 004 RW 009 DUSUN BUMI TELUKJAMBE DUSUN 5
32150310050046;3215031;3215031005;031;005;0046;RT 005 RW 009 DUSUN BUMI TELUKJAMBE DUSUN 5
32150310050047;3215031;3215031005;031;005;0047;RT 006 RW 009 DUSUN BUMI TELUKJAMBE DUSUN 5
32150310050048;3215031;3215031005;031;005;0048;RT 001 RW 010 DUSUN BUMI TELUKJAMBE DUSUN 4
32150310050049;3215031;3215031005;031;005;0049;RT 002 RW 010 DUSUN BUMI TELUKJAMBE DUSUN 4
32150310050050;3215031;3215031005;031;005;0050;RT 003 RW 010 DUSUN BUMI TELUKJAMBE DUSUN 4
32150310050051;3215031;3215031005;031;005;0051;RT 001 RW 011 DUSUN BUMI TELUKJAMBE DUSUN 5
32150310050052;3215031;3215031005;031;005;0052;RT 002 RW 011 DUSUN BUMI TELUKJAMBE DUSUN 5
32150310050053;3215031;3215031005;031;005;0053;RT 003 RW 011 DUSUN BUMI TELUKJAMBE DUSUN 5
32150310050054;3215031;3215031005;031;005;0054;RT 004 RW 011 DUSUN BUMI TELUKJAMBE DUSUN 5
32150310050055;3215031;3215031005;031;005;0055;RT 005 RW 011 DUSUN BUMI TELUKJAMBE DUSUN 5
32150310050056;3215031;3215031005;031;005;0056;RT 006 RW 011 DUSUN BUMI TELUKJAMBE DUSUN 5
32150310050057;3215031;3215031005;031;005;0057;RT 007 RW 011 DUSUN BUMI TELUKJAMBE DUSUN 5
32150310050058;3215031;3215031005;031;005;0058;RT 001 RW 012 DUSUN BUMI TELUKJAMBE DUSUN 4
32150310050059;3215031;3215031005;031;005;0059;RT 002 RW 012 DUSUN BUMI TELUKJAMBE DUSUN 4
32150310050060;3215031;3215031005;031;005;0060;RT 003 RW 012 DUSUN BUMI TELUKJAMBE DUSUN 4
32150310050061;3215031;3215031005;031;005;0061;RT 004 RW 012 DUSUN BUMI TELUKJAMBE DUSUN 5
32150310050062;3215031;3215031005;031;005;0062;RT 001 RW 012 DUSUN BUMI TELUKJAMBE DUSUN 5 BLOK W
32150310050063;3215031;3215031005;031;005;0063;RT 001 RW 012 DUSUN BUMI TELUKJAMBE DUSUN 5 BLOK U
32150310050064;3215031;3215031005;031;005;0064;RT 001 RW 013 DUSUN BUMI TELUKJAMBE DUSUN 5
32150310050065;3215031;3215031005;031;005;0065;RT 002 RW 013 DUSUN BUMI TELUKJAMBE DUSUN 5
32150310050066;3215031;3215031005;031;005;0066;RT 003 RW 013 DUSUN BUMI TELUKJAMBE DUSUN 5
32150310050067;3215031;3215031005;031;005;0067;RT 004 RW 013 DUSUN BUMI TELUKJAMBE DUSUN 5
32150310050068;3215031;3215031005;031;005;0068;RT 005 RW 013 DUSUN BUMI TELUKJAMBE DUSUN 5
32150310050069;3215031;3215031005;031;005;0069;RT 006 RW 013 DUSUN BUMI TELUKJAMBE DUSUN 5
32150310050070;3215031;3215031005;031;005;0070;RT 007 RW 013 DUSUN BUMI TELUKJAMBE DUSUN 5
32150310050071;3215031;3215031005;031;005;0071;RT 008 RW 013 DUSUN BUMI TELUKJAMBE DUSUN 5
32150310050072;3215031;3215031005;031;005;0072;RT 001 RW 014 DUSUN BUMI TELUKJAMBE DUSUN 5
32150310050073;3215031;3215031005;031;005;0073;RT 002 RW 014 DUSUN BUMI TELUKJAMBE DUSUN 5
32150310050074;3215031;3215031005;031;005;0074;RT 003 RW 014 DUSUN BUMI TELUKJAMBE DUSUN 5
32150310050075;3215031;3215031005;031;005;0075;RT 004 RW 014 DUSUN BUMI TELUKJAMBE DUSUN 5
32150310050076;3215031;3215031005;031;005;0076;RT 001 RW 015 DUSUN BUMI TELUKJAMBE DUSUN 5
32150310050077;3215031;3215031005;031;005;0077;RT 002 RW 015 DUSUN BUMI TELUKJAMBE DUSUN 5
32150310050078;3215031;3215031005;031;005;0078;RT 003 RW 015 DUSUN BUMI TELUKJAMBE DUSUN 5
32150310050079;3215031;3215031005;031;005;0079;RT 001 RW 016 DUSUN BUMI TELUKJAMBE DUSUN 5
32150310050080;3215031;3215031005;031;005;0080;RT 002 RW 016 DUSUN BUMI TELUKJAMBE DUSUN 5
32150310050081;3215031;3215031005;031;005;0081;RT 003 RW 016 DUSUN BUMI TELUKJAMBE DUSUN 5
32150310050082;3215031;3215031005;031;005;0082;RT 004 RW 016 DUSUN BUMI TELUKJAMBE DUSUN 5
32150310050083;3215031;3215031005;031;005;0083;RT 005 RW 016 DUSUN BUMI TELUKJAMBE DUSUN 5
32150310050084;3215031;3215031005;031;005;0084;RT 006 RW 016 DUSUN BUMI TELUKJAMBE DUSUN 5
32150310050085;3215031;3215031005;031;005;0085;RT 001 RW 017 DUSUN BUMI TELUKJAMBE DUSUN 5
32150310050086;3215031;3215031005;031;005;0086;RT 002 RW 017 DUSUN BUMI TELUKJAMBE DUSUN 5
32150310050087;3215031;3215031005;031;005;0087;RT 003 RW 017 DUSUN BUMI TELUKJAMBE DUSUN 5
32150310050088;3215031;3215031005;031;005;0088;RT 001 RW 018 DUSUN BUMI TELUKJAMBE DUSUN 5
32150310050089;3215031;3215031005;031;005;0089;RT 002 RW 018 DUSUN BUMI TELUKJAMBE DUSUN 5
32150310050090;3215031;3215031005;031;005;0090;RT 003 RW 018 DUSUN BUMI TELUKJAMBE DUSUN 5
32150310050091;3215031;3215031005;031;005;0091;RT 001 RW 019 DUSUN BLOK L
32150310050092;3215031;3215031005;031;005;0092;RT 002 RW 019 DUSUN BLOK L
32150310050093;3215031;3215031005;031;005;0093;RT 003 RW 019 DUSUN BLOK L
32150310050094;3215031;3215031005;031;005;0094;RT 004 RW 019 DUSUN BLOK B
32150310050095;3215031;3215031005;031;005;0095;RT 004 RW 010 DUSUN BLOK B
32150310050096;3215031;3215031005;031;005;0096;RT 005 RW 019 DUSUN BLOK B
32150310050097;3215031;3215031005;031;005;0097;RT 001 RW 021 DUSUN BLOK B
32150310050098;3215031;3215031005;031;005;0098;RT 002 RW 021 DUSUN BLOK B
32150310050099;3215031;3215031005;031;005;0099;RT 003 RW 021 DUSUN BLOK B
32150310050100;3215031;3215031005;031;005;0100;RT 013 RW 004 DUSUN BLOK B
32150310050101;3215031;3215031005;031;005;0101;RT 014 RW 004 DUSUN BLOK B
32150310050102;3215031;3215031005;031;005;0102;RT 001 RW 020 DUSUN BLOK B
32150310050103;3215031;3215031005;031;005;0103;RT 002 RW 020 DUSUN BLOK B
32150310050104;3215031;3215031005;031;005;0104;RT 003 RW 020 DUSUN BLOK B
32150310050105;3215031;3215031005;031;005;0105;RT 004 RW 020 DUSUN BLOK B
32150310050106;3215031;3215031005;031;005;0106;RT 005 RW 020 DUSUN BLOK B
32150310050107;3215031;3215031005;031;005;0107;RT 006 RW 020 DUSUN V
32150310050108;3215031;3215031005;031;005;0108;RT 008 RW 011 DUSUN V
32150310050109;3215031;3215031005;031;005;0109;RT 004 RW 018 DUSUN V
32150310050110;3215031;3215031005;031;005;0110;RT 005 RW 018 DUSUN BLOK E
32150310054001;3215031;3215031005;031;005;4001;URBAN TOWN KARAWANG
32150310054002;3215031;3215031005;031;005;4002;GRAHAYANA
32150310054003;3215031;3215031005;031;005;4003;GRAHAYANA
32150310055004;3215031;3215031005;031;005;5004;KAWASAN INDUSTRI
32150310055005;3215031;3215031005;031;005;5005;SEDANA GOLF
32150310060001;3215031;3215031006;031;006;0001;RT 001 RW 001
32150310060002;3215031;3215031006;031;006;0002;RT 001 RW 002
32150310060003;3215031;3215031006;031;006;0003;RT 002 RW 002
32150310060004;3215031;3215031006;031;006;0004;RT 001 RW 003
32150310060005;3215031;3215031006;031;006;0005;RT 002 RW 003
32150310060006;3215031;3215031006;031;006;0006;RT 003 RW 003
32150310060007;3215031;3215031006;031;006;0007;RT 001 RW 004
32150310060008;3215031;3215031006;031;006;0008;RT 002 RW 004
32150310060009;3215031;3215031006;031;006;0009;RT 001 RW 005
32150310060010;3215031;3215031006;031;006;0010;RT 002 RW 005
32150310060011;3215031;3215031006;031;006;0011;RT 001 RW 006
32150310060012;3215031;3215031006;031;006;0012;RT 002 RW 006
32150310060013;3215031;3215031006;031;006;0013;RT 001 RW 007
32150310060014;3215031;3215031006;031;006;0014;RT 002 RW 007
32150310060015;3215031;3215031006;031;006;0015;RT 001 RW 008
32150310060016;3215031;3215031006;031;006;0016;RT 002 RW 008
32150310060017;3215031;3215031006;031;006;0017;RT 003 RW 008
32150310060018;3215031;3215031006;031;006;0018;RT 001 RW 009
32150310060019;3215031;3215031006;031;006;0019;RT 002 RW 009
32150310060020;3215031;3215031006;031;006;0020;RT 003 RW 009
32150310060021;3215031;3215031006;031;006;0021;RT 001 RW 010
32150310060022;3215031;3215031006;031;006;0022;RT 002 RW 010
32150310060023;3215031;3215031006;031;006;0023;RT 003 RW 010
32150310060024;3215031;3215031006;031;006;0024;RT 004 RW 010
32150310060025;3215031;3215031006;031;006;0025;RT 005 RW 010
32150310060026;3215031;3215031006;031;006;0026;RT 001 RW 011
32150310060027;3215031;3215031006;031;006;0027;RT 002 RW 011
32150310060028;3215031;3215031006;031;006;0028;RT 003 RW 011
32150310060029;3215031;3215031006;031;006;0029;RT 004 RW 011
32150310060030;3215031;3215031006;031;006;0030;RT 005 RW 011
32150310060031;3215031;3215031006;031;006;0031;RT 006 RW 011
32150310060032;3215031;3215031006;031;006;0032;RT 007 RW 011
32150310060033;3215031;3215031006;031;006;0033;RT 001 RW 012
32150310060034;3215031;3215031006;031;006;0034;RT 002 RW 012
32150310060035;3215031;3215031006;031;006;0035;RT 003 RW 012
32150310060036;3215031;3215031006;031;006;0036;RT 004 RW 012
32150310060037;3215031;3215031006;031;006;0037;RT 001 RW 013
32150310060038;3215031;3215031006;031;006;0038;RT 002 RW 013
32150310060039;3215031;3215031006;031;006;0039;RT 001 RW 015
32150310060040;3215031;3215031006;031;006;0040;RT 002 RW 015
32150310060041;3215031;3215031006;031;006;0041;RT 003 RW 015
32150310060042;3215031;3215031006;031;006;0042;RT 005 RW 015
32150310060043;3215031;3215031006;031;006;0043;RT 006 RW 015
32150310060044;3215031;3215031006;031;006;0044;RT 007 RW 015
32150310060045;3215031;3215031006;031;006;0045;RT 008 RW 015
32150310060046;3215031;3215031006;031;006;0046;RT 009 RW 015
32150310060047;3215031;3215031006;031;006;0047;RT 004 RW 015
32150310060048;3215031;3215031006;031;006;0048;RT 004 RW 003 PADI VILLAGE
32150310060049;3215031;3215031006;031;006;0049;RT 010 RW 015
32150310061001;3215031;3215031006;031;006;1001;SAWAH
32150310065001;3215031;3215031006;031;006;5001;FESTIVE WALK GRAMEDIA
32150310065002;3215031;3215031006;031;006;5002;KARAWANG CENTRAL PLAZA
32150310065003;3215031;3215031006;031;006;5003;RSUD, PASAR BERSIH
32150310070001;3215031;3215031007;031;007;0001;RT 001 RW 001
32150310070002;3215031;3215031007;031;007;0002;RT 002 RW 001
32150310070003;3215031;3215031007;031;007;0003;RT 003 RW 001
32150310070004;3215031;3215031007;031;007;0004;RT 001 RW 002
32150310070005;3215031;3215031007;031;007;0005;RT 002 RW 002
32150310070006;3215031;3215031007;031;007;0006;RT 003 RW 002
32150310070007;3215031;3215031007;031;007;0007;RT 001 RW 003
32150310070008;3215031;3215031007;031;007;0008;RT 002 RW 003
32150310070009;3215031;3215031007;031;007;0009;RT 003 RW 003
32150310070010;3215031;3215031007;031;007;0010;RT 004 RW 003
32150310070011;3215031;3215031007;031;007;0011;RT 001 RW 004
32150310070012;3215031;3215031007;031;007;0012;RT 002 RW 004
32150310070013;3215031;3215031007;031;007;0013;RT 003 RW 004
32150310070014;3215031;3215031007;031;007;0014;RT 004 RW 004
32150310070015;3215031;3215031007;031;007;0015;RT 001 RW 005
32150310070016;3215031;3215031007;031;007;0016;RT 002 RW 005
32150310070017;3215031;3215031007;031;007;0017;RT 001 RW 006
32150310070018;3215031;3215031007;031;007;0018;RT 002 RW 006
32150310070019;3215031;3215031007;031;007;0019;RT 003 RW 006
32150310070020;3215031;3215031007;031;007;0020;RT 001 RW 007
32150310070021;3215031;3215031007;031;007;0021;RT 002 RW 007
32150310070022;3215031;3215031007;031;007;0022;RT 003 RW 007
32150310070023;3215031;3215031007;031;007;0023;RT 001 RW 008
32150310070024;3215031;3215031007;031;007;0024;RT 002 RW 008
32150310070025;3215031;3215031007;031;007;0025;RT 003 RW 008
32150310070026;3215031;3215031007;031;007;0026;RT 004 RW 008
32150310070027;3215031;3215031007;031;007;0027;RT 005 RW 008
32150310070028;3215031;3215031007;031;007;0028;RT 006 RW 008
32150310070029;3215031;3215031007;031;007;0029;RT 007 RW 008
32150310070030;3215031;3215031007;031;007;0030;RT 008 RW 008
32150310070031;3215031;3215031007;031;007;0031;RT 009 RW 008
32150310070032;3215031;3215031007;031;007;0032;RT 001 RW 009
32150310070033;3215031;3215031007;031;007;0033;RT 002 RW 009
32150310070034;3215031;3215031007;031;007;0034;RT 003 RW 009
32150310070035;3215031;3215031007;031;007;0035;RT 004 RW 009
32150310070036;3215031;3215031007;031;007;0036;RT 005 RW 009
32150310070037;3215031;3215031007;031;007;0037;RT 006 RW 009
32150310070038;3215031;3215031007;031;007;0038;RT 007 RW 009
32150310070039;3215031;3215031007;031;007;0039;RT 008 RW 009
32150310070040;3215031;3215031007;031;007;0040;RT 009 RW 009
32150310070041;3215031;3215031007;031;007;0041;RT 010 RW 009
32150310070042;3215031;3215031007;031;007;0042;RT 001 RW 010
32150310070043;3215031;3215031007;031;007;0043;RT 002 RW 010
32150310070044;3215031;3215031007;031;007;0044;RT 003 RW 010
32150310070045;3215031;3215031007;031;007;0045;RT 004 RW 010
32150310070046;3215031;3215031007;031;007;0046;RT 005 RW 010
32150310070047;3215031;3215031007;031;007;0047;RT 006 RW 010
32150310070048;3215031;3215031007;031;007;0048;RT 001 RW 011
32150310070049;3215031;3215031007;031;007;0049;RT 002 RW 011
32150310070050;3215031;3215031007;031;007;0050;RT 003 RW 011
32150310070051;3215031;3215031007;031;007;0051;RT 004 RW 011
32150310070052;3215031;3215031007;031;007;0052;RT 005 RW 011
32150310070053;3215031;3215031007;031;007;0053;RT 001 RW 012
32150310070054;3215031;3215031007;031;007;0054;RT 002 RW 012
32150310070055;3215031;3215031007;031;007;0055;RT 003 RW 012
32150310070056;3215031;3215031007;031;007;0056;RT 004 RW 012
32150310071004;3215031;3215031007;031;007;1004;SAWAH
32150310072002;3215031;3215031007;031;007;2002;LAPANGAN GOLF SEDANA
32150310075001;3215031;3215031007;031;007;5001;KAWASAN INDUSTRI
32150310075003;3215031;3215031007;031;007;5003;SEDANA GOLF
32150310080001;3215031;3215031008;031;008;0001;RT 001 RW 001 DUSUN I
32150310080002;3215031;3215031008;031;008;0002;RT 002 RW 001 DUSUN I
32150310080003;3215031;3215031008;031;008;0003;RT 003 RW 002 DUSUN I
32150310080004;3215031;3215031008;031;008;0004;RT 004 RW 002 DUSUN I
32150310080005;3215031;3215031008;031;008;0005;RT 005 RW 003 DUSUN II
32150310080006;3215031;3215031008;031;008;0006;RT 006 RW 003 DUSUN II
32150310080007;3215031;3215031008;031;008;0007;RT 007 RW 004 DUSUN II
32150310080008;3215031;3215031008;031;008;0008;RT 008 RW 005 DUSUN III
32150310080009;3215031;3215031008;031;008;0009;RT 009 RW 005 DUSUN III
32150310080010;3215031;3215031008;031;008;0010;RT 010 RW 006 DUSUN III
32150310080011;3215031;3215031008;031;008;0011;RT 011 RW 006 DUSUN III
32150310080012;3215031;3215031008;031;008;0012;RT 012 RW 007 DUSUN III
32150310080013;3215031;3215031008;031;008;0013;RT 013 RW 007 DUSUN III
32150310080014;3215031;3215031008;031;008;0014;RT 014 RW 008 DUSUN II
32150310080015;3215031;3215031008;031;008;0015;RT 015 RW 008 DUSUN II
32150310080016;3215031;3215031008;031;008;0016;RT 016 RW 009 DUSUN II
32150310081001;3215031;3215031008;031;008;1001;SAWAH
32150310090001;3215031;3215031009;031;009;0001;RT 001 RW 001 DUSUN I
32150310090002;3215031;3215031009;031;009;0002;RT 002 RW 001 DUSUN I
32150310090003;3215031;3215031009;031;009;0003;RT 003 RW 002 DUSUN I
32150310090004;3215031;3215031009;031;009;0004;RT 004 RW 002 DUSUN I
32150310090005;3215031;3215031009;031;009;0005;RT 005 RW 003 DUSUN II
32150310090006;3215031;3215031009;031;009;0006;RT 006 RW 003 DUSUN II
32150310090007;3215031;3215031009;031;009;0007;RT 007 RW 004 DUSUN II
32150310090008;3215031;3215031009;031;009;0008;RT 008 RW 004 DUSUN II
32150310090009;3215031;3215031009;031;009;0009;RT 009 RW 005 DUSUN II
32150310090010;3215031;3215031009;031;009;0010;RT 010 RW 005 DUSUN II
32150310090011;3215031;3215031009;031;009;0011;RT 011 RW 006 DUSUN III
32150310090012;3215031;3215031009;031;009;0012;RT 012 RW 006 DUSUN III
32150310090013;3215031;3215031009;031;009;0013;RT 013 RW 007 DUSUN III
32150310090014;3215031;3215031009;031;009;0014;RT 014 RW 007 DUSUN III
32150310090015;3215031;3215031009;031;009;0015;RT 015 RW 008 DUSUN IV
32150310090016;3215031;3215031009;031;009;0016;RT 016 RW 008 DUSUN IV
32150310090017;3215031;3215031009;031;009;0017;RT 017 RW 008 DUSUN IV
32150310090018;3215031;3215031009;031;009;0018;RT 001 RW 009 DUSUN IV
32150310090019;3215031;3215031009;031;009;0019;RT 002 RW 009 DUSUN IV
32150310090020;3215031;3215031009;031;009;0020;RT 003 RW 009 DUSUN IV
32150310090021;3215031;3215031009;031;009;0021;RT 004 RW 009 DUSUN IV
32150310090022;3215031;3215031009;031;009;0022;RT 005 RW 009 DUSUN IV
32150310090023;3215031;3215031009;031;009;0023;RT 006 RW 009 DUSUN IV
32150310090024;3215031;3215031009;031;009;0024;RT 007 RW 009 DUSUN IV
32150310090025;3215031;3215031009;031;009;0025;RT 001 RW 010 DUSUN IV
32150310090026;3215031;3215031009;031;009;0026;RT 002 RW 010 DUSUN IV
32150310090027;3215031;3215031009;031;009;0027;RT 003 RW 010 DUSUN IV
32150310090028;3215031;3215031009;031;009;0028;RT 004 RW 010 DUSUN IV
32150310090029;3215031;3215031009;031;009;0029;RT 001 RW 011 DUSUN II
32150310090030;3215031;3215031009;031;009;0030;RT 018 RW 003 DUSUN II
32150310091001;3215031;3215031009;031;009;1001;WILAYAH BERVEGETASI PERTANIAN
32150320010001;3215032;3215032001;032;001;0001;RT 001 RW 001 DUSUN KALIGANDU
32150320010002;3215032;3215032001;032;001;0002;RT 002 RW 001 DUSUN KALIGANDU
32150320010003;3215032;3215032001;032;001;0003;RT 003 RW 002 DUSUN PASIRCONGCOT
32150320010004;3215032;3215032001;032;001;0004;RT 004 RW 002 DUSUN PASIRCONGCOT
32150320010005;3215032;3215032001;032;001;0005;RT 005 RW 003 DUSUN KARADAK
32150320010006;3215032;3215032001;032;001;0006;RT 006 RW 003 DUSUN KARADAK
32150320010008;3215032;3215032001;032;001;0008;RT 008 RW 004 DUSUN CIBUNTU
32150320010009;3215032;3215032001;032;001;0009;RT 009 RW 004 DUSUN CIBUNTU
32150320010010;3215032;3215032001;032;001;0010;RT 010 RW 004 DUSUN CISADANG
32150320015001;3215032;3215032001;032;001;5001;KAWASAN INDUSTRI ARTHA
32150320020001;3215032;3215032002;032;002;0001;RT 001 RW 001 DUSUN 001
32150320020002;3215032;3215032002;032;002;0002;RT 002 RW 001 DUSUN 001
32150320020003;3215032;3215032002;032;002;0003;RT 003 RW 001 DUSUN 001
32150320020004;3215032;3215032002;032;002;0004;RT 004 RW 002 DUSUN 001
32150320020005;3215032;3215032002;032;002;0005;RT 005 RW 002 DUSUN 001
32150320020006;3215032;3215032002;032;002;0006;RT 006 RW 002 DUSUN 001
32150320020007;3215032;3215032002;032;002;0007;RT 007 RW 003 DUSUN 001
32150320020008;3215032;3215032002;032;002;0008;RT 008 RW 003 DUSUN 001
32150320020009;3215032;3215032002;032;002;0009;RT 009 RW 004 DUSUN 002
32150320020010;3215032;3215032002;032;002;0010;RT 010 RW 004 DUSUN 002
32150320020011;3215032;3215032002;032;002;0011;RT 011 RW 004 DUSUN 002
32150320020012;3215032;3215032002;032;002;0012;RT 012 RW 005 DUSUN 002
32150320020013;3215032;3215032002;032;002;0013;RT 013 RW 005 DUSUN 002
32150320020014;3215032;3215032002;032;002;0014;RT 014 RW 005 DUSUN 002
32150320030001;3215032;3215032003;032;003;0001;RT 001 RW 001 DUSUN 01
32150320030002;3215032;3215032003;032;003;0002;RT 002 RW 001 DUSUN 01
32150320030003;3215032;3215032003;032;003;0003;RT 003 RW 002 DUSUN 01
32150320030004;3215032;3215032003;032;003;0004;RT 004 RW 002 DUSUN 01
32150320030005;3215032;3215032003;032;003;0005;RT 005 RW 003 DUSUN 02
32150320030006;3215032;3215032003;032;003;0006;RT 006 RW 003 DUSUN 02
32150320030007;3215032;3215032003;032;003;0007;RT 007 RW 004 DUSUN 02
32150320030008;3215032;3215032003;032;003;0008;RT 008 RW 004 DUSUN 02
32150320030009;3215032;3215032003;032;003;0009;RT 009 RW 004 DUSUN 02
32150320040001;3215032;3215032004;032;004;0001;RT 001 RW 001 DUSUN JATI
32150320040002;3215032;3215032004;032;004;0002;RT 002 RW 002 DUSUN JATI
32150320040003;3215032;3215032004;032;004;0003;RT 003 RW 002 DUSUN JATI
32150320040004;3215032;3215032004;032;004;0004;RT 004 RW 003 DUSUN KALIJATI
32150320040005;3215032;3215032004;032;004;0005;RT 005 RW 003 DUSUN KALIJATI
32150320040006;3215032;3215032004;032;004;0006;RT 006 RW 004 DUSUN KALIJATI
32150320040007;3215032;3215032004;032;004;0007;RT 007 RW 004 DUSUN KALIJATI
32150320040008;3215032;3215032004;032;004;0008;RT 008 RW 005 DUSUN CIBOGO
32150320040009;3215032;3215032004;032;004;0009;RT 009 RW 005 DUSUN CIBOGO
32150320040010;3215032;3215032004;032;004;0010;RT 010 RW 006 DUSUN CIBOGO
32150320040011;3215032;3215032004;032;004;0011;RT 011 RW 006 DUSUN CIBOGO
32150320040012;3215032;3215032004;032;004;0012;RT 012 RW 007 DUSUN KIARAJAYA
32150320040013;3215032;3215032004;032;004;0013;RT 013 RW 007 DUSUN KIARAJAYA
32150320050001;3215032;3215032005;032;005;0001;RT 001 RW 001 DUSUN BADAMI
32150320050002;3215032;3215032005;032;005;0002;RT 002 RW 001 DUSUN BADAMI
32150320050003;3215032;3215032005;032;005;0003;RT 003 RW 001 DUSUN BADAMI
32150320050004;3215032;3215032005;032;005;0004;RT 004 RW 002 DUSUN BADAMI
32150320050005;3215032;3215032005;032;005;0005;RT 005 RW 002 DUSUN BADAMI
32150320050006;3215032;3215032005;032;005;0006;RT 006 RW 002 DUSUN BADAMI
32150320050007;3215032;3215032005;032;005;0007;RT 007 RW 002 DUSUN BADAMI
32150320050008;3215032;3215032005;032;005;0008;RT 008 RW 003 DUSUN CISALAK
32150320050009;3215032;3215032005;032;005;0009;RT 009 RW 003 DUSUN CISALAK
32150320050010;3215032;3215032005;032;005;0010;RT 010 RW 004 DUSUN CISALAK
32150320050011;3215032;3215032005;032;005;0011;RT 011 RW 004 DUSUN CISALAK
32150320050012;3215032;3215032005;032;005;0012;RT 012 RW 005 DUSUN CISALAK
32150320050013;3215032;3215032005;032;005;0013;RT 013 RW 005 DUSUN CISALAK
32150320050014;3215032;3215032005;032;005;0014;RT 014 RW 005 DUSUN CISALAK
32150320051001;3215032;3215032005;032;005;1001;SAWAH
32150320060001;3215032;3215032006;032;006;0001;RT 001 RW 001 DUSUN PANGASINAN
32150320060002;3215032;3215032006;032;006;0002;RT 002 RW 001 DUSUN PANGASINAN
32150320060003;3215032;3215032006;032;006;0003;RT 003 RW 001 DUSUN PANGASINAN
32150320060004;3215032;3215032006;032;006;0004;RT 004 RW 001 DUSUN PANGASINAN
32150320060005;3215032;3215032006;032;006;0005;RT 005 RW 002 DUSUN KAMPEK
32150320060006;3215032;3215032006;032;006;0006;RT 006 RW 002 DUSUN KAMPEK
32150320060007;3215032;3215032006;032;006;0007;RT 007 RW 002 DUSUN KAMPEK
32150320060008;3215032;3215032006;032;006;0008;RT 008 RW 003 DUSUN CIBEUREUM
32150320060009;3215032;3215032006;032;006;0009;RT 009 RW 003 DUSUN CIBEUREUM
32150320060010;3215032;3215032006;032;006;0010;RT 010 RW 003 DUSUN CIBEUREUM
32150320060011;3215032;3215032006;032;006;0011;RT 011 RW 004 DUSUN JATIKARYA
32150320060012;3215032;3215032006;032;006;0012;RT 012 RW 004 DUSUN JATIKARYA
32150320060013;3215032;3215032006;032;006;0013;RT 013 RW 004 DUSUN JATIKARYA
32150320060014;3215032;3215032006;032;006;0014;RT 014 RW 005 DUSUN JATIKARYA
32150320060015;3215032;3215032006;032;006;0015;RT 015 RW 005 DUSUN JATIKARYA
32150320061001;3215032;3215032006;032;006;1001;SAWAH
32150320070001;3215032;3215032007;032;007;0001;RT 001 RW 001 DUSUN CALUNG
32150320070002;3215032;3215032007;032;007;0002;RT 002 RW 001 DUSUN CALUNG
32150320070003;3215032;3215032007;032;007;0003;RT 003 RW 001 DUSUN CALUNG
32150320070004;3215032;3215032007;032;007;0004;RT 004 RW 001 DUSUN CALUNG
32150320070005;3215032;3215032007;032;007;0005;RT 005 RW 002 DUSUN PLAWAD
32150320070006;3215032;3215032007;032;007;0006;RT 006 RW 002 DUSUN PLAWAD
32150320070007;3215032;3215032007;032;007;0007;RT 007 RW 003 DUSUN PASIR JENGKOL
32150320070008;3215032;3215032007;032;007;0008;RT 008 RW 003 DUSUN PASIR JENGKOL
32150320070009;3215032;3215032007;032;007;0009;RT 009 RW 004 DUSUN DAWOLONG
32150320070010;3215032;3215032007;032;007;0010;RT 010 RW 005 DUSUN KOBAK BIRU
32150320070011;3215032;3215032007;032;007;0011;RT 011 RW 005 DUSUN KOBAK BIRU
32150320070012;3215032;3215032007;032;007;0012;RT 012 RW 005 DUSUN PASIR CABE
32150320071002;3215032;3215032007;032;007;1002;SAWAH
32150320080001;3215032;3215032008;032;008;0001;RT 001 RW 001 DUSUN BOJONG
32150320080002;3215032;3215032008;032;008;0002;RT 002 RW 001 DUSUN RANCA SEPAT
32150320080003;3215032;3215032008;032;008;0003;RT 003 RW 002 DUSUN RANCA SEPAT
32150320080004;3215032;3215032008;032;008;0004;RT 004 RW 002 DUSUN RANCA SEPAT
32150320080005;3215032;3215032008;032;008;0005;RT 005 RW 003 DUSUN RANCA GUHA
32150320080006;3215032;3215032008;032;008;0006;RT 006 RW 003 DUSUN RANCA JULANG
32150320080007;3215032;3215032008;032;008;0007;RT 007 RW 003 DUSUN RANCA JULANG
32150320080008;3215032;3215032008;032;008;0008;RT 008 RW 004 DUSUN CITOKE
32150320080009;3215032;3215032008;032;008;0009;RT 009 RW 004 DUSUN CITOKE
32150320090001;3215032;3215032009;032;009;0001;RT 001 RW 001 DUSUN I
32150320090002;3215032;3215032009;032;009;0002;RT 002 RW 001 DUSUN I
32150320090003;3215032;3215032009;032;009;0003;RT 003 RW 002 DUSUN I
32150320090004;3215032;3215032009;032;009;0004;RT 004 RW 002 DUSUN I
32150320090005;3215032;3215032009;032;009;0005;RT 005 RW 003 DUSUN II
32150320090006;3215032;3215032009;032;009;0006;RT 006 RW 003 DUSUN II
32150320090007;3215032;3215032009;032;009;0007;RT 007 RW 004 DUSUN II
32150320090008;3215032;3215032009;032;009;0008;RT 008 RW 004 DUSUN II
32150320100001;3215032;3215032010;032;010;0001;RT 001 RW 001 DUSUN 1
32150320100002;3215032;3215032010;032;010;0002;RT 002 RW 001 DUSUN 1
32150320100003;3215032;3215032010;032;010;0003;RT 003 RW 001 DUSUN 1
32150320100004;3215032;3215032010;032;010;0004;RT 004 RW 001 DUSUN 1
32150320100005;3215032;3215032010;032;010;0005;RT 005 RW 002 DUSUN 2
32150320100006;3215032;3215032010;032;010;0006;RT 006 RW 002 DUSUN 2
32150320100007;3215032;3215032010;032;010;0007;RT 007 RW 002 DUSUN 2
32150320100008;3215032;3215032010;032;010;0008;RT 008 RW 002 DUSUN 2
32150320100009;3215032;3215032010;032;010;0009;RT 009 RW 002 DUSUN 2
32150320101001;3215032;3215032010;032;010;1001;SAWAH
32150400010001;3215040;3215040001;040;001;0001;RT 001 RW 001 DUSUN PASIRWARU
32150400010002;3215040;3215040001;040;001;0002;RT 002 RW 001 DUSUN PASIRWARU
32150400010003;3215040;3215040001;040;001;0003;RT 003 RW 001 DUSUN PASIRWARU
32150400010004;3215040;3215040001;040;001;0004;RT 004 RW 001 DUSUN PASIRWARU
32150400010005;3215040;3215040001;040;001;0005;RT 005 RW 001 DUSUN PASIRWARU
32150400010006;3215040;3215040001;040;001;0006;RT 006 RW 001 DUSUN PASIRWARU
32150400010007;3215040;3215040001;040;001;0007;RT 007 RW 002 DUSUN CARIU
32150400010008;3215040;3215040001;040;001;0008;RT 008 RW 002 DUSUN CARIU
32150400010009;3215040;3215040001;040;001;0009;RT 009 RW 002 DUSUN CARIU
32150400010010;3215040;3215040001;040;001;0010;RT 010 RW 002 DUSUN CARIU
32150400010011;3215040;3215040001;040;001;0011;RT 011 RW 002 DUSUN CARIU
32150400010012;3215040;3215040001;040;001;0012;RT 012 RW 003 DUSUN KARANGANYAR
32150400010013;3215040;3215040001;040;001;0013;RT 013 RW 003 DUSUN KARANGANYAR
32150400010014;3215040;3215040001;040;001;0014;RT 014 RW 003 DUSUN KARANGANYAR
32150400010015;3215040;3215040001;040;001;0015;RT 015 RW 003 DUSUN KARANGANYAR
32150400010016;3215040;3215040001;040;001;0016;RT 016 RW 003 DUSUN KARANGANYAR
32150400010017;3215040;3215040001;040;001;0017;RT 017 RW 004 DUSUN CIWIRU
32150400010018;3215040;3215040001;040;001;0018;RT 018 RW 004 DUSUN CIWIRU
32150400010019;3215040;3215040001;040;001;0019;RT 019 RW 005 DUSUN SUKAGALIH
32150400010020;3215040;3215040001;040;001;0020;RT 020 RW 005 DUSUN SUKAGALIH
32150400010021;3215040;3215040001;040;001;0021;RT 021 RW 005 DUSUN SUKAGALIH
32150400010022;3215040;3215040001;040;001;0022;RT 022 RW 005 DUSUN SUKAGALIH
32150400010023;3215040;3215040001;040;001;0023;RT 023 RW 005 DUSUN SUKAGALIH
32150400010024;3215040;3215040001;040;001;0024;RT 024 RW 006 DUSUN PARUNGKADALI
32150400010025;3215040;3215040001;040;001;0025;RT 025 RW 006 DUSUN PARUNGKADALI
32150400010026;3215040;3215040001;040;001;0026;RT 026 RW 006 DUSUN PARUNGKADALI
32150400010027;3215040;3215040001;040;001;0027;RT 027 RW 006 DUSUN PARUNGDADALI
32150400010028;3215040;3215040001;040;001;0028;RT 028 RW 006 DUSUN PARUNGDADALI
32150400010029;3215040;3215040001;040;001;0029;RT 029 RW 007 DUSUN KARANGANYAR
32150400010030;3215040;3215040001;040;001;0030;RT 030 RW 007 DUSUN KARANGANYAR
32150400010031;3215040;3215040001;040;001;0031;RT 031 RW 007 DUSUN KARANGANYAR
32150400010032;3215040;3215040001;040;001;0032;RT 032 RW 007 DUSUN KARANGANYAR
32150400010033;3215040;3215040001;040;001;0033;RT 033 RW 007 DUSUN KARANGANYAR
32150400011001;3215040;3215040001;040;001;1001;TEGAL
32150400020001;3215040;3215040002;040;002;0001;RT 001 RW 001 DUSUN CILENTAH
32150400020002;3215040;3215040002;040;002;0002;RT 002 RW 001 DUSUN CILENTAH
32150400020003;3215040;3215040002;040;002;0003;RT 003 RW 001 DUSUN CILENTAH
32150400020004;3215040;3215040002;040;002;0004;RT 004 RW 001 DUSUN CILENTAH
32150400020005;3215040;3215040002;040;002;0005;RT 005 RW 001 DUSUN CILENTAH
32150400020006;3215040;3215040002;040;002;0006;RT 006 RW 001 DUSUN CILENTAH
32150400020007;3215040;3215040002;040;002;0007;RT 007 RW 001 DUSUN CILENTAH
32150400020008;3215040;3215040002;040;002;0008;RT 008 RW 001 DUSUN CILENTAH
32150400020009;3215040;3215040002;040;002;0009;RT 009 RW 002 DUSUN KRAJAN I
32150400020010;3215040;3215040002;040;002;0010;RT 010 RW 002 DUSUN KRAJAN I
32150400020011;3215040;3215040002;040;002;0011;RT 011 RW 002 DUSUN KRAJAN I
32150400020012;3215040;3215040002;040;002;0012;RT 012 RW 002 DUSUN KRAJAN I
32150400020013;3215040;3215040002;040;002;0013;RT 013 RW 002 DUSUN KRAJAN I
32150400020014;3215040;3215040002;040;002;0014;RT 014 RW 002 DUSUN KRAJAN I
32150400020015;3215040;3215040002;040;002;0015;RT 015 RW 003 DUSUN KRAJAN II
32150400020016;3215040;3215040002;040;002;0016;RT 016 RW 003 DUSUN KRAJAN II
32150400020017;3215040;3215040002;040;002;0017;RT 017 RW 003 DUSUN KRAJAN II
32150400020018;3215040;3215040002;040;002;0018;RT 018 RW 003 DUSUN KRAJAN II
32150400020019;3215040;3215040002;040;002;0019;RT 019 RW 003 DUSUN KRAJAN II
32150400020020;3215040;3215040002;040;002;0020;RT 020 RW 003 DUSUN KRAJAN II
32150400020021;3215040;3215040002;040;002;0021;RT 021 RW 003 DUSUN KRAJAN II
32150400020022;3215040;3215040002;040;002;0022;RT 022 RW 004 DUSUN JLN BEDENG
32150400020023;3215040;3215040002;040;002;0023;RT 023 RW 004 DUSUN JLN BEDENG
32150400020024;3215040;3215040002;040;002;0024;RT 024 RW 004 DUSUN JLN BEDENG
32150400020025;3215040;3215040002;040;002;0025;RT 025 RW 004 DUSUN JLN BEDENG
32150400020026;3215040;3215040002;040;002;0026;RT 026 RW 005 DUSUN MUNJUL KALER
32150400020027;3215040;3215040002;040;002;0027;RT 027 RW 005 DUSUN MUNJUL KALER
32150400020028;3215040;3215040002;040;002;0028;RT 028 RW 005 DUSUN MUNJUL KALER
32150400020029;3215040;3215040002;040;002;0029;RT 029 RW 005 DUSUN MUNJUL KALER
32150400020030;3215040;3215040002;040;002;0030;RT 030 RW 005 DUSUN MUNJUL KALER
32150400020031;3215040;3215040002;040;002;0031;RT 031 RW 006 DUSUN MUNJUL KIDUL
32150400020032;3215040;3215040002;040;002;0032;RT 032 RW 006 DUSUN MUNJUL KIDUL
32150400020033;3215040;3215040002;040;002;0033;RT 033 RW 006 DUSUN MUNJUL KIDUL
32150400020034;3215040;3215040002;040;002;0034;RT 034 RW 006 DUSUN MUNJUL KIDUL
32150400020035;3215040;3215040002;040;002;0035;RT 035 RW 006 DUSUN MUNJUL KIDUL
32150400020036;3215040;3215040002;040;002;0036;RT 036 RW 006 DUSUN MUNJUL KIDUL
32150400020037;3215040;3215040002;040;002;0037;RT 037 RW 006 DUSUN MUNJUL KIDUL
32150400020038;3215040;3215040002;040;002;0038;RT 038 RW 007 DUSUN POJ
32150400020039;3215040;3215040002;040;002;0039;RT 039 RW 007 DUSUN POJ
32150400020040;3215040;3215040002;040;002;0040;RT 040 RW 008 DUSUN PARUNG KADALI
32150400020041;3215040;3215040002;040;002;0041;RT 041 RW 008 DUSUN PARUNG KADALI
32150400020042;3215040;3215040002;040;002;0042;RT 042 RW 008 DUSUN PARUNG KADALI
32150400020043;3215040;3215040002;040;002;0043;RT 043 RW 008 DUSUN PARUNG KADALI
32150400021001;3215040;3215040002;040;002;1001;SAWAH
32150400022002;3215040;3215040002;040;002;2002;RAWA
32150400030001;3215040;3215040003;040;003;0001;RT 001 RW 001 DUSUN KRAJAN
32150400030002;3215040;3215040003;040;003;0002;RT 002 RW 001 DUSUN KRAJAN
32150400030003;3215040;3215040003;040;003;0003;RT 003 RW 001 DUSUN KRAJAN
32150400030004;3215040;3215040003;040;003;0004;RT 004 RW 001 DUSUN KRAJAN
32150400030005;3215040;3215040003;040;003;0005;RT 001 RW 002 DUSUN KOMPA
32150400030006;3215040;3215040003;040;003;0006;RT 002 RW 002 DUSUN KOMPA
32150400030007;3215040;3215040003;040;003;0007;RT 003 RW 002 DUSUN KOMPA
32150400030008;3215040;3215040003;040;003;0008;RT 001 RW 003 DUSUN LIO
32150400030009;3215040;3215040003;040;003;0009;RT 002 RW 003 DUSUN LIO
32150400030010;3215040;3215040003;040;003;0010;RT 003 RW 003 DUSUN LIO
32150400030011;3215040;3215040003;040;003;0011;RT 004 RW 003 DUSUN LIO
32150400030012;3215040;3215040003;040;003;0012;RT 001 RW 004 DUSUN CARINGIN
32150400030013;3215040;3215040003;040;003;0013;RT 002 RW 004 DUSUN CARINGIN
32150400030014;3215040;3215040003;040;003;0014;RT 003 RW 004 DUSUN CARINGIN
32150400030015;3215040;3215040003;040;003;0015;RT 004 RW 004 DUSUN CARINGIN
32150400030016;3215040;3215040003;040;003;0016;RT 001 RW 005 DUSUN KEBON KACANG
32150400030017;3215040;3215040003;040;003;0017;RT 002 RW 005 DUSUN KEBON KACANG
32150400030018;3215040;3215040003;040;003;0018;RT 004 RW 005 DUSUN MULYA ASIH
32150400030019;3215040;3215040003;040;003;0019;RT 003 RW 005 DUSUN SUMUR SELANG
32150400031001;3215040;3215040003;040;003;1001;SAWAH
32150400031002;3215040;3215040003;040;003;1002;SAWAH
32150400031003;3215040;3215040003;040;003;1003;SAWAH
32150400040001;3215040;3215040004;040;004;0001;RT 001 RW 001 DUSUN KRAJAN
32150400040002;3215040;3215040004;040;004;0002;RT 002 RW 001 DUSUN KRAJAN
32150400040003;3215040;3215040004;040;004;0003;RT 003 RW 001 DUSUN KRAJAN
32150400040004;3215040;3215040004;040;004;0004;RT 004 RW 001 DUSUN KRAJAN
32150400040005;3215040;3215040004;040;004;0005;RT 005 RW 002 DUSUN BABAKAN I
32150400040006;3215040;3215040004;040;004;0006;RT 006 RW 002 DUSUN BABAKAN I
32150400040007;3215040;3215040004;040;004;0007;RT 007 RW 002 DUSUN BABAKAN I
32150400040008;3215040;3215040004;040;004;0008;RT 008 RW 003 DUSUN BABAKAN II
32150400040009;3215040;3215040004;040;004;0009;RT 009 RW 003 DUSUN BABAKAN II
32150400040010;3215040;3215040004;040;004;0010;RT 010 RW 004 DUSUN SERANG
32150400040011;3215040;3215040004;040;004;0011;RT 011 RW 004 DUSUN SERANG
32150400040012;3215040;3215040004;040;004;0012;RT 012 RW 004 DUSUN SERANG
32150400040013;3215040;3215040004;040;004;0013;RT 013 RW 005 DUSUN KARANGJATI
32150400040014;3215040;3215040004;040;004;0014;RT 014 RW 005 DUSUN KARANGJATI
32150400040015;3215040;3215040004;040;004;0015;RT 015 RW 005 DUSUN KARANGJATI
32150400041001;3215040;3215040004;040;004;1001;PERSAWAHAN
32150400050001;3215040;3215040005;040;005;0001;RT 001 RW 001 DUSUN WALAHAR I
32150400050002;3215040;3215040005;040;005;0002;RT 002 RW 001 DUSUN WALAHAR I
32150400050003;3215040;3215040005;040;005;0003;RT 003 RW 001 DUSUN WALAHAR I
32150400050004;3215040;3215040005;040;005;0004;RT 004 RW 002 DUSUN WALAHAR II
32150400050005;3215040;3215040005;040;005;0005;RT 005 RW 001 DUSUN WALAHAR I
32150400050006;3215040;3215040005;040;005;0006;RT 006 RW 002 DUSUN WALAHAR II
32150400050007;3215040;3215040005;040;005;0007;RT 007 RW 002 DUSUN WALAHAR II
32150400050008;3215040;3215040005;040;005;0008;RT 008 RW 002 DUSUN WALAHAR II
32150400050009;3215040;3215040005;040;005;0009;RT 009 RW 003 DUSUN MANGGABESAR I
32150400050010;3215040;3215040005;040;005;0010;RT 010 RW 003 DUSUN MANGGABESAR I
32150400050011;3215040;3215040005;040;005;0011;RT 011 RW 003 DUSUN MANGGABESAR I
32150400050012;3215040;3215040005;040;005;0012;RT 012 RW 003 DUSUN MANGGABESAR I
32150400050013;3215040;3215040005;040;005;0013;RT 013 RW 004 DUSUN MANGGABESAR II
32150400050014;3215040;3215040005;040;005;0014;RT 014 RW 004 DUSUN MANGGABESAR II
32150400050015;3215040;3215040005;040;005;0015;RT 015 RW 004 DUSUN MANGGABESAR II
32150400050016;3215040;3215040005;040;005;0016;RT 016 RW 004 DUSUN MANGGABESAR II
32150400050017;3215040;3215040005;040;005;0017;RT 017 RW 002 DUSUN WALAHAR II
32150400050018;3215040;3215040005;040;005;0018;RT 018 RW 004 DUSUN MANGGABESAR II
32150400060001;3215040;3215040006;040;006;0001;RT 001 RW 001 DUSUN KRAJAN
32150400060002;3215040;3215040006;040;006;0002;RT 002 RW 001 DUSUN KRAJAN
32150400060003;3215040;3215040006;040;006;0003;RT 003 RW 001 KRAJAN
32150400060004;3215040;3215040006;040;006;0004;RT 004 RW 002 DUSUN RAWAWUNGU
32150400060005;3215040;3215040006;040;006;0005;RT 005 RW 002 DUSUN RAWAWUNGU
32150400060006;3215040;3215040006;040;006;0006;RT 006 RW 002 DUSUN RAWAWUNGU
32150400060007;3215040;3215040006;040;006;0007;RT 010 RW 004 DUSUN BABAKAN
32150400060008;3215040;3215040006;040;006;0008;RT 011 RW 005 DUSUN PASIRPOGOR
32150400060009;3215040;3215040006;040;006;0009;RT 012 RW 005 DUDUN PASIRPOGOR
32150400060010;3215040;3215040006;040;006;0010;RT 013 RW 005 DUSUN PASIRPOGOR
32150400065001;3215040;3215040006;040;006;5001;KAWASAN INDUSTRI
32150400065002;3215040;3215040006;040;006;5002;KAWASAN INDUSTRI
32150400070001;3215040;3215040007;040;007;0001;RT 001 RW 002 DUSUN KRAJAN 2
32150400070002;3215040;3215040007;040;007;0002;RT 002 RW 002 DUSUN KRAJAN 2
32150400070003;3215040;3215040007;040;007;0003;RT 003 RW 002 DUSUN KRAJAN 2
32150400070004;3215040;3215040007;040;007;0004;RT 004 RW 001 DUSUN KRAJAN 1
32150400070005;3215040;3215040007;040;007;0005;RT 005 RW 001 DUSUN KRAJAN 1
32150400070006;3215040;3215040007;040;007;0006;RT 006 RW 001 DUSUN KRAJAN 1
32150400070007;3215040;3215040007;040;007;0007;RT 007 RW 001 DUSUN KRAJAN 1
32150400070008;3215040;3215040007;040;007;0008;RT 008 RW 003 DUSUN GT KEBON
32150400070009;3215040;3215040007;040;007;0009;RT 009 RW 003 DUSUN GT KEBON
32150400070010;3215040;3215040007;040;007;0010;RT 010 RW 003 DUSUN GT KEBON
32150400070011;3215040;3215040007;040;007;0011;RT 011 RW 003 DUSUN GT KEBON
32150400070012;3215040;3215040007;040;007;0012;RT 012 RW 003 DUSUN GT KEBON
32150400070013;3215040;3215040007;040;007;0013;RT 013 RW 003 DUSUN GT KEBON
32150400070014;3215040;3215040007;040;007;0014;RT 014 RW 004 DUSUN GT KOLOT
32150400070015;3215040;3215040007;040;007;0015;RT 015 RW 004 DUSUN GT KOLOT
32150400070016;3215040;3215040007;040;007;0016;RT 016 RW 004 DUSUN GT KOLOT
32150400070017;3215040;3215040007;040;007;0017;RT 017 RW 004 DUSUN GT KOLOT
32150400070018;3215040;3215040007;040;007;0018;RT 018 RW 005 DUSUN GT TENGAH
32150400070019;3215040;3215040007;040;007;0019;RT 019 RW 005 DUSUN GT TENGAH
32150400070020;3215040;3215040007;040;007;0020;RT 020 RW 005 DUSUN GT TENGAH
32150400070021;3215040;3215040007;040;007;0021;RT 021 RW 005 DUSUN GT TENGAH
32150400070022;3215040;3215040007;040;007;0022;RT 022 RW 006 DUSUN GT SALAM
32150400070023;3215040;3215040007;040;007;0023;RT 023 RW 006 DUSUN GT SALAM
32150400070024;3215040;3215040007;040;007;0024;RT 024 RW 006 DUSUN GT SALAM
32150400070025;3215040;3215040007;040;007;0025;RT 025 RW 006 DUSUN GT SALAM
32150400070026;3215040;3215040007;040;007;0026;RT 026 RW 007 DUSUN KLAPA NUNGGAL
32150400070027;3215040;3215040007;040;007;0027;RT 027 RW 007 DUSUN KLAPA NUNGGAL
32150400070028;3215040;3215040007;040;007;0028;RT 028 RW 016 PERUM KARAWANG JAYA
32150400070029;3215040;3215040007;040;007;0029;RT 029 RW 008 DUSUN CIBALADO
32150400070030;3215040;3215040007;040;007;0030;RT 030 RW 008 DUSUN CIBALADO
32150400070031;3215040;3215040007;040;007;0031;RT 031 RW 016 PERUM KARAWANG JAYA
32150400070032;3215040;3215040007;040;007;0032;RT 032 RW 008 DUSUN CIBALADO
32150400070033;3215040;3215040007;040;007;0033;RT 033 RW 016 PERUM KARAWANG JAYA
32150400070034;3215040;3215040007;040;007;0034;RT 034 RW 016 PERUM KARAWANG JAYA MENJADI RT 001 RW 002 DUSUN KRAJAN 2
32150400070035;3215040;3215040007;040;007;0035;RT 035 RW 016 PERUM KARAWANG JAYA
32150400070036;3215040;3215040007;040;007;0036;RT 036 RW 016 PERUM KARAWANG JAYA
32150400070037;3215040;3215040007;040;007;0037;RT 037 RW 016 PERUM KARAWANG JAYA
32150400070038;3215040;3215040007;040;007;0038;RT 038 RW 016 PERUM KARAWANG JAYA
32150400070039;3215040;3215040007;040;007;0039;RT 039 RW 016 PERUM KARAWANG JAYA
32150400070040;3215040;3215040007;040;007;0040;RT 040 RW 016 PERUM KARAWANG JAYA RT 034 RW 016 PERUM KARAWANG JAYA
32150400070041;3215040;3215040007;040;007;0041;RT 041 RW 016 PERUM KARAWANG JAYA
32150400070042;3215040;3215040007;040;007;0042;RT 042 RW 016 PERUM KARAWANG JAYA PETA  RT 040 RW 016 PERUM KARAWANG JAYA
32150400070043;3215040;3215040007;040;007;0043;RT 043 RW 016 PERUM KHALISTA
32150400070044;3215040;3215040007;040;007;0044;RT 044 RW 008 PERUM KHALISTA
32150400070045;3215040;3215040007;040;007;0045;RT 045 RW 008 PERUM BCL
32150400070046;3215040;3215040007;040;007;0046;RT 046 RW 008 PERUM KARTIKA KABANDUNGAN
32150400070047;3215040;3215040007;040;007;0047;RT 047 RW 008 PERUM KHALISA
32150400071001;3215040;3215040007;040;007;1001;SAWAH
32150400074002;3215040;3215040007;040;007;4002;KAWASAN TERBANGUN PEMUKIMAN
32150400080001;3215040;3215040008;040;008;0001;RT 001 RW 001 DUSUN RUMAMBE I
32150400080002;3215040;3215040008;040;008;0002;RT 002 RW 001 DUSUN RUMAMBE I
32150400080003;3215040;3215040008;040;008;0003;RT 003 RW 002 DUSUN RUMAMBE II
32150400080004;3215040;3215040008;040;008;0004;RT 004 RW 002 DUSUN RUMAMBE II
32150400080005;3215040;3215040008;040;008;0005;RT 005 RW 003 DUSUN SUKAJAYA
32150400080006;3215040;3215040008;040;008;0006;RT 006 RW 003 DUSUN SUKAJAYA
32150400080007;3215040;3215040008;040;008;0007;RT 007 RW 003 DUSUN SUKAJAYA
32150400080008;3215040;3215040008;040;008;0008;RT 008 RW 003 DUSUN SUKAJAYA
32150400080009;3215040;3215040008;040;008;0009;RT 009 RW 004 DUSUN SUKAMAKMUR
32150400080010;3215040;3215040008;040;008;0010;RT 010 RW 004 DUSUN SUKAMAKMUR
32150400080011;3215040;3215040008;040;008;0011;RT 011 RW 004 DUSUN SUKAMAKMUR
32150400080012;3215040;3215040008;040;008;0012;RT 012 RW 004 DUSUN SUKAMAKMUR
32150400080013;3215040;3215040008;040;008;0013;RT 013 RW 004 DUSUN SUKAMAKMUR
32150400080014;3215040;3215040008;040;008;0014;RT 014 RW 005 DUSUN SUKARESMI
32150400080015;3215040;3215040008;040;008;0015;RT 015 RW 005 DUSUN SUKARESMI
32150400080016;3215040;3215040008;040;008;0016;RT 016 RW 005 DUSUN SUKARESMI
32150400080017;3215040;3215040008;040;008;0017;RT 017 RW 005 DUSUN SUKARESMI
32150400080018;3215040;3215040008;040;008;0018;RT 018 RW 005 DUSUN SUKARESMI
32150400080019;3215040;3215040008;040;008;0019;RT 019 RW 006 DUSUN SUKAMULYA
32150400080020;3215040;3215040008;040;008;0020;RT 020 RW 006 DUSUN SUKAMULYA
32150400080021;3215040;3215040008;040;008;0021;RT 021 RW 006 DUSUN SUKAMULYA
32150400080022;3215040;3215040008;040;008;0022;RT 022 RW 006 DUSUN SUKAMULYA
32150400080023;3215040;3215040008;040;008;0023;RT 023 RW 006 DUSUN SUKAMULYA
32150400080024;3215040;3215040008;040;008;0024;RT 024 RW 006 DUSUN SUKAMULYA
32150400080025;3215040;3215040008;040;008;0025;RT 025 RW 006 DUSUN SUKAMULYA
32150400080026;3215040;3215040008;040;008;0026;RT 026 RW 007 DUSUN DUKUH
32150400080027;3215040;3215040008;040;008;0027;RT 027 RW 007 DUSUN DUKUH
32150400080028;3215040;3215040008;040;008;0028;RT 028 RW 007 DUSUN DUKUH
32150400080029;3215040;3215040008;040;008;0029;RT 029 RW 007 DUSUN DUKUH
32150400080030;3215040;3215040008;040;008;0030;RT 030 RW 005 DUSUN SUKARESMI
32150400080031;3215040;3215040008;040;008;0031;RT 031 RW 005 DUSUN SUKARESMI
32150400080032;3215040;3215040008;040;008;0032;RT 032 RW 005 DUSUN SUKARESMI
32150400080033;3215040;3215040008;040;008;0033;RT 033 RW 005 DUSUN SUKARESMI
32150400080034;3215040;3215040008;040;008;0034;RT 034 RW 005 DUSUN SUKARESMI
32150400080035;3215040;3215040008;040;008;0035;RT 035 RW 001 DUSUN RUMAMBE I
32150400080036;3215040;3215040008;040;008;0036;RT 036 RW 001 DUSUN RUMAMBE I
32150400080037;3215040;3215040008;040;008;0037;RT 037 RW 007 PERUM GRAHA BINTANG RESIDENCE
32150400080038;3215040;3215040008;040;008;0038;RT 038 RW 007 PERUM GRAHA BINTANG RESIDENCE
32150400080039;3215040;3215040008;040;008;0039;RT 039 RW 007 PERUM GRAHA BINTANG RESIDENCE
32150400110001;3215040;3215040011;040;011;0001;RT 01 RW 05 DUSUN KRAJAN
32150400110002;3215040;3215040011;040;011;0002;RT 02 RW 05 DUSUN KRAJAN
32150400110003;3215040;3215040011;040;011;0003;RT 03 RW 01 DUSUN KRAJAN
32150400110004;3215040;3215040011;040;011;0004;RT 04 RW 01 DUSUN KRAJAN
32150400110005;3215040;3215040011;040;011;0005;RT 05 RW 01 DUSUN KRAJAN
32150400110006;3215040;3215040011;040;011;0006;RT 06 RW 02 DUSUN KOPO
32150400110007;3215040;3215040011;040;011;0007;RT 07 RW 02 DUSUN KOPO
32150400110008;3215040;3215040011;040;011;0008;RT 08 RW 02 DUSUN KOPO
32150400110009;3215040;3215040011;040;011;0009;RT 09 RW 02 DUSUN KOPO
32150400110010;3215040;3215040011;040;011;0010;RT 10 RW 02 DUSUN KOPO
32150400110011;3215040;3215040011;040;011;0011;RT 11 RW 03 DUSUN JATIMULYA
32150400110012;3215040;3215040011;040;011;0012;RT 12 RW 03 DUSUN JATIMULYA
32150400110013;3215040;3215040011;040;011;0013;RT 13 RW 03 DUSUN JATIMULYA
32150400110014;3215040;3215040011;040;011;0014;RT 14 RW 04 DUSUN CIWADAS
32150400110015;3215040;3215040011;040;011;0015;RT 15 RW 04 DUSUN CIWADAS
32150400110016;3215040;3215040011;040;011;0016;RT 16 RW 04 DUSUN CIWADAS
32150400110017;3215040;3215040011;040;011;0017;RT 17 RW 07 PERUM KARABA 2
32150400110018;3215040;3215040011;040;011;0018;RT 18 RW 07 PERUM KARABA 2
32150400110019;3215040;3215040011;040;011;0019;RT 19 RW 06 PERUM KONDANG ASRI
32150400110020;3215040;3215040011;040;011;0020;RT 20 RW 07 PERUM KARABA 2
32150400110021;3215040;3215040011;040;011;0021;RT 21 RW 07 PERUM KARABA 2
32150400110022;3215040;3215040011;040;011;0022;RT 22 RW 07 PERUM KARABA 2
32150400110023;3215040;3215040011;040;011;0023;RT 23 RW 06 PERUM KONDANG ASRI
32150400110024;3215040;3215040011;040;011;0024;RT 24 RW 07 PERUM KARABA 2
32150400110025;3215040;3215040011;040;011;0025;RT 25 RW 02 DUSUN KOPO
32150400110026;3215040;3215040011;040;011;0026;RT 26 RW 08 PERUM KIP
32150400110027;3215040;3215040011;040;011;0027;RT 27 RW 08 PERUM KIP
32150400110028;3215040;3215040011;040;011;0028;RT 28 RW 08 PERUM KIP
32150400110029;3215040;3215040011;040;011;0029;RT 29 RW 09 PERUM BUMI CIPTA LARAS
32150400110030;3215040;3215040011;040;011;0030;RT 30 RW 06 PERUM KONDANG ASRI
32150400110031;3215040;3215040011;040;011;0031;RT 031 RW 003 PERUM KARTIKA KAWALUYAAN
32150400110032;3215040;3215040011;040;011;0032;RT 32 RW 09 PERUM BUMI CIPTA LARAS
32150400110033;3215040;3215040011;040;011;0033;RT 33 RW 09 PERUM BUMI CIPTA LARAS
32150400110034;3215040;3215040011;040;011;0034;RT 34 RW 08 PERUM KIP
32150400110035;3215040;3215040011;040;011;0035;RT 35 RW 08 PERUM KIP
32150400110036;3215040;3215040011;040;011;0036;RT 36 RW 08 PERUM KIP
32150400110037;3215040;3215040011;040;011;0037;RT 37 RW 03 PERUM GPR
32150400110038;3215040;3215040011;040;011;0038;RT 38 RW 10 PERUM GPI
32150400110039;3215040;3215040011;040;011;0039;RT 39 RW 10 PERUM GPI
32150400110040;3215040;3215040011;040;011;0040;RT 40 RW 10 PERUM GPI
32150400110041;3215040;3215040011;040;011;0041;RT 41 RW 10 PERUM GPI
32150400110042;3215040;3215040011;040;011;0042;RT 044 RW 011 PERUM BUMI CEMARA RUBAH JADI RT 043 RW 011
32150400110043;3215040;3215040011;040;011;0043;RT 042 RW RW 011 PERUM GRAND SAMARA
32150400110044;3215040;3215040011;040;011;0044;RT 043 RW 011 PERUM GRAND SAMARA
32150400110045;3215040;3215040011;040;011;0045;RT 045 RW 011 PERUM KLARI REGENCY
32150400110046;3215040;3215040011;040;011;0046;RT 046 RW 008 PERUM KLARI INDAH PERMATA 
32150400111001;3215040;3215040011;040;011;1001;SAWAH
32150400111003;3215040;3215040011;040;011;1003;SAWAH
32150400114002;3215040;3215040011;040;011;4002;KAWASAN TERBANGUN PEMUKIMAN
32150400120001;3215040;3215040012;040;012;0001;RT 001 RW 001 DUSUN KRAJAN I
32150400120002;3215040;3215040012;040;012;0002;RT 002 RW 001 DUSUN KRAJAN I
32150400120003;3215040;3215040012;040;012;0003;RT 003 RW 001 DUSUN KRAJAN I
32150400120004;3215040;3215040012;040;012;0004;RT 004 RW 001 DUSUN KRAJAN I
32150400120005;3215040;3215040012;040;012;0005;RT 005 RW 001 DUSUN KRAJAN I
32150400120006;3215040;3215040012;040;012;0006;RT 006 RW 001 DUSUN KRAJAN I
32150400120007;3215040;3215040012;040;012;0007;RT 007 RW 001 DUSUN KRAJAN II
32150400120008;3215040;3215040012;040;012;0008;RT 008 RW 001 DUSUN KRAJAN II
32150400120009;3215040;3215040012;040;012;0009;RT 009 RW 001 DUSUN KRAJAN II
32150400120010;3215040;3215040012;040;012;0010;RT 010 RW 001 DUSUN KRAJAN II
32150400120011;3215040;3215040012;040;012;0011;RT 011 RW 001 DUSUN KRAJAN II
32150400120012;3215040;3215040012;040;012;0012;RT 012 RW 001 DUSUN KRAJAN II
32150400120013;3215040;3215040012;040;012;0013;RT 013 RW 001 DUSUN KRAJAN II
32150400120014;3215040;3215040012;040;012;0014;RT 014 RW 001 DUSUN KRAJAN II
32150400120015;3215040;3215040012;040;012;0015;RT 001 RW 002 DUSUN PASIR PANJANG I
32150400120016;3215040;3215040012;040;012;0016;RT 002 RW 002 DUSUN PASIR PANJANG I
32150400120017;3215040;3215040012;040;012;0017;RT 003 RW 002 DUSUN PASIR PANJANG I
32150400120018;3215040;3215040012;040;012;0018;RT 004 RW 002 DUSUN PASIR PANJANG I
32150400120019;3215040;3215040012;040;012;0019;RT 005 RW 002 DUSUN PASIR PANJANG II
32150400120020;3215040;3215040012;040;012;0020;RT 006 RW 002 DUSUN PASIR PANJANG II
32150400120021;3215040;3215040012;040;012;0021;RT 007 RW 002 DUSUN PASIR PANJANG II
32150400120022;3215040;3215040012;040;012;0022;RT 008 RW 002 PERUM REGENTS PARK
32150400120023;3215040;3215040012;040;012;0023;RT 009 RW 002 PERUM REGENTS PARK
32150400120024;3215040;3215040012;040;012;0024;RT 010 RW 002 PERUM REGENTS PARK
32150400120025;3215040;3215040012;040;012;0025;RT 011 RW 002 PERUM REGENTS PARK
32150400120026;3215040;3215040012;040;012;0026;RT 011 RW 014 PERUM VILLA KARAWANGI
32150400120027;3215040;3215040012;040;012;0027;RT 012 RW 002 PERUM CITRA GARDENIA
32150400120028;3215040;3215040012;040;012;0028;RT 013 RW 014 PERUM VILLA KARAWANGI
32150400120029;3215040;3215040012;040;012;0029;RT 014 RW 014 PERUM VILLA KARAWANGI
32150400120030;3215040;3215040012;040;012;0030;RT 015 RW 014 PERUM VILLA KARAWANGI
32150400120031;3215040;3215040012;040;012;0031;RT 016 RW 014 PERUM VILLA KARAWANGI
32150400120032;3215040;3215040012;040;012;0032;RT 017 RW 014 PERUM VILLA KARAWANGI
32150400120033;3215040;3215040012;040;012;0033;RT 018 RW 002 PERUM BUMI CIPTA LARAS
32150400120034;3215040;3215040012;040;012;0034;RT 019 RW 002 PERUM BUMI CIPTA LARAS
32150400120035;3215040;3215040012;040;012;0035;RT 020 RW 002 PERUM BUMI CIPTA LARAS
32150400120036;3215040;3215040012;040;012;0036;RT 021 RW 002 PERUM BUMI CIPTA LARAS
32150400120037;3215040;3215040012;040;012;0037;RT 001 RW 003 DUSUN CIREJAG I
32150400120038;3215040;3215040012;040;012;0038;RT 002 RW 003 DUSUN CIREJAG 1
32150400120039;3215040;3215040012;040;012;0039;RT 003 RW 003 DUSUN CIREJAG 1
32150400120040;3215040;3215040012;040;012;0040;RT 004 RW 003 DUSUN CIREJAG 1
32150400120041;3215040;3215040012;040;012;0041;RT 005 RW 003 DUSUN CIREJAG 1
32150400120042;3215040;3215040012;040;012;0042;RT 006 RW 003 DUSUN CIREJAG 1
32150400120043;3215040;3215040012;040;012;0043;RT 007 RW 003 PERUM VILLA DUTA PRATAMA
32150400120044;3215040;3215040012;040;012;0044;RT 001 RW 004 DUSUN CIREJAG 2
32150400120045;3215040;3215040012;040;012;0045;RT 002 RW 004 DUSUN CIREJAG 2
32150400120046;3215040;3215040012;040;012;0046;RT 003 RW 004 DUSUN CIREJAG 2
32150400120047;3215040;3215040012;040;012;0047;RT 004 RW 004 DUSUN CIREJAG 2
32150400120048;3215040;3215040012;040;012;0048;RT 005 RW 004 PERUM PURI IMPIAN SENTOSA
32150400120049;3215040;3215040012;040;012;0049;RT 006 RW 004 PERUM CIBALONGSARI INDAH
32150400120050;3215040;3215040012;040;012;0050;RT 007 RW 004 PERUM PURI IMPIAN SENTOSA
32150400120051;3215040;3215040012;040;012;0051;RT 008 RW 004 PERUM GRAND PERMATA
32150400120052;3215040;3215040012;040;012;0052;RT 009 RW 004 PERUM GRAND PERMATA
32150400120053;3215040;3215040012;040;012;0053;RT 010 RW 004 PERUM GRAND PERMATA
32150400120054;3215040;3215040012;040;012;0054;RT 001 RW 005 PERUM TERANGSARI I
32150400120055;3215040;3215040012;040;012;0055;RT 002 RW 005 PERUM TERANGSARI I
32150400120056;3215040;3215040012;040;012;0056;RT 003 RW 005 PERUM TERANGSARI I
32150400120057;3215040;3215040012;040;012;0057;RT 004 RW 005 PERUM TERANGSARI I
32150400120058;3215040;3215040012;040;012;0058;RT 005 RW 005 PERUM TERANGSARI I
32150400120059;3215040;3215040012;040;012;0059;RT 006 RW 005 PERUM TERANGSARI I
32150400120060;3215040;3215040012;040;012;0060;RT 007 RW 005 PERUM TERANGSARI I
32150400120061;3215040;3215040012;040;012;0061;RT 008 RW 005 PERUM TERANGSARI I
32150400120062;3215040;3215040012;040;012;0062;RT 009 RW 005 PERUM TERANGSARI I
32150400120063;3215040;3215040012;040;012;0063;RT 010 RW 005 PERUM TERANGSARI I
32150400120064;3215040;3215040012;040;012;0064;RT 011 RW 005 PERUM TERANGSARI I
32150400120065;3215040;3215040012;040;012;0065;RT 012 RW 005 PERUM TERANGSARI I
32150400120066;3215040;3215040012;040;012;0066;RT 013 RW 005 PERUM TERANGSARI I
32150400120067;3215040;3215040012;040;012;0067;RT 001 RW 006 PERUM GUNA PERMAI
32150400120068;3215040;3215040012;040;012;0068;RT 002 RW 006 PERUM GUNA PERMAI
32150400120069;3215040;3215040012;040;012;0069;RT 003 RW 006 PERUM GUNA PERMAI
32150400120070;3215040;3215040012;040;012;0070;RT 004 RW 006 PERUM GUNA PERMAI
32150400120071;3215040;3215040012;040;012;0071;RT 001 RW 007 PERUM TERANGSARI II
32150400120072;3215040;3215040012;040;012;0072;RT 002 RW 007 PERUM TERANGSARI II
32150400120073;3215040;3215040012;040;012;0073;RT 003 RW 007 PERUM TERANGSARI II
32150400120074;3215040;3215040012;040;012;0074;RT 004 RW 007 PERUM TERANGSARI II
32150400120075;3215040;3215040012;040;012;0075;RT 005 RW 007 PERUM TERANGSARI II
32150400120076;3215040;3215040012;040;012;0076;RT 006 RW 007 PERUM TERANGSARI II
32150400120077;3215040;3215040012;040;012;0077;RT 007 RW 007 PERUM TERANGSARI II
32150400120078;3215040;3215040012;040;012;0078;RT 008 RW 007 PERUM TERANGSARI II
32150400120079;3215040;3215040012;040;012;0079;RT 009 RW 007 PERUM TERANGSARI II
32150400120080;3215040;3215040012;040;012;0080;RT 010 RW 007 PERUM TERANGSARI II
32150400120081;3215040;3215040012;040;012;0081;RT 011 RW 007 PERUM TERANGSARI II
32150400120082;3215040;3215040012;040;012;0082;RT 012 RW 007 PERUM TERANGSARI II
32150400120083;3215040;3215040012;040;012;0083;RT 001 RW 008 PERUM GRIYA PESONA ASRI
32150400120084;3215040;3215040012;040;012;0084;RT 002 RW 008 PERUM GRIYA PESONA ASRI
32150400120085;3215040;3215040012;040;012;0085;RT 003 RW 008 PERUM GRIYA PESONA ASRI
32150400120086;3215040;3215040012;040;012;0086;RT 004 RW 009 PERUM GRIYA PESONA ASRI
32150400120087;3215040;3215040012;040;012;0087;RT 005 RW 009 PERUM GRIYA PESONA ASRI
32150400120088;3215040;3215040012;040;012;0088;RT 006 RW 009 PERUM GRIYA PESONA ASRI
32150400120089;3215040;3215040012;040;012;0089;RT 007 RW 009 PERUM GRIYA PESONA ASRI
32150400120090;3215040;3215040012;040;012;0090;RT 008 RW 010 PERUM GRIYA PESONA ASRI
32150400120091;3215040;3215040012;040;012;0091;RT 009 RW 010 PERUM GRIYA PESONA ASRI
32150400120092;3215040;3215040012;040;012;0092;RT 010 RW 010 PERUM GRIYA PESONA ASRI
32150400120093;3215040;3215040012;040;012;0093;RT 011 RW 010 PERUM GRIYA PESONA ASRI
32150400120094;3215040;3215040012;040;012;0094;RT 013 RW 010 PERUM GRIYA PESONA ASRI
32150400120095;3215040;3215040012;040;012;0095;RT 012 RW 010 PERUM GRIYA PESONA ASRI
32150400120096;3215040;3215040012;040;012;0096;RT 014 RW 010 PERUM GRIYA PESONA ASRI
32150400120097;3215040;3215040012;040;012;0097;RT 015 RW 010 PERUM GRIYA PESONA ASRI
32150400120098;3215040;3215040012;040;012;0098;RT 016 RW 009 PERUM GRIYA PESONA ASRI
32150400120099;3215040;3215040012;040;012;0099;RT 017 RW 009 PERUM GRIYA PESONA ASRI
32150400120100;3215040;3215040012;040;012;0100;RT 018 RW 013 PERUM GRIYA PESONA ASRI
32150400120101;3215040;3215040012;040;012;0101;RT 019 RW 013 PERUM GRIYA PESONA ASRI
32150400120102;3215040;3215040012;040;012;0102;RT 020 RW 013 PERUM GRIYA PESONA ASRI
32150400120103;3215040;3215040012;040;012;0103;RT 021 RW 013 PERUM GRIYA PESONA ASRI
32150400120104;3215040;3215040012;040;012;0104;RT 022 RW 013 PERUM GRIYA PESONA ASRI
32150400120105;3215040;3215040012;040;012;0105;RT 023 RW 013 PERUM GRIYA PESONA ASRI
32150400120106;3215040;3215040012;040;012;0106;RT 024 RW 013 PERUM GRIYA PESONA ASRI
32150400120107;3215040;3215040012;040;012;0107;RT 025 RW 013 PERUM GRIYA PESONA ASRI
32150400120108;3215040;3215040012;040;012;0108;RT 007 RW 012 DUSUN MUSTIKA PRAKARSA
32150400120109;3215040;3215040012;040;012;0109;RT 008 RW 012 DUSUN MUSTIKA PRAKARSA
32150400120110;3215040;3215040012;040;012;0110;RT 009 RW 012 PERUM MUSTIKA PRAKARSA
32150400120111;3215040;3215040012;040;012;0111;RT 010 RW 012 PERUM MUSTIKA PRAKARSA
32150400120112;3215040;3215040012;040;012;0112;RT 011 RW 012 PERUM MUSTIKA PRAKARSA
32150400120113;3215040;3215040012;040;012;0113;RT 012 RW 011 PERUM MUSTIKA PRAKARSA
32150400120114;3215040;3215040012;040;012;0114;RT 013 RW 011 PERUM MUSTIKA PRAKARSA
32150400120115;3215040;3215040012;040;012;0115;RT 014 RW 011 PERUM MUSTIKA PRAKARSA
32150400120116;3215040;3215040012;040;012;0116;RT 015 RW 011 PERUM MUSTIKA PRAKARSA
32150400120117;3215040;3215040012;040;012;0117;RT 016 RW 011 PERUM MUSTIKA PRAKARSA
32150400120118;3215040;3215040012;040;012;0118;RT 017 RW 011 PERUM MUSTIKA PRAKARSA
32150400120119;3215040;3215040012;040;012;0119;RT 018 RW 011 PERUM MUSTIKA PRAKARSA
32150400120120;3215040;3215040012;040;012;0120;RT 019 RW 011 PERUM MUSTIKA PRAKARSA
32150400120121;3215040;3215040012;040;012;0121;RT 015 RW 001 PERUM BUDIMAN ASRI
32150400120122;3215040;3215040012;040;012;0122;RT 016 RW 001 PERUM BUDIMAN ASRI
32150400120123;3215040;3215040012;040;012;0123;RT 022 RW 002 PERUM BUDIMAN ASRI
32150400120124;3215040;3215040012;040;012;0124;RT 024 RW 014 PERUM VILLA KARAWANGI
32150400120125;3215040;3215040012;040;012;0125;RT 005B RW 002 DUSUN PASIR PANJANG II
32150400120127;3215040;3215040012;040;012;0127;RT 023 RW 014 PERUM VILLA KARAWANGI
32150400120128;3215040;3215040012;040;012;0128;RT 005 RW 006 PERUM SEGARA HARMONI
32150400120129;3215040;3215040012;040;012;0129;RT 025 RW 014 PERUM VILLA KARAWANG
32150400120130;3215040;3215040012;040;012;0130;RT 026 RW 014 PERUM VILLA KARAWANGI
32150400120131;3215040;3215040012;040;012;0131;RT 027 RW 014 PERUM VILLA KARAWANGI
32150400120132;3215040;3215040012;040;012;0132;RT 023 RW 002 PERUM DHITA RESIDENCE
32150400121002;3215040;3215040012;040;012;1002;PERSAWAHAN
32150400121005;3215040;3215040012;040;012;1005;PERSAWAHAN
32150400123004;3215040;3215040012;040;012;3004;FASUM PERUM MUSTIKA PRAKARSA
32150400124001;3215040;3215040012;040;012;4001;PERUMAHAN BUDIMAN ASRI
32150400124003;3215040;3215040012;040;012;4003;PERUMAHAN VILLA KARAWANGI
32150400124006;3215040;3215040012;040;012;4006;PERUMAHAN CAKRA RESIDENCE
32150400124007;3215040;3215040012;040;012;4007;PERUMAHAN MUSTIKA
32150400124008;3215040;3215040012;040;012;4008;LAHAN KOSONG
32150400124009;3215040;3215040012;040;012;4009;FASUM PERUM GRIYA PESONA ASRI
32150400124010;3215040;3215040012;040;012;4010;PESAWAHAN
32150400124011;3215040;3215040012;040;012;4011;PESAWAHAN
32150400130001;3215040;3215040013;040;013;0001;RT 001 RW 001 DUSUN BABAKAN NGANTAI
32150400130002;3215040;3215040013;040;013;0002;RT 002 RW 001 DUSUN BABAKAN NGANTAI
32150400130003;3215040;3215040013;040;013;0003;RT 003 RW 001 DUSUN BABAKAN NGANTAI
32150400130004;3215040;3215040013;040;013;0004;RT 004 RW 002 DUSUN JATIRASA
32150400130005;3215040;3215040013;040;013;0005;RT 005 RW 002 DUSUN KALIHURIP
32150400130006;3215040;3215040013;040;013;0006;RT 006 RW 002 DUSUN KALIHURIP
32150400130007;3215040;3215040013;040;013;0007;RT 007 RW 003 PERUM BUMI KOSAMBI PERMAI DUREN
32150400130008;3215040;3215040013;040;013;0008;RT 008 RW 003 PERUM BUMI KOSAMBI PERMAI DUREN
32150400130009;3215040;3215040013;040;013;0009;RT 009 RW 003 PERUM BUMI KOSAMBI PERMAI DUREN
32150400130010;3215040;3215040013;040;013;0010;RT 010 RW 003 PERUM BUMI KOSAMBI PERMAI DUREN
32150400130011;3215040;3215040013;040;013;0011;RT 011 RW 003 PERUM BUMI KOSAMBI PERMAI DUREN
32150400130012;3215040;3215040013;040;013;0012;RT 012 RW 004 DUSUN DUREN TIMUR
32150400130013;3215040;3215040013;040;013;0013;RT 013 RW 004 DUSUN DUREN TIMUR
32150400130014;3215040;3215040013;040;013;0014;RT 014 RW 004 DUSUN DUREN TIMUR
32150400130015;3215040;3215040013;040;013;0015;RT 015 RW 005 DUSUN DUREN BARAT
32150400130016;3215040;3215040013;040;013;0016;RT 016 RW 005 DUSUN DUREN BARAT
32150400130017;3215040;3215040013;040;013;0017;RT 017 RW 005 DUSUN DUREN BARAT
32150400130018;3215040;3215040013;040;013;0018;RT 018 RW 005 DUSUN DUREN BARAT
32150400130019;3215040;3215040013;040;013;0019;RT 019 RW 006 DUSUN KOSAMBI 1
32150400130020;3215040;3215040013;040;013;0020;RT 020 RW 006 DUSUN KOSAMBI 1
32150400130021;3215040;3215040013;040;013;0021;RT 021 RW 006 DUSUN KOSAMBI 1
32150400130022;3215040;3215040013;040;013;0022;RT 022 RW 006 DUSUN KOSAMBI 1
32150400130023;3215040;3215040013;040;013;0023;RT 023 RW 006 DUSUN KOSAMBI 1
32150400130024;3215040;3215040013;040;013;0024;RT 024 RW 007 DUSUN KOSAMBI 2 TIMUR
32150400130025;3215040;3215040013;040;013;0025;RT 025 RW 007 DUSUN KOSAMBI 2 TIMUR
32150400130026;3215040;3215040013;040;013;0026;RT 026 RW 007 DUSUN KOSAMBI 2 TIMUR
32150400130027;3215040;3215040013;040;013;0027;RT 027 RW 008 DUSUN KOSAMBI 2 TENGAH
32150400130028;3215040;3215040013;040;013;0028;RT 028 RW 008 DUSUN KOSAMBI 2 TENGAH
32150400130029;3215040;3215040013;040;013;0029;RT 029 RW 008 DUSUN KOSAMBI 2 TENGAH
32150400130030;3215040;3215040013;040;013;0030;RT 030 RW 009 DUSUN KOSAMBI 2 BARAT
32150400130031;3215040;3215040013;040;013;0031;RT 031 RW 009 DUSUN KOSAMBI 2 BARAT
32150400130032;3215040;3215040013;040;013;0032;RT 032 RW 009 DUSUN BABAKAN ATIM
32150400130033;3215040;3215040013;040;013;0033;RT 033 RW 010 DUSUN KARANG SARI
32150400130034;3215040;3215040013;040;013;0034;RT 034 RW 010 DUSUN KARANG ANYAR
32150400130035;3215040;3215040013;040;013;0035;RT 035 RW 011 PERUM PURI KOSAMBI
32150400130036;3215040;3215040013;040;013;0036;RT 036 RW 011 PERUM PURI KOSAMBI
32150400130037;3215040;3215040013;040;013;0037;RT 037 RW 011 PERUM PURI KOSAMBI
32150400130038;3215040;3215040013;040;013;0038;RT 038 RW 011 PERUM PURI KOSAMBI
32150400130039;3215040;3215040013;040;013;0039;RT 039 RW 012 PERUM PURI KOSAMBI
32150400130040;3215040;3215040013;040;013;0040;RT 040 RW 012 PERUM PURI KOSAMBI
32150400130041;3215040;3215040013;040;013;0041;RT 041 RW 012 PERUM PURI KOSAMBI
32150400130042;3215040;3215040013;040;013;0042;RT 042 RW 012 PERUM PURI KOSAMBI
32150400130043;3215040;3215040013;040;013;0043;RT 043 RW 013 PERUM PURI KOSAMBI
32150400130044;3215040;3215040013;040;013;0044;RT 044 RW 013 PERUM PURI KOSAMBI
32150400130045;3215040;3215040013;040;013;0045;RT 045 RW 013 PERUM PURI KOSAMBI
32150400130046;3215040;3215040013;040;013;0046;RT 046 RW 013 PERUM PURI KOSAMBI
32150400130047;3215040;3215040013;040;013;0047;RT 047 RW 014 PERUM PURI KOSAMBI
32150400130048;3215040;3215040013;040;013;0048;RT 048 RW 014 PERUM PURI KOSAMBI
32150400130049;3215040;3215040013;040;013;0049;RT 049 RW 014 PERUM PURI KOSAMBI
32150400130050;3215040;3215040013;040;013;0050;RT 050 RW 014 PERUM PURI KOSAMBI
32150400130051;3215040;3215040013;040;013;0051;RT 051 RW 015 PERUM PURI KOSAMBI
32150400130052;3215040;3215040013;040;013;0052;RT 052 RW 015 PERUM PURI KOSAMBI
32150400130053;3215040;3215040013;040;013;0053;RT 053 RW 015 PERUM PURI KOSAMBI
32150400130054;3215040;3215040013;040;013;0054;RT 054 RW 015 PERUM PURI KOSAMBI
32150400130055;3215040;3215040013;040;013;0055;RT 055 RW 016 PERUM PURI KOSAMBI
32150400130056;3215040;3215040013;040;013;0056;RT 056 RW 016 PERUM PURI KOSAMBI
32150400130057;3215040;3215040013;040;013;0057;RT 057 RW 021 PERUM PURI KOSAMBI II
32150400130058;3215040;3215040013;040;013;0058;RT 058 RW 021 PERUM PURI KOSAMBI II
32150400130059;3215040;3215040013;040;013;0059;RT 059 RW 021 PERUM PURI KOSAMBI II
32150400130060;3215040;3215040013;040;013;0060;RT 060 RW 021 PERUM PURI KOSAMBI II
32150400130061;3215040;3215040013;040;013;0061;RT 061 RW 017 PERUM PURI KOSAMBI II
32150400130062;3215040;3215040013;040;013;0062;RT 062 RW 017 PERUM PURI KOSAMBI II
32150400130063;3215040;3215040013;040;013;0063;RT 063 RW 018 PERUM GRIYA PESONA ASRI
32150400130064;3215040;3215040013;040;013;0064;RT 064 RW 018 PERUM GRIYA PESONA ASRI
32150400130065;3215040;3215040013;040;013;0065;RT 065 RW 018 PERUM GRIYA PESONA ASRI
32150400130066;3215040;3215040013;040;013;0066;RT 066 RW 018 PERUM GRIYA PESONA ASRI
32150400130067;3215040;3215040013;040;013;0067;RT 067 RW 018 PERUM GRIYA PESONA ASRI
32150400130068;3215040;3215040013;040;013;0068;RT 068 RW 019 PERUM TIRAI MAS
32150400130069;3215040;3215040013;040;013;0069;RT 069 RW 019 PERUM TIRAI MAS
32150400130070;3215040;3215040013;040;013;0070;RT 070 RW 019 PERUM TIRAI MAS
32150400130071;3215040;3215040013;040;013;0071;RT 071 RW 020 DUSUN KAWALI
32150400130072;3215040;3215040013;040;013;0072;RT 072 RW 020 DUSUN KAWALI
32150400130073;3215040;3215040013;040;013;0073;RT 073 RW 020 DUSUN BABAKAN INGGUN
32150400130074;3215040;3215040013;040;013;0074;RT 074 RW 020 PERUM KANDIWA I
32150400130075;3215040;3215040013;040;013;0075;RT 075 RW 020 PERUM KANDIWA II
32150400130076;3215040;3215040013;040;013;0076;RT 076 RW 020 PERUM ISTANA KOSAMBI
32150400130077;3215040;3215040013;040;013;0077;RT 077 RW 017 PERUM PURI KOSAMBI II
32150400130078;3215040;3215040013;040;013;0078;RT 078 RW 017 PERUM PURI KOSAMBI II
32150400130079;3215040;3215040013;040;013;0079;RT 079 RW 017 PERUM PURI KOSAMBI II
32150400130080;3215040;3215040013;040;013;0080;RT 080 RW 009 DUSUN KOSAMBI 2
32150400130081;3215040;3215040013;040;013;0081;RT 081 RW 021 PERUM PURI KOSAMBI II
32150400130082;3215040;3215040013;040;013;0082;RT 082 RW 017 PERUM PURI KOSAMBI II
32150400130083;3215040;3215040013;040;013;0083;RT 083 RW 021 PERUM PURI KOSAMBI II
32150400130084;3215040;3215040013;040;013;0084;RT 084 RW 010 DUSUN KARANG ANYAR
32150400130085;3215040;3215040013;040;013;0085;RT 085 RW 002 DUSUN KALI HURIP
32150400130086;3215040;3215040013;040;013;0086;RT 086 RW 011 PERUM KGV 3
32150400130087;3215040;3215040013;040;013;0087;RT 087 RW 010 PERUM VILA KARAWANG
32150400131001;3215040;3215040013;040;013;1001;PESAWAHAN
32150400131002;3215040;3215040013;040;013;1002;PESAWAHAN
32150400131003;3215040;3215040013;040;013;1003;PESAWAHAN
32150400140001;3215040;3215040014;040;014;0001;RT 001 RW 001 DUSUN PANCAWATI
32150400140002;3215040;3215040014;040;014;0002;RT 002 RW 001 DUSUN PANCAWATI
32150400140003;3215040;3215040014;040;014;0003;RT 003 RW 001 DUSUN PANCAWATI
32150400140004;3215040;3215040014;040;014;0004;RT 004 RW 001 DUSUN PANCAWATI
32150400140005;3215040;3215040014;040;014;0005;RT 005 RW 001 DUSUN PANCAWATI
32150400140006;3215040;3215040014;040;014;0006;RT 001 RW 002 DUSUN WATES
32150400140007;3215040;3215040014;040;014;0007;RT 002 RW 002 DUSUN WATES
32150400140008;3215040;3215040014;040;014;0008;RT 003 RW 002 DUSUN WATES
32150400140009;3215040;3215040014;040;014;0009;RT 004 RW 002 DUSUN WATES
32150400140010;3215040;3215040014;040;014;0010;RT 005 RW 002 PERUM GRAHA HIJAU
32150400140011;3215040;3215040014;040;014;0011;RT 006 RW 002 PERUM GRAHA HIJAU
32150400140012;3215040;3215040014;040;014;0012;RT 001 RW 003 DUSUN BAKAN JATI
32150400140013;3215040;3215040014;040;014;0013;RT 002 RW 003 DUSUN BAKAN JATI
32150400140014;3215040;3215040014;040;014;0014;RT 003 RW 003 DUSUN BAKAN JATI
32150400140015;3215040;3215040014;040;014;0015;RT 004 RW 003 DUSUN BAKAN JATI
32150400140016;3215040;3215040014;040;014;0016;RT 005 RW 003 DUSUN BAKAN JATI
32150400140017;3215040;3215040014;040;014;0017;RT 006 RW 003 PERUM CENGKONG SARI INDAH
32150400140018;3215040;3215040014;040;014;0018;RT 001 RW 004 DUSUN KAWALI
32150400140019;3215040;3215040014;040;014;0019;RT 002 RW 004 DUSUN KAWALI
32150400140020;3215040;3215040014;040;014;0020;RT 003 RW 004 DUSUN KAWALI
32150400140021;3215040;3215040014;040;014;0021;RT 004 RW 004 DUSUN KAWALI
32150400140022;3215040;3215040014;040;014;0022;RT 005 RW 004 DUSUN KAWALI
32150400140023;3215040;3215040014;040;014;0023;RT 006 RW 004 DUSUN KAWALI
32150400140024;3215040;3215040014;040;014;0024;RT 001 RW 005 DUSUN MULYASARI
32150400140025;3215040;3215040014;040;014;0025;RT 002 RW 005 DUSUN MULYASARI
32150400140026;3215040;3215040014;040;014;0026;RT 003 RW 005 DUSUN MULYASARI
32150400140027;3215040;3215040014;040;014;0027;RT 004 RW 005 DUSUN MULYASARI
32150400140028;3215040;3215040014;040;014;0028;RT 005 RW 005 DUSUN MULYASARI
32150400140029;3215040;3215040014;040;014;0029;RT 001 RW 006 PERUM CITRA SWARNA GRANDE
32150400140030;3215040;3215040014;040;014;0030;RT 002 RW 006 PERUM CITRA SWARNA GRANDE
32150400140031;3215040;3215040014;040;014;0031;RT 003 RW 006 PERUM CITRA SWARNA GRANDE
32150400140032;3215040;3215040014;040;014;0032;RT 004 RW 006 PERUM CITRA SWARNA GRANDE
32150400140033;3215040;3215040014;040;014;0033;RT 001 RW 006  PERUM VILLA K
32150400140034;3215040;3215040014;040;014;0034;RT 002 RW 006 PERUM VILLA KARAWANGI
32150400140035;3215040;3215040014;040;014;0035;RT 001 RW 006 PERUM DE KRATON
32150400140036;3215040;3215040014;040;014;0036;RT 002 RW 006 PERUM DE KRATON
32150400140037;3215040;3215040014;040;014;0037;RT 003 RW 006 PERUM DE KRATON
32150400140038;3215040;3215040014;040;014;0038;RT 004 RW 006 PERUM DE KRATON
32150400140039;3215040;3215040014;040;014;0039;RT 006 RW 006 PERUM DE KRATON
32150400140040;3215040;3215040014;040;014;0040;RT 005 RW 006 PERUM DE KRATON
32150400140041;3215040;3215040014;040;014;0041;RT 007 RW 006 PERUM DE KRATON
32150400140042;3215040;3215040014;040;014;0042;RT 009 RW 006 PERUM DE KRATON
32150400140043;3215040;3215040014;040;014;0043;RT 008 RW 006 PERUM DE KRATON
32150400140044;3215040;3215040014;040;014;0044;RT 010 RW 006 PERUM DE KRATON
32150400140045;3215040;3215040014;040;014;0045;RT 011 RW 006 PERUM DE KRATON
32150400140046;3215040;3215040014;040;014;0046;RT 05 RW 06 PERUM CITRA SWARNA GRANDE
32150400140047;3215040;3215040014;040;014;0047;RT 06 RW 06  PERUM CITRA SWARNA GRANDE
32150400140048;3215040;3215040014;040;014;0048;RT 012 RW 06 PERUM DE KRATON
32150400140049;3215040;3215040014;040;014;0049;RT 003 RW 006 VILLA KARAWANGI
32150400140050;3215040;3215040014;040;014;0050;RT 004 RW 006 PERUM VILLA KARAWANGI
32150400140051;3215040;3215040014;040;014;0051;RT 008 RW 006 PERUM CITRA SWARNA GRANDE
32150400140052;3215040;3215040014;040;014;0052;RT 009 RW 006 PERUM CITRA SWARNA GRANDE
32150400140053;3215040;3215040014;040;014;0053;RT 013 RW 006 PERUM CITRA SWARNA GRANDE
32150400140054;3215040;3215040014;040;014;0054;RT 014 RW 006 PERUM CITRA SWARNA GRANDE
32150400140055;3215040;3215040014;040;014;0055;RT 015 RW 006 PERUM CITRA SWARNA GRANDE
32150400140057;3215040;3215040014;040;014;0057;RT 007 RW 006 PERUM BUMI KOSAMBI ASRI
32150400141001;3215040;3215040014;040;014;1001;PESAWAHAN
32150400141002;3215040;3215040014;040;014;1002;PESAWAHAN
32150400141003;3215040;3215040014;040;014;1003;SAWAH PANCAWATI
32150400141004;3215040;3215040014;040;014;1004;SAWAH PANCAWATI
32150400160001;3215040;3215040016;040;016;0001;RT 001 RW 001 DUSUN KRAJAN
32150400160002;3215040;3215040016;040;016;0002;RT 002 RW 001 DUSUN KRAJAN
32150400160003;3215040;3215040016;040;016;0003;RT 003 RW 001 DUSUN KRAJAN
32150400160004;3215040;3215040016;040;016;0004;RT 004 RW 001 DUSUN KRAJAN
32150400160005;3215040;3215040016;040;016;0005;RT 001 RW 002 DUSUN CIREJAG
32150400160006;3215040;3215040016;040;016;0006;RT 002 RW 002 DUSUN CIREJAG
32150400160007;3215040;3215040016;040;016;0007;RT 003 RW 002 DUSUN CIREJAG
32150400160008;3215040;3215040016;040;016;0008;RT 004 RW 002 DUSUN CIREJAG
32150400160009;3215040;3215040016;040;016;0009;RT 001 RW 003 DUSUN PUNDONG
32150400160010;3215040;3215040016;040;016;0010;RT 002 RW 003 DUSUN PUNDONG
32150400160011;3215040;3215040016;040;016;0011;RT 003 RW 003 DUSUN PUNDONG
32150400160012;3215040;3215040016;040;016;0012;RT 004 RW 003 DUSUN PUNDONG
32150400160013;3215040;3215040016;040;016;0013;RT 003 RW 004 DUSUN BOLED
32150400160014;3215040;3215040016;040;016;0014;RT 002 RW 004 DUSUN BOLED
32150400160015;3215040;3215040016;040;016;0015;RT 001 RW 004 DUSUN BOLED
32150400160016;3215040;3215040016;040;016;0016;RT 001 RW 005 DUSUN SEMBANG
32150400160017;3215040;3215040016;040;016;0017;RT 002 RW 005 DUSUN SEMBANG
32150400160018;3215040;3215040016;040;016;0018;RT 003 RW 005 DUSUN SEMBANG
32150400160019;3215040;3215040016;040;016;0019;RT 004 RW 005 DUSUN SEMBANG
32150400160020;3215040;3215040016;040;016;0020;RT 005 RW 005 DUSUN SEMBANG
32150400160021;3215040;3215040016;040;016;0021;RT 001 RW 006 PERUM GRAND PERMATA RESIDENCE
32150400160022;3215040;3215040016;040;016;0022;RT 002 RW 006 PERUM GRAND PERMATA RESIDENCE
32150400160023;3215040;3215040016;040;016;0023;RT 003 RW 006 PERUM GRAND PERMATA RESIDENCE
32150400160024;3215040;3215040016;040;016;0024;RT 007 RW 008 PERUM GRAND PERMATA RESIDENCE
32150400160025;3215040;3215040016;040;016;0025;RT 008 RW 008 PERUM GRAND PERMATA RESIDENCE
32150400160026;3215040;3215040016;040;016;0026;RT 009 RW 008 PERUM GRAND PERMATA RESIDENCE
32150400160027;3215040;3215040016;040;016;0027;RT 010 RW 008 PERUM GRAND PERMATA RESIDANCE
32150400160028;3215040;3215040016;040;016;0028;RT 019 RW 011 PERUM GRAND PERMATA RESIDENCE
32150400160029;3215040;3215040016;040;016;0029;RT 020 RW 011 GRAND PERMATA RESIDENCE
32150400160030;3215040;3215040016;040;016;0030;RT 021 RW 011 PERUM GRAND PERMATA RESIDENCE
32150400160031;3215040;3215040016;040;016;0031;RT 004 RW 007 PERUM GRAND PERMATA RESIDENCE
32150400160032;3215040;3215040016;040;016;0032;RT 022 RW 012 PERUM CLUSTER GRAND MUTIARA
32150400160033;3215040;3215040016;040;016;0033;RT 006 RW 007 PERUM GRAND PERMATA RESIDENCE
32150400160034;3215040;3215040016;040;016;0034;RT 011 RW 009 PERUM GRAND PERMATA RESIDENCE
32150400160035;3215040;3215040016;040;016;0035;RT 014 RW 009 PERUM GRAND PERMATA RESIDENCE
32150400160036;3215040;3215040016;040;016;0036;RT 012 RW 009 PERUM GRAND PERMATA RESIDENCE
32150400160037;3215040;3215040016;040;016;0037;RT 013 RW 009 PERUM GRAND PERMATA RESIDENCE
32150400160038;3215040;3215040016;040;016;0038;RT 015 RW 010 PERUM GRAND PERMATA RESIDENCE
32150400160039;3215040;3215040016;040;016;0039;RT 016 RW 010 PERUM GRAND PERMATA RESIDENCE
32150400160040;3215040;3215040016;040;016;0040;RT 017 RW 010 PERUM GRAND PERMATA RESIDENCE
32150400160041;3215040;3215040016;040;016;0041;RT 018 RW 010 PERUM GRAND PERMATA RESIDENCE
32150400160042;3215040;3215040016;040;016;0042;RT 001 RW 012 PERUM GRAND MUTIARA
32150400160043;3215040;3215040016;040;016;0043;RT 002 RW 012 PERUM GRAND MUTIARA
32150400160044;3215040;3215040016;040;016;0044;RT 003 RW 012 PERUM GRAND MUTIARA
32150400160045;3215040;3215040016;040;016;0045;RT 004 RW 012 PERUM GRAND MUTIARA
32150400160046;3215040;3215040016;040;016;0046;RT 005 RW 013 PERUM GRAND MUTIARA
32150400160047;3215040;3215040016;040;016;0047;RT 006 RW 013 PERUM GRAND MUTIARA
32150400160048;3215040;3215040016;040;016;0048;RT 007 RW 013 PERUM GRAND MUTIARA
32150400160049;3215040;3215040016;040;016;0049;RT 008 RW 013 PERUM GRAND MUTIARA
32150400160050;3215040;3215040016;040;016;0050;RT 009 RW 014 PERUM GRAND MUTIARA
32150400160051;3215040;3215040016;040;016;0051;RT 010 RW 014 PERUM GRAND MUTIARA
32150400160052;3215040;3215040016;040;016;0052;RT 011 RW 014 PERUM GRAND MUTIARA
32150400160053;3215040;3215040016;040;016;0053;RT 012 RW 015 PERUM GRAND MUTIARA
32150400160054;3215040;3215040016;040;016;0054;RT 013 RW 015 PERUM GRAND MUTIARA
32150400160055;3215040;3215040016;040;016;0055;RT 014 RW 015 PERUM GRAND MUTIARA
32150400160056;3215040;3215040016;040;016;0056;RT 015 RW 015 PERUM GRAND MUTIARA
32150400160057;3215040;3215040016;040;016;0057;RT 016 RW 015 PERUM GRAND MUTIARA
32150400160058;3215040;3215040016;040;016;0058;RT 017 RW 016 PERUM GRAND MUTIARA
32150400160059;3215040;3215040016;040;016;0059;RT 018 RW 016 PERUM GRAND MUTIARA
32150400160060;3215040;3215040016;040;016;0060;RT 019 RW 016 PERUM GRAND MUTIARA
32150400160061;3215040;3215040016;040;016;0061;RT 020 RW 016 PERUM GRAND MUTIARA
32150400160062;3215040;3215040016;040;016;0062;RT 021 RW 016 PERUM GRAND MUTIARA
32150400164002;3215040;3215040016;040;016;4002;PESAWAHAN
32150400164003;3215040;3215040016;040;016;4003;PESAWAHAN
32150400164004;3215040;3215040016;040;016;4004;PESAWAHAN
32150400164005;3215040;3215040016;040;016;4005;PESAWAHAN
32150400164006;3215040;3215040016;040;016;4006;PESAWAHAN
32150500010001;3215050;3215050001;050;001;0001;RT 001 RW 001 DUSUN KAMUNING
32150500010002;3215050;3215050001;050;001;0002;RT 002 RW 001 DUSUN KAMUNING
32150500010003;3215050;3215050001;050;001;0003;RT 003 RW 002 DUSUN KAMUNING
32150500010004;3215050;3215050001;050;001;0004;RT 004 RW 002 DUSUN KAMUNING
32150500010005;3215050;3215050001;050;001;0005;RT 005 RW 003 DUSUN KALIHURIP
32150500010006;3215050;3215050001;050;001;0006;RT 006 RW 003 DUSUN KALIHURIP
32150500010007;3215050;3215050001;050;001;0007;RT 007 RW 004 DUSUN KALIHURIP
32150500010008;3215050;3215050001;050;001;0008;RT 008 RW 004 DUSUN KALIHURIP
32150500010009;3215050;3215050001;050;001;0009;RT 009 RW 004 DUSUN KALIHURIP
32150500010010;3215050;3215050001;050;001;0010;RT 010 RW 005 DUSUN PERUM KUJANG
32150500010011;3215050;3215050001;050;001;0011;RT 011 RW 005 DUSUN PERUM KUJANG
32150500010012;3215050;3215050001;050;001;0012;RT 012 RW 005 DUSUN PERUM KUJANG
32150500010013;3215050;3215050001;050;001;0013;RT 013 RW 006 DUSUN SASAK SENG
32150500010014;3215050;3215050001;050;001;0014;RT 014 RW 006 DUSUN SASAK SENG
32150500010015;3215050;3215050001;050;001;0015;RT 015 RW 007 DUSUN SASAK SENG
32150500010016;3215050;3215050001;050;001;0016;RT 016 RW 007 DUSUN SASAK SENG
32150500015001;3215050;3215050001;050;001;5001;KAWASAN INDOTAESEI
32150500015002;3215050;3215050001;050;001;5002;KAWASAN INDUSTRI KUJANG
32150500020001;3215050;3215050002;050;002;0001;RT 001 RW 001 DUSUN KAMOJING TIMUR
32150500020002;3215050;3215050002;050;002;0002;RT 002 RW 001 DUSUN KAMOJING TIMUR
32150500020003;3215050;3215050002;050;002;0003;RT 003 RW 001 DUSUN KAMOJING TIMUR
32150500020004;3215050;3215050002;050;002;0004;RT 004 RW 002 DUSUN KAMOJING TIMUR
32150500020005;3215050;3215050002;050;002;0005;RT 005 RW 002 DUSUN KAMOJING TIMUR
32150500020006;3215050;3215050002;050;002;0006;RT 006 RW 002 DUSUN KAMOJING TIMUR
32150500020007;3215050;3215050002;050;002;0007;RT 007 RW 003 DUSUN KAMOJING TIMUR
32150500020008;3215050;3215050002;050;002;0008;RT 008 RW 003 DUSUN KAMOJING TIMUR
32150500020009;3215050;3215050002;050;002;0009;RT 009 RW 004 DUSUN KAMOJING BARAT
32150500020010;3215050;3215050002;050;002;0010;RT 010 RW 004 DUSUN KAMOJING BARAT
32150500020011;3215050;3215050002;050;002;0011;RT 011 RW 005 DUSUN KAMOJING BARAT
32150500020012;3215050;3215050002;050;002;0012;RT 012 RW 005 DUSUN KAMOJING BARAT
32150500020013;3215050;3215050002;050;002;0013;RT 014 RW 006 DUSUN KAMOJING TIMUR
32150500020014;3215050;3215050002;050;002;0014;RT 013 RW 006 DUSUN KAMOJING TIMUR
32150500060001;3215050;3215050006;050;006;0001;RT 001 RW 001 DUSUN MEKAR JATI
32150500060002;3215050;3215050006;050;006;0002;RT 002 RW 001 DUSUN MEKAR JATI
32150500060003;3215050;3215050006;050;006;0003;RT 001 RW 002 DUSUN MEKAR JATI
32150500060004;3215050;3215050006;050;006;0004;RT 002 RW 002 DUSUN MEKAR JATI
32150500060005;3215050;3215050006;050;006;0005;RT 003 RW 002 DUSUN MEKAR JATI
32150500060006;3215050;3215050006;050;006;0006;RT 001 RW 003 DUSUN BABAKAN JATI
32150500060007;3215050;3215050006;050;006;0007;RT 002 RW 003 DUSUN BABAKAN JATI
32150500060008;3215050;3215050006;050;006;0008;RT 003 RW 003 DUSUN BABAKAN JATI
32150500060009;3215050;3215050006;050;006;0009;RT 001 RW 004 DUSUN BABAKAN JATI
32150500060010;3215050;3215050006;050;006;0010;RT 002 RW 004 DUSUN BABAKAN JATI
32150500060011;3215050;3215050006;050;006;0011;RT 003 RW 004 DUSUN BABAKAN JATI
32150500060012;3215050;3215050006;050;006;0012;RT 001 RW 005 DUSUN JATI RASA
32150500060013;3215050;3215050006;050;006;0013;RT 002 RW 005 DUSUN JATI RASA
32150500060014;3215050;3215050006;050;006;0014;RT 001 RW 006 DUSUN JATI RASA
32150500060015;3215050;3215050006;050;006;0015;RT 002 RW 006 DUSUN JATI RASA
32150500060016;3215050;3215050006;050;006;0016;RT 003 RW 006 DUSUN JATI RASA
32150500060017;3215050;3215050006;050;006;0017;RT 001 RW 007 DUSUN SUKAJADI
32150500060018;3215050;3215050006;050;006;0018;RT 002 RW 007 DUSUN SUKAJADI
32150500060019;3215050;3215050006;050;006;0019;RT 003 RW 007 DUSUN SUKAJADI
32150500060020;3215050;3215050006;050;006;0020;RT 001 RW 012 DUSUN SUKAJADI
32150500060021;3215050;3215050006;050;006;0021;RT 002 RW 012 DUSUN SUKAJADI
32150500060022;3215050;3215050006;050;006;0022;RT 003 RW 012 DUSUN SUKAJADI
32150500060023;3215050;3215050006;050;006;0023;RT 004 RW 012 DUSUN SUKAJADI
32150500060024;3215050;3215050006;050;006;0024;RT 001 RW 008 DUSUN CIJALU
32150500060025;3215050;3215050006;050;006;0025;RT 002 RW 008 DUSUN CIJALU
32150500060026;3215050;3215050006;050;006;0026;RT 003 RW 008 DUSUN CIJALU
32150500060027;3215050;3215050006;050;006;0027;RT 001 RW 011 DUSUN CIJALU
32150500060028;3215050;3215050006;050;006;0028;RT 002 RW 011 DUSUN CIJALU
32150500060029;3215050;3215050006;050;006;0029;RT 003 RW 011 DUSUN CIJALU
32150500060030;3215050;3215050006;050;006;0030;RT 004 RW 011 DUSUN CIJALU
32150500060031;3215050;3215050006;050;006;0031;RT 001 RW 009 DUSUN SUKAMAJU
32150500060032;3215050;3215050006;050;006;0032;RT 002 RW 009 DUSUN SUKAMAJU
32150500060033;3215050;3215050006;050;006;0033;RT 003 RW 009 DUSUN SUKAMAJU
32150500060034;3215050;3215050006;050;006;0034;RT 001 RW 010 DUSUN SUKAMAJU
32150500060035;3215050;3215050006;050;006;0035;RT 002 RW 010 DUSUN SUKAMAJU
32150500060036;3215050;3215050006;050;006;0036;RT 003 RW 010 DUSUN SUKAMAJU
32150500060037;3215050;3215050006;050;006;0037;RT 004 RW 010 DUSUN SUKAMAJU
32150500060038;3215050;3215050006;050;006;0038;RT 005 RW 010 DUSUN SUKAMAJU
32150500070001;3215050;3215050007;050;007;0001;RT 08 RW 004 DUSUN CIKAMPEK TUA TIMUR
32150500070002;3215050;3215050007;050;007;0002;RT 009 RW 004 DUSUN CIKAMPEK TUA TIMUR
32150500070003;3215050;3215050007;050;007;0003;RT 010 RW 004 DUSUN CIKAMPEK TUA TIMUR
32150500070004;3215050;3215050007;050;007;0004;RT 11 RW 05 DUSUN CIKAMPEK TUA TIMUR
32150500070005;3215050;3215050007;050;007;0005;RT 012 RW 005 DUSUN CIKAMPEK TUA TIMUR
32150500070006;3215050;3215050007;050;007;0006;RT 013 RW 005 DUSUN CIKAMPEK TUA TIMUR
32150500070007;3215050;3215050007;050;007;0007;RT 014 RW 005 DUSUN CIKAMPEK TUA TIMUR
32150500070008;3215050;3215050007;050;007;0008;RT 015 RW 006 DUSUN CIKAMPEK TUA TIMUR
32150500070009;3215050;3215050007;050;007;0009;RT 006 RW 002 DUSUN CIKAMPEK TUA BARAT
32150500070010;3215050;3215050007;050;007;0010;RT 002 RW 001 DUSUN CIKAMPEK TUA BARAT
32150500070011;3215050;3215050007;050;007;0011;RT 003 RW 001 DUSUN CIKAMPEK TUA BARAT
32150500070012;3215050;3215050007;050;007;0012;RT 005 RW 002 DUSUN CIKAMPEK TUA BARAT
32150500070013;3215050;3215050007;050;007;0013;RT 004 RW 002 DUSUN CIKAMPEK TUA BARAT
32150500070014;3215050;3215050007;050;007;0014;RT 016 RW 003 DUSUN CIKAMPEK TUA BARAT
32150500070015;3215050;3215050007;050;007;0015;RT 007 RW 003 DUSUN CIKAMPEK TUA BARAT
32150500070016;3215050;3215050007;050;007;0016;RT 001 RW 001 DUSUN CIKAMPEK TUA BARAT
32150500070017;3215050;3215050007;050;007;0017;RT 017 RW 005 DUSUN CIKAMPEK TUA TIMUR
32150500080001;3215050;3215050008;050;008;0001;RT 001 RW 001 DUSUN SENTUL I
32150500080002;3215050;3215050008;050;008;0002;RT 002 RW 001 DUSUN SENTUL I
32150500080003;3215050;3215050008;050;008;0003;RT 003 RW 001 DUSUN SENTUL I
32150500080004;3215050;3215050008;050;008;0004;RT 001 RW 002 DUSUN SENTUL II
32150500080005;3215050;3215050008;050;008;0005;RT 002 RW 002 DUSUN SENTUL II
32150500080006;3215050;3215050008;050;008;0006;RT 003 RW 002 DUSUN SENTUL II
32150500080007;3215050;3215050008;050;008;0007;RT 004 RW 002 DUSUN SENTUL II
32150500080008;3215050;3215050008;050;008;0008;RT 001 RW 003 DUSUN GALUR
32150500080009;3215050;3215050008;050;008;0009;RT 002 RW 003 DUSUN GALUR
32150500080010;3215050;3215050008;050;008;0010;RT 003 RW 003 DUSUN GALUR
32150500080011;3215050;3215050008;050;008;0011;RT 001 RW 004 DUSUN KARANG ANYAR
32150500080012;3215050;3215050008;050;008;0012;RT 002 RW 004 DUSUN KARANG ANYAR
32150500080013;3215050;3215050008;050;008;0013;RT 001 RW 005 DUSUN CILUWEK 1
32150500080014;3215050;3215050008;050;008;0014;RT 002 RW 005 DUSUN CILUWEK 1
32150500080015;3215050;3215050008;050;008;0015;RT 003 RW 005 DUSUN CILUWEK 1
32150500080016;3215050;3215050008;050;008;0016;RT 001 RW 006 DUSUN CILUWEK 1
32150500080017;3215050;3215050008;050;008;0017;RT 002 RW 006 DUSUN CILUWEK 1
32150500080018;3215050;3215050008;050;008;0018;RT 003 RW 006 DUSUN CILUWEK 1
32150500080019;3215050;3215050008;050;008;0019;RT 001 RW 007 DUSUN CILUWEK 2
32150500080020;3215050;3215050008;050;008;0020;RT 002 RW 007 DUSUN CILUWEK 2
32150500080021;3215050;3215050008;050;008;0021;RT 003 RW 007 DUSUN CILUWEK 2
32150500080022;3215050;3215050008;050;008;0022;RT 001 RW 008 DUSUN SENTUL II
32150500080023;3215050;3215050008;050;008;0023;RT 002 RW 008 DUSUN SENTUL II
32150500080024;3215050;3215050008;050;008;0024;RT 001 RW 009 DUSUN SENTUL I
32150500080025;3215050;3215050008;050;008;0025;RT 002 RW 009 DUSUN SENTUL I
32150500080026;3215050;3215050008;050;008;0026;RT 001 RW 010 DUSUN CILUWEK 2
32150500080027;3215050;3215050008;050;008;0027;RT 002 RW 010 DUSUN CILUWEK 2
32150500080028;3215050;3215050008;050;008;0028;RT 003 RW 010 DUSUN CILUWEK 2
32150500080029;3215050;3215050008;050;008;0029;RT 001 RW 011 DUSUN SENTUL I
32150500080030;3215050;3215050008;050;008;0030;RT 002 RW 011 DUSUN SENTUL I
32150500080031;3215050;3215050008;050;008;0031;RT 001 RW 012 DUSUN KARANG ANYAR
32150500080032;3215050;3215050008;050;008;0032;RT 002 RW 012 DUSUN KARANG ANYAR
32150500080033;3215050;3215050008;050;008;0033;RT 003 RW 012 DUSUN KARANG ANYAR
32150500080034;3215050;3215050008;050;008;0034;RT 004 RW 012 DUSUN KARANG ANYAR
32150500080035;3215050;3215050008;050;008;0035;RT 005 RW 012 DUSUN KARANG ANYAR
32150500080036;3215050;3215050008;050;008;0036;RT 001 RW 013 DUSUN SENTUL I
32150500080037;3215050;3215050008;050;008;0037;RT 002 RW 013 DUSUN SENTUL I
32150500090001;3215050;3215050009;050;009;0001;RT 001 RW 001 DUSUN MEKAR BARU
32150500090002;3215050;3215050009;050;009;0002;RT 002 RW 001 DUSUN MEKAR BARU
32150500090003;3215050;3215050009;050;009;0003;RT 003 RW 001 DUSUN MEKAR BARU
32150500090004;3215050;3215050009;050;009;0004;RT 001 RW 002 DUSUN MEKAR BARU
32150500090005;3215050;3215050009;050;009;0005;RT 002 RW 002 DUSUN MEKAR BARU
32150500090006;3215050;3215050009;050;009;0006;RT 003 RW 002 DUSUN MEKAR BARU
32150500090007;3215050;3215050009;050;009;0007;RT 004 RW 002 DUSUN MEKAR BARU
32150500090008;3215050;3215050009;050;009;0008;RT 001 RW 003 DUSUN MEKAR BARU
32150500090009;3215050;3215050009;050;009;0009;RT 002 RW 003 DUSUN MEKAR BARU
32150500090010;3215050;3215050009;050;009;0010;RT 003 RW 003 DUSUN MEKAR BARU
32150500090011;3215050;3215050009;050;009;0011;RT 001 RW 004 DUSUN KRAJAN REMAJA
32150500090012;3215050;3215050009;050;009;0012;RT 002 RW 004 DUSUN KRAJAN REMAJA
32150500090013;3215050;3215050009;050;009;0013;RT 003 RW 004 DUSUN KRAJAN REMAJA
32150500090014;3215050;3215050009;050;009;0014;RT 004 RW 004 DUSUN KRAJAN REMAJA
32150500090015;3215050;3215050009;050;009;0015;RT 001 RW 005 DUSUN KRAJAN REMAJA
32150500090016;3215050;3215050009;050;009;0016;RT 002 RW 005 DUSUN KRAJAN REMAJA
32150500090017;3215050;3215050009;050;009;0017;RT 003 RW 005 DUSUN KRAJAN REMAJA
32150500090018;3215050;3215050009;050;009;0018;RT 001 RW 006 DUSUN WIRA KARYA
32150500090019;3215050;3215050009;050;009;0019;RT 002 RW 006 DUSUN WIRA KARYA
32150500090020;3215050;3215050009;050;009;0020;RT 003 RW 006 DUSUN WIRA KARYA
32150500090021;3215050;3215050009;050;009;0021;RT 001 RW 007 DUSUN WIRA KARYA
32150500090022;3215050;3215050009;050;009;0022;RT 002 RW 007 DUSUN WIRA KARYA
32150500090023;3215050;3215050009;050;009;0023;RT 001 RW 008 DUSUN WIRA KARYA
32150500090024;3215050;3215050009;050;009;0024;RT 002 RW 008 DUSUN WIRA KARYA
32150500090025;3215050;3215050009;050;009;0025;RT 001 RW 009 DUSUN JATI INDAH
32150500090026;3215050;3215050009;050;009;0026;RT 002 RW 009 DUSUN JATI INDAH
32150500090027;3215050;3215050009;050;009;0027;RT 001 RW 010 DUSUN JATI INDAH
32150500090028;3215050;3215050009;050;009;0028;RT 002 RW 010 DUSUN JATI INDAH
32150500090029;3215050;3215050009;050;009;0029;RT 003 RW 010 DUSUN JATI INDAH
32150500090030;3215050;3215050009;050;009;0030;RT 004 RW 010 DUSUN JATI INDAH
32150500110001;3215050;3215050011;050;011;0001;RT 01 RW 01 DUSUN KRAJAN TIMUR
32150500110002;3215050;3215050011;050;011;0002;RT 02 RW 01 DUSUN KRAJAN TIMUR
32150500110003;3215050;3215050011;050;011;0003;RT 03 RW 01 DUSUN KRAJAN TIMUR
32150500110004;3215050;3215050011;050;011;0004;RT 01 RW 02 DUSUN KRAJAN TIMUR
32150500110005;3215050;3215050011;050;011;0005;RT 02 RW 02 DUSUN KRAJAN TIMUR
32150500110006;3215050;3215050011;050;011;0006;RT 03 RW 02 DUSUN KRAJAN TIMUR
32150500110007;3215050;3215050011;050;011;0007;RT 01 RW 03 DUSUN SUKAMANAH
32150500110008;3215050;3215050011;050;011;0008;RT 02 RW 03 DUSUN SUKAMANAH
32150500110009;3215050;3215050011;050;011;0009;RT 03 RW 03 DUSUN SUKAMANAH
32150500110010;3215050;3215050011;050;011;0010;RT 01 RW 04 DUSUN SUKAMANAH
32150500110011;3215050;3215050011;050;011;0011;RT 02 RW 04 DUSUN SUKAMANAH
32150500110012;3215050;3215050011;050;011;0012;RT 04 RW 04 DUSUN SUKAMANAH
32150500110013;3215050;3215050011;050;011;0013;RT 01 RW 12 DUSUN SUKAMANAH
32150500110014;3215050;3215050011;050;011;0014;RT 02 RW 12 DUSUN SUKAMANAH
32150500110015;3215050;3215050011;050;011;0015;RT 03 RW 12 DUSUN SUKAMANAH
32150500110016;3215050;3215050011;050;011;0016;RT 02 RW 19 DUSUN SUKAMANAH
32150500110017;3215050;3215050011;050;011;0017;RT 01 RW 18 DUSUN SUKAMANAH
32150500110018;3215050;3215050011;050;011;0018;RT 03 RW 18 DUSUN SUKAMANAH
32150500110019;3215050;3215050011;050;011;0019;RT 04 RW 18 DUSUN SUKAMANAH
32150500110020;3215050;3215050011;050;011;0020;RT 05 RW 18 DUSUN SUKAMANAH
32150500110021;3215050;3215050011;050;011;0021;RT 01 RW 05 DUSUN SUKAJADI
32150500110022;3215050;3215050011;050;011;0022;RT 02 RW 05 DUSUN SUKAJADI
32150500110023;3215050;3215050011;050;011;0023;RT 03 RW 05 DUSUN SUKAJADI
32150500110024;3215050;3215050011;050;011;0024;RT 01 RW 06 DUSUN SUKAJADI
32150500110025;3215050;3215050011;050;011;0025;RT 02 RW 06 DUSUN SUKAJADI
32150500110026;3215050;3215050011;050;011;0026;RT 03 RW 06 DUSUN SUKAJADI
32150500110027;3215050;3215050011;050;011;0027;RT 01 RW 07 DUSUN KRAJAN BARAT
32150500110028;3215050;3215050011;050;011;0028;RT 02 RW 07 DUSUN KRAJAN BARAT
32150500110029;3215050;3215050011;050;011;0029;RT 03 RW 07 DUSUN KRAJAN BARAT
32150500110030;3215050;3215050011;050;011;0030;RT 04 RW 07 DUSUN KRAJAN BARAT
32150500110031;3215050;3215050011;050;011;0031;RT 01 RW 08 DUSUN KRAJAN BARAT
32150500110032;3215050;3215050011;050;011;0032;RT 02 RW 08 DUSUN KRAJAN BARAT
32150500110033;3215050;3215050011;050;011;0033;RT 01 RW 09 DUSUN SUKAMULYA
32150500110034;3215050;3215050011;050;011;0034;RT 02 RW 09 DUSUN SUKAMULYA
32150500110035;3215050;3215050011;050;011;0035;RT 03 RW 09 DUSUN SUKAMULYA
32150500110036;3215050;3215050011;050;011;0036;RT 01 RW 10 DUSUN SUKAMULYA
32150500110037;3215050;3215050011;050;011;0037;RT 02 RW 10 DUSUN SUKAMULYA
32150500110038;3215050;3215050011;050;011;0038;RT 03 RW 10 DUSUN SUKAMULYA
32150500110039;3215050;3215050011;050;011;0039;RT 04 RW 10 DUSUN SUKAMULYA
32150500110040;3215050;3215050011;050;011;0040;RT 05 RW 10 DUSUN SUKAMULYA
32150500110041;3215050;3215050011;050;011;0041;RT 01 RW 11 DUSUN SUKATANI
32150500110042;3215050;3215050011;050;011;0042;RT 02 RW 11 DUSUN SUKATANI
32150500110043;3215050;3215050011;050;011;0043;RT 03 RW 11 DUSUN SUKATANI
32150500110044;3215050;3215050011;050;011;0044;RT 01 RW 13 DUSUN SUKAMULYA
32150500110045;3215050;3215050011;050;011;0045;RT 02 RW 13 DUSUN SUKAMULYA
32150500110046;3215050;3215050011;050;011;0046;RT 03 RW 13 DUSUN SUKAMULYA
32150500110047;3215050;3215050011;050;011;0047;RT 01 RW 14 DUSUN SUKATANI
32150500110048;3215050;3215050011;050;011;0048;RT 02 RW 14 DUSUN SUKATANI
32150500110049;3215050;3215050011;050;011;0049;RT 003 RW 014 DUSUN SUKATANI
32150500110050;3215050;3215050011;050;011;0050;RT 04 RW 14 DUSUN SUKATANI
32150500110051;3215050;3215050011;050;011;0051;RT 05 RW 14 DUSUN SUKATANI
32150500110052;3215050;3215050011;050;011;0052;RT 06 RW 14 DUSUN SUKATANI
32150500110053;3215050;3215050011;050;011;0053;RT 07 RW 14 DUSUN SUKATANI
32150500110054;3215050;3215050011;050;011;0054;RT 08 RW 14 DUSUN SUKATANI
32150500110055;3215050;3215050011;050;011;0055;RT 01 RW 15 DUSUN SUKATANI
32150500110056;3215050;3215050011;050;011;0056;RT 02 RW 15 DUSUN SUKATANI
32150500110057;3215050;3215050011;050;011;0057;RT 03 RW 15 DUSUN SUKATANI
32150500110058;3215050;3215050011;050;011;0058;RT 04 RW 15 DUSUN SUKATANI
32150500110059;3215050;3215050011;050;011;0059;RT 05 RW 15 DUSUN SUKATANI
32150500110060;3215050;3215050011;050;011;0060;RT 06 RW 15 DUSUN SUKATANI
32150500110061;3215050;3215050011;050;011;0061;RT 07 RW 15 DUSUN SUKATANI
32150500110062;3215050;3215050011;050;011;0062;RT 08 RW 15 DUSUN SUKATANI
32150500110063;3215050;3215050011;050;011;0063;RT 09 RW 15 DUSUN SUKATANI
32150500110064;3215050;3215050011;050;011;0064;RT 01 RW 21 DUSUN SUKATANI
32150500110065;3215050;3215050011;050;011;0065;RT 02 RW 21 DUSUN SUKATANI
32150500110066;3215050;3215050011;050;011;0066;RT 01 RW 16 DUSUN SUKATANI
32150500110067;3215050;3215050011;050;011;0067;RT 02 RW 16 DUSUN SUKATANI
32150500110068;3215050;3215050011;050;011;0068;RT 03 RW 16 DUSUN SUKATANI
32150500110069;3215050;3215050011;050;011;0069;RT 04 RW 16 DUSUN SUKATANI
32150500110070;3215050;3215050011;050;011;0070;RT 05 RW 16 DUSUN SUKATANI
32150500110071;3215050;3215050011;050;011;0071;RT 01 RW 17 DUSUN SUKATANI
32150500110072;3215050;3215050011;050;011;0072;RT 02 RW 17 DUSUN SUKATANI
32150500110073;3215050;3215050011;050;011;0073;RT 03 RW 17 DUSUN SUKATANI
32150500110074;3215050;3215050011;050;011;0074;RT 04 RW 17 DUSUN SUKATANI
32150500110075;3215050;3215050011;050;011;0075;RT 05 RW 17 DUSUN SUKATANI
32150500110076;3215050;3215050011;050;011;0076;RT 06 RW 17 DUSUN SUKATANI
32150500110077;3215050;3215050011;050;011;0077;RT 07 RW 17 DUSUN SUKATANI
32150500110078;3215050;3215050011;050;011;0078;RT 08 RW 17 DUSUN SUKATANI
32150500110079;3215050;3215050011;050;011;0079;RT 09 RW 17 DUSUN SUKATANI
32150500110081;3215050;3215050011;050;011;0081;RT 02 RW 20 DUSUN SUKATANI
32150500110082;3215050;3215050011;050;011;0082;RT 03 RW 20 DUSUN SUKATANI
32150500110083;3215050;3215050011;050;011;0083;RT 04 RW 11 DUSUN SUKATANI
32150500110084;3215050;3215050011;050;011;0084;RT 01 RW 19 DUSUN SUKAMANAH
32150500110085;3215050;3215050011;050;011;0085;RT 01 RW 20 DUSUN SUKATANI
32150500110086;3215050;3215050011;050;011;0086;RT 02 RW 18 DUSUN SUKAMANAH
32150500110088;3215050;3215050011;050;011;0088;RT 04 RW 20 DUSUN SUKATANI
32150500110090;3215050;3215050011;050;011;0090;RT 03 RW 21 DUSUN SUKATANI
32150500110092;3215050;3215050011;050;011;0092;RT 03 RW 04 DUSUN SUKAMANAH
32150500110093;3215050;3215050011;050;011;0093;RT 10 RW 15 DUSUN SUKATANI
32150500110095;3215050;3215050011;050;011;0095;RT 07 RW 18 DUSUN SUKAMANAH
32150500110096;3215050;3215050011;050;011;0096;RT 06 RW 18 DUSUN SUKAMANAH
32150500120001;3215050;3215050012;050;012;0001;RT 001 RW 001 DUSUN SENTUL
32150500120002;3215050;3215050012;050;012;0002;RT 002 RW 001 DUSUN SENTUL
32150500120003;3215050;3215050012;050;012;0003;RT 003 RW 001 DUSUN SENTUL
32150500120004;3215050;3215050012;050;012;0004;RT 001 RW 002 DUSUN SENTUL
32150500120005;3215050;3215050012;050;012;0005;RT 002 RW 002 DUSUN SENTUL
32150500120006;3215050;3215050012;050;012;0006;RT 003 RW 002 DUSUN SENTUL
32150500120007;3215050;3215050012;050;012;0007;RT 001 RW 003 DUSUN SENTUL
32150500120008;3215050;3215050012;050;012;0008;RT 002 RW 003 DUSUN SENTUL
32150500120009;3215050;3215050012;050;012;0009;RT 001 RW 004 DUSUN PAWARENGAN
32150500120010;3215050;3215050012;050;012;0010;RT 002 RW 004 DUSUN PAWARENGAN
32150500120011;3215050;3215050012;050;012;0011;RT 003 RW 004 DUSUN PAWARENGAN
32150500120012;3215050;3215050012;050;012;0012;RT 004 RW 004 DUSUN PAWARENGAN
32150500120013;3215050;3215050012;050;012;0013;RT 001 RW 011 DUSUN PAWARENGAN
32150500120014;3215050;3215050012;050;012;0014;RT 002 RW 011 DUSUN PAWARENGAN
32150500120015;3215050;3215050012;050;012;0015;RT 003 RW 011 DUSUN PAWARENGAN
32150500120016;3215050;3215050012;050;012;0016;RT 001 RW 012 DUSUN PAWARENGAN
32150500120017;3215050;3215050012;050;012;0017;RT 002 RW 012 DUSUN PAWARENGAN
32150500120018;3215050;3215050012;050;012;0018;RT 003 RW 012 DUSUN PAWARENGAN
32150500120019;3215050;3215050012;050;012;0019;RT 001 RW 006 DUSUN S. BANDUNG KIDUL
32150500120020;3215050;3215050012;050;012;0020;RT 003 RW 006 DUSUN SUMUR BANDUNG KIDUL
32150500120021;3215050;3215050012;050;012;0021;RT 002 RW 006 DUSUN SUMUR BANDUNG KIDUL
32150500120022;3215050;3215050012;050;012;0022;RT 001 RW 007 DUSUN S. BANDUNG KIDUL
32150500120023;3215050;3215050012;050;012;0023;RT 002 RW 007 DUSUN S. BANDUNG KIDUL
32150500120024;3215050;3215050012;050;012;0024;RT 003 RW 007 DUSUN S. BANDUNG KIDUL
32150500120025;3215050;3215050012;050;012;0025;RT 001 RW 014 DUSUN S. BANDUNG KIDUL
32150500120026;3215050;3215050012;050;012;0026;RT 002 RW 014 DUSUN S. BANDUNG KIDUL
32150500120027;3215050;3215050012;050;012;0027;RT 003 RW 014 DUSUN S. BANDUNG KIDUL
32150500120028;3215050;3215050012;050;012;0028;RT 001 RW 015 DUSUN S. BANDUNG KIDUL
32150500120029;3215050;3215050012;050;012;0029;RT 002 RW 015 DUSUN S. BANDUNG KIDUL
32150500120030;3215050;3215050012;050;012;0030;RT 003 RW 015 DUSUN S. BANDUNG KIDUL
32150500120031;3215050;3215050012;050;012;0031;RT 001 RW 008 DUSUN S. BANDUNG KALER
32150500120032;3215050;3215050012;050;012;0032;RT 002 RW 008 DUSUN S. BANDUNG KALER
32150500120033;3215050;3215050012;050;012;0033;RT 003 RW 008 DUSUN S. BANDUNG KALER
32150500120034;3215050;3215050012;050;012;0034;RT 004 RW 008 DUSUN S. BANDUNG KALER
32150500120035;3215050;3215050012;050;012;0035;RT 001 RW 009 DUSUN S. BANDUNG KALER
32150500120036;3215050;3215050012;050;012;0036;RT 002 RW 009 DUSUN S. BANDUNG KALER
32150500120037;3215050;3215050012;050;012;0037;RT 001 RW 005 DUSUN BLOK SAWO
32150500120038;3215050;3215050012;050;012;0038;RT 002 RW 005 DUSUN BLOK SAWO
32150500120039;3215050;3215050012;050;012;0039;RT 004 RW 005 DUSUN BLOK SAWO
32150500120040;3215050;3215050012;050;012;0040;RT 003 RW 005 DUSUN BLOK SAWO
32150500120041;3215050;3215050012;050;012;0041;RT 001 RW 010 DUSUN GRIYA CITRA PERSADA
32150500120042;3215050;3215050012;050;012;0042;RT 002 RW 010 DUSUN GRIYA CITRA PERSADA
32150500120043;3215050;3215050012;050;012;0043;RT 003 RW 010 DUSUN GRIYA CITRA PERSADA
32150500120044;3215050;3215050012;050;012;0044;RT 004 RW 010 DUSUN GRIYA CITRA PERSADA
32150500120045;3215050;3215050012;050;012;0045;RT 005 RW 010 DUSUN GRIYA CITRA PERSADA
32150500120046;3215050;3215050012;050;012;0046;RT 006 RW 010 DUSUN GRIYA CITRA PERSADA
32150500120047;3215050;3215050012;050;012;0047;RT 001 RW 013 DUSUN GRIYA CITRA PERSADA
32150500120048;3215050;3215050012;050;012;0048;RT 002 RW 013 DUSUN GRIYA CITRA PERSADA
32150500120049;3215050;3215050012;050;012;0049;RT 003 RW 013 DUSUN GRIYA CITRA PERSADA
32150500120050;3215050;3215050012;050;012;0050;RT 004 RW 013 DUSUN GRIYA CITRA PERSADA
32150500120051;3215050;3215050012;050;012;0051;RT 005 RW 013 DUSUN GRIYA CITRA PERSADA
32150500120052;3215050;3215050012;050;012;0052;RT 001 RW 016 DUSUN PAWARENGAN
32150500120053;3215050;3215050012;050;012;0053;RT 002 RW 016 DUSUN PAWARENGAN
32150500120054;3215050;3215050012;050;012;0054;RT 003 RW 016 DUSUN PAWARENGAN
32150500120055;3215050;3215050012;050;012;0055;RT 005 RW 008 DUSUN SUMUR BANDUNG
32150500120056;3215050;3215050012;050;012;0056;RT 001 RW 017 DUSUN SUMUR BANDUNG
32150500120057;3215050;3215050012;050;012;0057;RT 002 RW 017 DUSUN SUMUR BANDUNG
32150500120058;3215050;3215050012;050;012;0058;RT 003 RW 017 DUSUN SUMUR BANDUNG
32150500120059;3215050;3215050012;050;012;0059;RT 004 RW 017 DUSUN SUMUR BANDUNG
32150500120060;3215050;3215050012;050;012;0060;RT 005 RW 017 DUSUN SUMUR BANDUNG
32150500120061;3215050;3215050012;050;012;0061;RT 004 RW 015 DUSUN DAWUAN ROYAL 2
32150500120062;3215050;3215050012;050;012;0062;RT 004 RW 007 DUSUN SUMUR BANDUNG KIDUL
32150500120063;3215050;3215050012;050;012;0063;RT 004 RW 016 DUSUN PAWARENGAN
32150500120064;3215050;3215050012;050;012;0064;RT 004 RW 014 DUSUN SUMUR BANDUNG KIDUL
32150500120065;3215050;3215050012;050;012;0065;RT 005 RW 005 PERUM PESONA GRAND KARAWANG
32150500120066;3215050;3215050012;050;012;0066;RT 005 RW 015 DUSUN DAWUAN ROYAL 2
32150500130001;3215050;3215050013;050;013;0001;RT 001 RW 001 DUSUN POPONCOL
32150500130002;3215050;3215050013;050;013;0002;RT 002 RW 001 DUSUN POPONCOL
32150500130003;3215050;3215050013;050;013;0003;RT 003 RW 001 DUSUN POPONCOL
32150500130004;3215050;3215050013;050;013;0004;RT 001 RW 002 DUSUN POPONCOL
32150500130005;3215050;3215050013;050;013;0005;RT 002 RW 002 DUSUN POPONCOL
32150500130006;3215050;3215050013;050;013;0006;RT 003 RW 002 DUSUN POPONCOL
32150500130007;3215050;3215050013;050;013;0007;RT 001 RW 003 DUSUN POPONCOL
32150500130008;3215050;3215050013;050;013;0008;RT 002 RW 003 DUSUN POPONCOL
32150500130009;3215050;3215050013;050;013;0009;RT 003 RW 003 DUSUN POPONCOL
32150500130010;3215050;3215050013;050;013;0010;RT 005 RW 003 DUSUN POPONCOL
32150500130011;3215050;3215050013;050;013;0011;RT 006 RW 003 DUSUN POPONCOL
32150500130012;3215050;3215050013;050;013;0012;RT 007 RW 003 DUSUN POPONCOL
32150500130013;3215050;3215050013;050;013;0013;RT 008 RW 003 DUSUN POPONCOL
32150500130014;3215050;3215050013;050;013;0014;RT 001 RW 004 DUSUN PAJATEN
32150500130015;3215050;3215050013;050;013;0015;RT 002 RW 004 DUSUN PAJATEN
32150500130016;3215050;3215050013;050;013;0016;RT 003 RW 004 DUSUN PAJATEN
32150500130017;3215050;3215050013;050;013;0017;RT 004 RW 004 DUSUN PAJATEN
32150500130018;3215050;3215050013;050;013;0018;RT 001 RW 005 DUSUN PAJATEN
32150500130019;3215050;3215050013;050;013;0019;RT 002 RW 005 DUSUN PAJATEN
32150500130020;3215050;3215050013;050;013;0020;RT 003 RW 005 DUSUN PAJATEN
32150500130021;3215050;3215050013;050;013;0021;RT 004 RW 005 DUSUN PAJATEN
32150500130022;3215050;3215050013;050;013;0022;RT 005 RW 005 DUSUN PAJATEN
32150500130023;3215050;3215050013;050;013;0023;RT 006 RW 005 DUSUN PAJATEN
32150500130024;3215050;3215050013;050;013;0024;RT 007 RW 005 DUSUN PAJATEN
32150500130025;3215050;3215050013;050;013;0025;RT 008 RW 005 DUSUN PAJATEN
32150500130026;3215050;3215050013;050;013;0026;RT 001 RW 006 DUSUN PAJATEN
32150500130027;3215050;3215050013;050;013;0027;RT 002 RW 006 DUSUN PAJATEN
32150500130028;3215050;3215050013;050;013;0028;RT 003 RW 006 DUSUN PAJATEN
32150500130029;3215050;3215050013;050;013;0029;RT 004 RW 006 DUSUN PAJATEN
32150500130030;3215050;3215050013;050;013;0030;RT 005 RW 006 DUSUN PAJATEN
32150500130031;3215050;3215050013;050;013;0031;RT 006 RW 006 DUSUN PAJATEN
32150500130032;3215050;3215050013;050;013;0032;RT 007 RW 006 DUSUN PAJATEN
32150500130033;3215050;3215050013;050;013;0033;RT 001 RW 007 DUSUN KARAJAN
32150500130034;3215050;3215050013;050;013;0034;RT 002 RW 007 DUSUN KARAJAN
32150500130035;3215050;3215050013;050;013;0035;RT 003 RW 007 DUSUN KARAJAN
32150500130036;3215050;3215050013;050;013;0036;RT 001 RW 008 DUSUN KARAJAN
32150500130037;3215050;3215050013;050;013;0037;RT 002 RW 008 DUSUN KARAJAN
32150500130038;3215050;3215050013;050;013;0038;RT 003 RW 008 DUSUN KARAJAN
32150500130039;3215050;3215050013;050;013;0039;RT 001 RW 009 DUSUN KARANG GELAM
32150500130040;3215050;3215050013;050;013;0040;RT 002 RW 009 DUSUN KARANG GELAM
32150500130041;3215050;3215050013;050;013;0041;RT 003 RW 009 DUSUN KARANG GELAM
32150500130042;3215050;3215050013;050;013;0042;RT 004 RW 009 DUSUN KARANG GELAM
32150500130043;3215050;3215050013;050;013;0043;RT 005 RW 009 DUSUN KARANG GELAM
32150500130044;3215050;3215050013;050;013;0044;RT 006 RW 009 DUSUN KARANG GELAM
32150500130045;3215050;3215050013;050;013;0045;RT 001 RW 010 DUSUN CIPARAGE
32150500130046;3215050;3215050013;050;013;0046;RT 002 RW 010 DUSUN CIPARAGE
32150500130047;3215050;3215050013;050;013;0047;RT 003 RW 010 DUSUN CIPARAGE
32150500130048;3215050;3215050013;050;013;0048;RT 004 RW 010 DUSUN CIPARAGE
32150500130049;3215050;3215050013;050;013;0049;RT 001 RW 011 DUSUN PURBASARI
32150500130050;3215050;3215050013;050;013;0050;RT 002 RW 011 DUSUN PURBASARI
32150500130051;3215050;3215050013;050;013;0051;RT 003 RW 011 DUSUN PURBASARI
32150500130052;3215050;3215050013;050;013;0052;RT 001 RW 012 DUSUN PURBASARI
32150500130053;3215050;3215050013;050;013;0053;RT 002 RW 012 DUSUN PURBASARI
32150500130054;3215050;3215050013;050;013;0054;RT 003 RW 012 DUSUN PURBASARI
32150500130055;3215050;3215050013;050;013;0055;RT 001 RW 013 DUSUN PURBASARI
32150500130056;3215050;3215050013;050;013;0056;RT 002 RW 013 DUSUN PURBASARI
32150500130057;3215050;3215050013;050;013;0057;RT 003 RW 013 DUSUN PURBASARI
32150500130058;3215050;3215050013;050;013;0058;RT 001 RW 014 DUSUN KRAJAN
32150500130059;3215050;3215050013;050;013;0059;RT 002 RW 014 DUSUN KARAJAN
32150500130060;3215050;3215050013;050;013;0060;RT 003 RW 014 DUSUN KARAJAN
32150500130061;3215050;3215050013;050;013;0061;RT 004 RW 014 DUSUN KARAJAN
32150500130062;3215050;3215050013;050;013;0062;RT 005 RW 014 DUSUN KARAJAN
32150500130063;3215050;3215050013;050;013;0063;RT 001 RW 015 DUSUN CIPARAGE
32150500130064;3215050;3215050013;050;013;0064;RT 002 RW 015 DUSUN CIPARAGE
32150500130065;3215050;3215050013;050;013;0065;RT 003 RW 015 DUSUN CIPARAGE
32150500130066;3215050;3215050013;050;013;0066;RT 004 RW 015 DUSUN CIPARAGE
32150500130067;3215050;3215050013;050;013;0067;RT 005 RW 015 DUSUN CIPARAGE
32150500130068;3215050;3215050013;050;013;0068;RT 001 RW 016 DUSUN KARANG GELAM
32150500130069;3215050;3215050013;050;013;0069;RT 002 RW 016 DUSUN KARANG GELAM
32150500130070;3215050;3215050013;050;013;0070;RT 003 RW 016 DUSUN KARANG GELAM
32150500130071;3215050;3215050013;050;013;0071;RT 004 RW 016 DUSUN KARANG GELAM
32150500130072;3215050;3215050013;050;013;0072;RT 005 RW 016 DUSUN KARANG GELAM
32150500130073;3215050;3215050013;050;013;0073;RT 006 RW 016 DUSUN KARANG GELAM
32150500130074;3215050;3215050013;050;013;0074;RT 007 RW 016 DUSUN KARANG GELAM
32150500130075;3215050;3215050013;050;013;0075;RT 008 RW 016 DUSUN KARANG GELAM
32150500130076;3215050;3215050013;050;013;0076;RT 001 RW 017 DUSUN CIPARAGE
32150500130077;3215050;3215050013;050;013;0077;RT 002 RW 017 DUSUN CIPARAGE
32150500130078;3215050;3215050013;050;013;0078;RT 003 RW 017 DUSUN CIPARAGE
32150500130079;3215050;3215050013;050;013;0079;RT 004 RW 017 DUSUN CIPARAGE
32150500130080;3215050;3215050013;050;013;0080;RT 001 RW 018 DUSUN CIPARAGE
32150500130081;3215050;3215050013;050;013;0081;RT 002 RW 018 DUSUN CIPARAGE
32150500130082;3215050;3215050013;050;013;0082;RT 003 RW 018 DUSUN CIPARAGE
32150500130083;3215050;3215050013;050;013;0083;RT 004 RW 018 DUSUN CIPARAGE
32150500130084;3215050;3215050013;050;013;0084;RT 005 RW 018 DUSUN CIPARAGE
32150500130085;3215050;3215050013;050;013;0085;RT 001 RW 019 DUSUN CIPARAGE
32150500130086;3215050;3215050013;050;013;0086;RT 002 RW 019 DUSUN CIPARAGE
32150500130087;3215050;3215050013;050;013;0087;RT 003 RW 019 DUSUN CIPARAGE
32150500130088;3215050;3215050013;050;013;0088;RT 004 RW 019 DUSUN CIPARAGE
32150500131003;3215050;3215050013;050;013;1003;SAWAH PENGASINAN
32150500131004;3215050;3215050013;050;013;1004;SAWAH PENGASINAN
32150500135001;3215050;3215050013;050;013;5001;KAWASAN INDUSTRI
32150500135002;3215050;3215050013;050;013;5002;KAWASAN INDUSTRI
32150500140001;3215050;3215050014;050;014;0001;RT 001 RW 001 DUSUN KAMIJAYA
32150500140002;3215050;3215050014;050;014;0002;RT 002 RW 001 DUSUN KAMIJAYA
32150500140003;3215050;3215050014;050;014;0003;RT 001 RW 002 DUSUN KAMIJAYA
32150500140004;3215050;3215050014;050;014;0004;RT 002 RW 002 DUSUN KAMIJAYA
32150500140005;3215050;3215050014;050;014;0005;RT 001 RW 003 DUSUN BABAKAN SEREH
32150500140006;3215050;3215050014;050;014;0006;RT 002 RW 003 DUSUN BABAKAN SEREH
32150500140007;3215050;3215050014;050;014;0007;RT 003 RW 003 DUSUN BABAKAN SEREH
32150500140008;3215050;3215050014;050;014;0008;RT 001 RW 004 DUSUN BABAKAN SEREH
32150500140009;3215050;3215050014;050;014;0009;RT 002 RW 004 DUSUN BABAKAN SEREH
32150500140010;3215050;3215050014;050;014;0010;RT 003 RW 004 DUSUN BABAKAN SEREH
32150500140011;3215050;3215050014;050;014;0011;RT 001 RW 005 DUSUN BABAKAN BOGOR
32150500140012;3215050;3215050014;050;014;0012;RT 002 RW 005 DUSUN BABAKAN BOGOR
32150500140013;3215050;3215050014;050;014;0013;RT 003 RW 005 DUSUN BABAKAN BOGOR
32150500140014;3215050;3215050014;050;014;0014;RT 001 RW 006 DUSUN BABAKAN BOGOR
32150500140015;3215050;3215050014;050;014;0015;RT 002 RW 006 DUSUN BABAKAN BOGOR
32150500140016;3215050;3215050014;050;014;0016;RT 003 RW 006 DUSUN BABAKAN BOGOR
32150500140017;3215050;3215050014;050;014;0017;RT 001 RW 007 DUSUN TEGAL WANGI
32150500140018;3215050;3215050014;050;014;0018;RT 002 RW 007 DUSUN TEGAL WANGI
32150500140019;3215050;3215050014;050;014;0019;RT 003 RW 007 DUSUN TEGAL WANGI
32150500140020;3215050;3215050014;050;014;0020;RT 004 RW 007 DUSUN TEGAL WANGI
32150500140021;3215050;3215050014;050;014;0021;RT 005 RW 007 DUSUN TEGAL WANGI
32150500140022;3215050;3215050014;050;014;0022;RT 006 RW 007 DUSUN TEGAL WANGI
32150500140023;3215050;3215050014;050;014;0023;RT 001 RW 008 DUSUN TEGAL WANGI
32150500140024;3215050;3215050014;050;014;0024;RT 002 RW 008 DUSUN TEGAL WANGI
32150500140025;3215050;3215050014;050;014;0025;RT 003 RW 008 DUSUN TEGAL WANGI
32150500140026;3215050;3215050014;050;014;0026;RT 004 RW 008 DUSUN TEGAL WANGI
32150500140027;3215050;3215050014;050;014;0027;RT 001 RW 009 DUSUN PAYUYON
32150500140028;3215050;3215050014;050;014;0028;RT 002 RW 009 DUSUN PAYUYON
32150500140029;3215050;3215050014;050;014;0029;RT 003 RW 009 DUSUN PAYUYON
32150500140030;3215050;3215050014;050;014;0030;RT 001 RW 010 DUSUN PAYUYON
32150500140031;3215050;3215050014;050;014;0031;RT 002 RW 010 DUSUN PAYUYON
32150500140032;3215050;3215050014;050;014;0032;RT 003 RW 010 DUSUN PAYUYON
32150500140033;3215050;3215050014;050;014;0033;RT 004 RW 010 DUSUN PAYUYON
32150500140034;3215050;3215050014;050;014;0034;RT 005 RW 010 DUSUN PAYUYON
32150500140035;3215050;3215050014;050;014;0035;RT 006 RW 010 DUSUN PAYUYON
32150500140036;3215050;3215050014;050;014;0036;RT 007 RW 010 DUSUN PAYUYON
32150500140037;3215050;3215050014;050;014;0037;RT 008 RW 010 DUSUN PAYUYON
32150500140038;3215050;3215050014;050;014;0038;RT 001 RW 014 DUSUN PAYUYON
32150500140039;3215050;3215050014;050;014;0039;RT 001 RW 011 DUSUN PERUM BMI 2
32150500140040;3215050;3215050014;050;014;0040;RT 002 RW 011 DUSUN PERUM BMI 2
32150500140041;3215050;3215050014;050;014;0041;RT 003 RW 011 DUSUN PERUM BMI 2
32150500140042;3215050;3215050014;050;014;0042;RT 004 RW 011 DUSUN PERUM BMI 2
32150500140043;3215050;3215050014;050;014;0043;RT 005 RW 011 DUSUN PERUM BMI 2
32150500140044;3215050;3215050014;050;014;0044;RT 001 RW 012 DUSUN PERUM BMI 2
32150500140045;3215050;3215050014;050;014;0045;RT 002 RW 012 DUSUN PERUM BMI 2
32150500140046;3215050;3215050014;050;014;0046;RT 003 RW 012 DUSUN PERUM BMI 2
32150500140047;3215050;3215050014;050;014;0047;RT 004 RW 012 DUSUN PERUM BMI 2
32150500140048;3215050;3215050014;050;014;0048;RT 005 RW 012 DUSUN PERUM BMI 2
32150500140049;3215050;3215050014;050;014;0049;RT 006 RW 012 DUSUN PERUM BMI 2
32150500140050;3215050;3215050014;050;014;0050;RT 001 RW 013 DUSUN PERUM BMI 2
32150500140051;3215050;3215050014;050;014;0051;RT 002 RW 013 DUSUN PERUM BMI 2
32150500140052;3215050;3215050014;050;014;0052;RT 003 RW 013 DUSUN PERUM BMI 2
32150500140053;3215050;3215050014;050;014;0053;RT 004 RW 013 DUSUN PERUM BMI 2
32150500140054;3215050;3215050014;050;014;0054;RT 005 RW 013 DUSUN PERUM BMI 2
32150500140055;3215050;3215050014;050;014;0055;RT 006 RW 013 DUSUN PERUM BMI 2
32150500140056;3215050;3215050014;050;014;0056;RT 007 RW 013 DUSUN PERUM BMI 2
32150500140057;3215050;3215050014;050;014;0057;RT 008 RW 013 DUSUN PERUM BMI 2
32150500140058;3215050;3215050014;050;014;0058;RT 009 RW 013 DUSUN PERUM BMI 2
32150500140059;3215050;3215050014;050;014;0059;RT 002 RW 014 DUSUN PAYUYON
32150500141001;3215050;3215050014;050;014;1001;SAWAH LEGA
32150510010001;3215051;3215051001;051;001;0001;RT 001 RW 001 DUSUN KARAJAN
32150510010002;3215051;3215051001;051;001;0002;RT 002 RW 001 DUSUN KARAJAN
32150510010003;3215051;3215051001;051;001;0003;RT 003 RW 002 DUSUN KARAJAN
32150510010004;3215051;3215051001;051;001;0004;RT 004 RW 002 DUSUN KARAJAN
32150510010005;3215051;3215051001;051;001;0005;RT 005 RW 003 DUSUN TAMELANG
32150510010006;3215051;3215051001;051;001;0006;RT 006 RW 003 DUSUN TAMELANG
32150510010007;3215051;3215051001;051;001;0007;RT 007 RW 004 DUSUN TAMELANG
32150510010008;3215051;3215051001;051;001;0008;RT 008 RW 004 DUSUN TAMELANG
32150510010009;3215051;3215051001;051;001;0009;RT 009 RW 005 DUSUN SERANG
32150510010010;3215051;3215051001;051;001;0010;RT 010 RW 005 DUSUN SERANG
32150510010011;3215051;3215051001;051;001;0011;RT 011 RW 006 DUSUN SERANG
32150510010012;3215051;3215051001;051;001;0012;RT 012 RW 006 DUSUN SERANG
32150510010013;3215051;3215051001;051;001;0013;RT 013 RW 007 DUSUN CILALUNG
32150510010014;3215051;3215051001;051;001;0014;RT 014 RW 007 DUSUN CILALUNG
32150510010015;3215051;3215051001;051;001;0015;RT 015 RW 008 DUSUN CILALUNG
32150510010016;3215051;3215051001;051;001;0016;RT 016 RW 008 DUSUN CILALUNG
32150510011001;3215051;3215051001;051;001;1001;SAWAH
32150510020001;3215051;3215051002;051;002;0001;RT 001 RW 001 DUSUN SUKAMULYA
32150510020002;3215051;3215051002;051;002;0002;RT 002 RW 001 DUSUN SUKAMULYA
32150510020003;3215051;3215051002;051;002;0003;RT 003 RW 002 DUSUN SUKAMULYA
32150510020004;3215051;3215051002;051;002;0004;RT 004 RW 002 DUSUN SUKAMULYA
32150510020005;3215051;3215051002;051;002;0005;RT 005 RW 003 DUSUN SUKAMULYA
32150510020006;3215051;3215051002;051;002;0006;RT 006 RW 003 DUSUN SUKAMULYA
32150510020007;3215051;3215051002;051;002;0007;RT 007 RW 004 DUSUN SUKAMAJU
32150510020008;3215051;3215051002;051;002;0008;RT 008 RW 004 DUSUN SUKAMAJU
32150510020009;3215051;3215051002;051;002;0009;RT 009 RW 005 DUSUN GANDASARI
32150510020010;3215051;3215051002;051;002;0010;RT 010 RW 005 DUSUN GANDASARI
32150510020011;3215051;3215051002;051;002;0011;RT 011 RW 006 DUSUN GANDASARI
32150510020012;3215051;3215051002;051;002;0012;RT 012 RW 006 DUSUN GANDASARI
32150510020013;3215051;3215051002;051;002;0013;RT 013 RW 007 DUSUN GANDASARI
32150510020014;3215051;3215051002;051;002;0014;RT 014 RW 007 DUSUN GANDASARI
32150510030001;3215051;3215051003;051;003;0001;RT 006 RW 002 DUSUN CENGKONG
32150510030002;3215051;3215051003;051;003;0002;RT 001 RW 002 DUSUN KALIJURANG
32150510030003;3215051;3215051003;051;003;0003;RT 002 RW 002 DUSUN KALIJURANG
32150510030004;3215051;3215051003;051;003;0004;RT 003 RW 002 DUSUN KALIJURANG
32150510030005;3215051;3215051003;051;003;0005;RT 004 RW 002 DUSUN KALIJURANG
32150510030006;3215051;3215051003;051;003;0006;RT 005 RW 002 DUSUN KALIJURANG
32150510030007;3215051;3215051003;051;003;0007;RT 006 RW 002 DUSUN KALIJURANG
32150510030008;3215051;3215051003;051;003;0008;"RT 007 RW 002 DUSUN KALIJURANG	"
32150510030009;3215051;3215051003;051;003;0009;RT 008 RW 002 DUSUN KALIJURANG
32150510030010;3215051;3215051003;051;003;0010;RT 009 RW 002 DUSUN KALIJURANG
32150510030011;3215051;3215051003;051;003;0011;RT 001 RW 003 DUSUN SADANG
32150510030012;3215051;3215051003;051;003;0012;RT 002 RW 003 DUSUN SADANG
32150510030013;3215051;3215051003;051;003;0013;RT 003 RW 003 DUSUN SADANG
32150510030014;3215051;3215051003;051;003;0014;RT 004 RW 003 DUSUN SADANG
32150510030015;3215051;3215051003;051;003;0015;RT 005 RW 003 DUSUN SADANG
32150510030016;3215051;3215051003;051;003;0016;RT 006 RW 003 DUSUN SADANG
32150510030017;3215051;3215051003;051;003;0017;RT 001 RW 004 DUSUN WARUNG KEBON BARAT
32150510030018;3215051;3215051003;051;003;0018;RT 002 RW 004 DUSUN WARUNG KEBON BARAT
32150510030019;3215051;3215051003;051;003;0019;RT 003 RW 004 DUSUN WARUNG KEBON BARAT
32150510030020;3215051;3215051003;051;003;0020;RT 004 RW 004 DUSUN WARUNG KEBON BARAT
32150510030021;3215051;3215051003;051;003;0021;RT 005 RW 004 DUSUN WARUNG KEBON BARAT
32150510030022;3215051;3215051003;051;003;0022;RT 001 RW 005 DUSUN WARUNG KEBON TIMUR
32150510030023;3215051;3215051003;051;003;0023;RT 002 RW 005 DUSUN PAGADUNGAN TIMUR
32150510030024;3215051;3215051003;051;003;0024;RT 003 RW 005 DUSUN WARUNG KEBON TIMUR
32150510030025;3215051;3215051003;051;003;0025;RT 001 RW 006 DUSUN WARUNG KEBON TIMUR
32150510030026;3215051;3215051003;051;003;0026;RT 002 RW 006 DUSUN WARUNG KEBON TIMUR
32150510030027;3215051;3215051003;051;003;0027;RT 003 RW 006 DUSUN WARUNG KEBON TIMUR
32150510030028;3215051;3215051003;051;003;0028;RT 001 RW 007 DUSUN PAGADUNGAN INDAH
32150510030029;3215051;3215051003;051;003;0029;RT 002 RW 007 DUSUN PAGADUNGAN INDAH
32150510030030;3215051;3215051003;051;003;0030;RT 003 RW 007 DUSUN PAGADUNGAN INDAH
32150510030031;3215051;3215051003;051;003;0031;RT 004 RW 007 DUSUN PAGADUNGAN INDAH
32150510030032;3215051;3215051003;051;003;0032;RT 001 RW 008 DUSUN PAGADUNGAN INDAH
32150510030033;3215051;3215051003;051;003;0033;RT 002 RW 008 DUSUN PAGADUNGAN INDAH
32150510030034;3215051;3215051003;051;003;0034;RT 003 RW 008 DUSUN PAGADUNGAN INDAH
32150510030035;3215051;3215051003;051;003;0035;RT 004 RW 008 DUSUN PAGADUNGAN INDAH
32150510030036;3215051;3215051003;051;003;0036;RT 005 RW 008 DUSUN PAGADUNGAN INDAH
32150510030037;3215051;3215051003;051;003;0037;RT 001 RW 009 DUSUN WARUNG KEBON BARAT
32150510030038;3215051;3215051003;051;003;0038;RT 002 RW 009 DUSUN WARUNG KEBON BARAT
32150510030039;3215051;3215051003;051;003;0039;RT 003 RW 009 DUSUN WARUNG KEBON BARAT
32150510030040;3215051;3215051003;051;003;0040;RT 004 RW 009 DUSUN WARUNG KEBON BARAT
32150510030041;3215051;3215051003;051;003;0041;RT 005 RW 009 DUSUN WARUNG KEBON BARAT
32150510030042;3215051;3215051003;051;003;0042;RT 006 RW 009 DUSUN WARUNG KEBON BARAT
32150510030043;3215051;3215051003;051;003;0043;RT 001 RW 010 DUSUN PANORAMA INDAH
32150510030044;3215051;3215051003;051;003;0044;RT 002 RW 010 DUSUN PANORAMA INDAH
32150510030045;3215051;3215051003;051;003;0045;RT 003 RW 010 DUSUN PANORAMA INDAH
32150510030046;3215051;3215051003;051;003;0046;RT 004 RW 010 DUSUN PANORAMA INDAH
32150510030047;3215051;3215051003;051;003;0047;RT 005 RW 010 DUSUN PANORAMA INDAH
32150510030048;3215051;3215051003;051;003;0048;RT 001 RW 011 DUSUN PANORAMA INDAH
32150510030049;3215051;3215051003;051;003;0049;RT 002 RW 011 DUSUN PANORAMA INDAH
32150510030050;3215051;3215051003;051;003;0050;RT 003 RW 011 DUSUN PANORAMA INDAH
32150510030051;3215051;3215051003;051;003;0051;RT 004 RW 011 DUSUN PANORAMA INDAH
32150510030052;3215051;3215051003;051;003;0052;RT 001 RW 012 DUSUN PANORAMA INDAH
32150510030053;3215051;3215051003;051;003;0053;RT 002 RW 012 DUSUN PANORAMA INDAH
32150510030054;3215051;3215051003;051;003;0054;RT 003 RW 012 DUSUN PANORAMA INDAH
32150510030055;3215051;3215051003;051;003;0055;RT 001 RW 013 DUSUN PAGADUNGAN INDAH
32150510030056;3215051;3215051003;051;003;0056;RT 002 RW 013 DUSUN PAGADUNGAN INDAH
32150510030057;3215051;3215051003;051;003;0057;RT 003 RW 013 DUSUN PAGADUNGAN INDAH
32150510030058;3215051;3215051003;051;003;0058;RT 001 RW 014 DUSUN WARUNG KEBON TIMUR
32150510030059;3215051;3215051003;051;003;0059;RT 002 RW 014 DUSUN WARUNG KEBON TIMUR
32150510030060;3215051;3215051003;051;003;0060;RT 001 RW 015 DUSUN PAGADUNGAN INDAH
32150510030061;3215051;3215051003;051;003;0061;RT 002 RW 015 DUSUN PAGADUNGAN INDAH
32150510030062;3215051;3215051003;051;003;0062;RT 010 RW 002 DUSUN KALIJURANG
32150510030063;3215051;3215051003;051;003;0063;RT 005 RW 007 DUSUN PAGADUNGAN INDAH
32150510033001;3215051;3215051003;051;003;3001;LAHAN TERBUKA
32150510035002;3215051;3215051003;051;003;5002;ASAHIMAS
32150510040001;3215051;3215051004;051;004;0001;RT 001 RW 001 DUSUN CENGKONG
32150510040002;3215051;3215051004;051;004;0002;RT 002 RW 001 DUSUN CENGKONG
32150510040003;3215051;3215051004;051;004;0003;RT 003 RW 001 DUSUN CENGKONG
32150510040004;3215051;3215051004;051;004;0004;RT 004 RW 001 DUSUN CENGKONG
32150510040005;3215051;3215051004;051;004;0005;RT 001 RW 002 DUSUN CENGKONG
32150510040006;3215051;3215051004;051;004;0006;RT 002 RW 002 DUSUN CENGKONG
32150510040007;3215051;3215051004;051;004;0007;RT 003 RW 002 DUSUN CENGKONG
32150510040008;3215051;3215051004;051;004;0008;RT 004 RW 002 DUSUN CENGKONG
32150510040009;3215051;3215051004;051;004;0009;RT 005 RW 002 DUSUN CENGKONG
32150510040010;3215051;3215051004;051;004;0010;RT 006 RW 002 DUSUN
32150510040011;3215051;3215051004;051;004;0011;RT 001 RW 003 DUSUN DUKUH
32150510040012;3215051;3215051004;051;004;0012;RT 002 RW 003 DUSUN DUKUH
32150510040013;3215051;3215051004;051;004;0013;RT 003 RW 003 DUSUN DUKUH
32150510040014;3215051;3215051004;051;004;0014;RT 004 RW 003 DUSUN DUKUH
32150510040015;3215051;3215051004;051;004;0015;RT 005 RW 003 DUSUN DUKUH
32150510040016;3215051;3215051004;051;004;0016;RT 006 RW 003 DUSUN DUKUH
32150510040017;3215051;3215051004;051;004;0017;RT 007 RW 003 DUSUN DUKUH
32150510040018;3215051;3215051004;051;004;0018;RT 001 RW 004 DUSUN DUKUH
32150510040019;3215051;3215051004;051;004;0019;RT 002 RW 004 DUSUN DUKUH
32150510040020;3215051;3215051004;051;004;0020;RT 003 RW 004 DUSUN DUKUH
32150510040021;3215051;3215051004;051;004;0021;RT 001 RW 005 DUSUN DUKUH
32150510040022;3215051;3215051004;051;004;0022;RT 002 RW 005 DUSUN DUKUH
32150510040023;3215051;3215051004;051;004;0023;RT 003 RW 005 DUSUN DUKUH
32150510040024;3215051;3215051004;051;004;0024;RT 004 RW 005 DUSUN DUKUH
32150510040025;3215051;3215051004;051;004;0025;RT 005 RW 005 DUSUN DUKUH
32150510040026;3215051;3215051004;051;004;0026;RT 002 RW 006 DUSUN DUKUH
32150510040027;3215051;3215051004;051;004;0027;RT 003 RW 006 DUSUN DUKUH
32150510040028;3215051;3215051004;051;004;0028;RT 006 RW 005 DUSUN DUKUH
32150510040029;3215051;3215051004;051;004;0029;RT 007 RW 002 DUSUN CENGKONG
32150510040030;3215051;3215051004;051;004;0030;RT 008 RW 002 DUSUN CENGKONG
32150510040031;3215051;3215051004;051;004;0031;RT 004 RW 006 DUSUN DUKUH		
32150510040032;3215051;3215051004;051;004;0032;RT 005 RW 001 DUSUN CENGKONG
32150510040033;3215051;3215051004;051;004;0033;RT 006 RW 001 DUSUN CENGKONG
32150510040034;3215051;3215051004;051;004;0034;RT 007 RW 001 DUSUN CENGKONG
32150510040035;3215051;3215051004;051;004;0035;RT 008 RW 001 DUSUN CENGKONG
32150510040036;3215051;3215051004;051;004;0036;RT 007 RW 003 DUSUN DUKUH
32150510040037;3215051;3215051004;051;004;0037;RT 008 RW 003 DUSUN DUKUH
32150510041001;3215051;3215051004;051;004;1001;SAWAH
32150510041002;3215051;3215051004;051;004;1002;SAWAH
32150510041003;3215051;3215051004;051;004;1003;SAWAH
32150510041004;3215051;3215051004;051;004;1004;SAWAH
32150510050001;3215051;3215051005;051;005;0001;RT 001 RW 001 DUSUN TEGALAMBA
32150510050002;3215051;3215051005;051;005;0002;RT 002 RW 001 DUSUN TEGALAMBA
32150510050003;3215051;3215051005;051;005;0003;RT 003 RW 001 DUSUN TEGALAMBA
32150510050004;3215051;3215051005;051;005;0004;RT 004 RW 001 DUSUN TEGALAMBA
32150510050005;3215051;3215051005;051;005;0005;RT 001 RW 002 DUSUN TEGALAMBA
32150510050006;3215051;3215051005;051;005;0006;RT 002 RW 002 DUSUN TEGALAMBA
32150510050007;3215051;3215051005;051;005;0007;RT 003 RW 002 DUSUN TEGALAMBA
32150510050008;3215051;3215051005;051;005;0008;RT 001 RW 003 DUSUN PAKOPEN
32150510050009;3215051;3215051005;051;005;0009;RT 002 RW 003 DUSUN PAKOPEN
32150510050010;3215051;3215051005;051;005;0010;RT 001 RW 004 DUSUN PAKOPEN
32150510050011;3215051;3215051005;051;005;0011;RT 002 RW 004 DUSUN PAKOPEN
32150510050012;3215051;3215051005;051;005;0012;RT 003 RW 003 DUSUN PAKOPEN
32150510050013;3215051;3215051005;051;005;0013;RT 004 RW 002 DUSUN TEGALAMBA
32150510051001;3215051;3215051005;051;005;1001;SAWAH
32150510051002;3215051;3215051005;051;005;1002;SAWAH
32150510051003;3215051;3215051005;051;005;1003;SAWAH
32150510060001;3215051;3215051006;051;006;0001;RT 001 RW 001 DUSUN PEDES
32150510060002;3215051;3215051006;051;006;0002;RT 002 RW 001 DUSUN PEDES
32150510060003;3215051;3215051006;051;006;0003;RT 003 RW 002 DUSUN PEDES
32150510060004;3215051;3215051006;051;006;0004;RT 004 RW 002 DUSUN PEDES
32150510060005;3215051;3215051006;051;006;0005;RT 005 RW 003 DUSUN PEDES
32150510060006;3215051;3215051006;051;006;0006;RT 006 RW 003 DUSUN PEDES
32150510060007;3215051;3215051006;051;006;0007;RT 007 RW 004 DUSUN NAGASARI
32150510060008;3215051;3215051006;051;006;0008;RT 008 RW 005 DUSUN NAGASARI
32150510060009;3215051;3215051006;051;006;0009;RT 009 RW 006 DUSUN NAGASARI
32150510060010;3215051;3215051006;051;006;0010;RT 010 RW 006 DUSUN NAGASARI
32150510060011;3215051;3215051006;051;006;0011;RT 011 RW 006 DUSUN NAGASARI
32150510061001;3215051;3215051006;051;006;1001;SAWAH
32150510061002;3215051;3215051006;051;006;1002;SAWAH
32150510064003;3215051;3215051006;051;006;4003;PERUM GRAND NOUVAL PASADENA
32150510070001;3215051;3215051007;051;007;0001;RT 001 RW 001 DUSUN KRAJAN
32150510070002;3215051;3215051007;051;007;0002;RT 002 RW 001 DUSUN KRAJAN
32150510070003;3215051;3215051007;051;007;0003;RT 003 RW 001 DUSUN KRAJAN
32150510070004;3215051;3215051007;051;007;0004;RT 004 RW 001 DUSUN KRAJAN
32150510070005;3215051;3215051007;051;007;0005;RT 005 RW 002 DUSUN KARANG TENGAH
32150510070006;3215051;3215051007;051;007;0006;RT 006 RW 002 DUSUN KARANG TENGAH
32150510070007;3215051;3215051007;051;007;0007;RT 007 RW 002 DUSUN KARANG TENGAH
32150510070008;3215051;3215051007;051;007;0008;RT 008 RW 002 DUSUN KARANG TENGAH
32150510070009;3215051;3215051007;051;007;0009;RT 009 RW 003 DUSUN RAWA WIRU
32150510070010;3215051;3215051007;051;007;0010;RT 010 RW 003 DUSUN RAWA WIRU
32150510070011;3215051;3215051007;051;007;0011;RT 011 RW 003 DUSUN RAWA WIRU
32150510070012;3215051;3215051007;051;007;0012;RT 012 RW 003 DUSUN RAWA WIRU
32150510070013;3215051;3215051007;051;007;0013;RT 013 RW 003 DUSUN RAWA WIRU
32150510070014;3215051;3215051007;051;007;0014;RT 014 RW 004 DUSUN KALI JERUK
32150510070015;3215051;3215051007;051;007;0015;RT 015 RW 004 DUSUN KALI JERUK
32150510070016;3215051;3215051007;051;007;0016;RT 016 RW 004 DUSUN KALI JERUK
32150510070017;3215051;3215051007;051;007;0017;RT 017 RW 005 DUSUN PASIR ELA
32150510070018;3215051;3215051007;051;007;0018;RT 018 RW 005 DUSUN PASIR ELA
32150510070019;3215051;3215051007;051;007;0019;RT 019 RW 005 DUSUN PASIR ELA
32150510070020;3215051;3215051007;051;007;0020;RT 020 RW 006 DUSUN RAWA WIRU
32150510070021;3215051;3215051007;051;007;0021;RT 021 RW 006 DUSUN RAWA WIRU
32150510071001;3215051;3215051007;051;007;1001;SAWAH
32150510071003;3215051;3215051007;051;007;1003;SAWAH
32150510071004;3215051;3215051007;051;007;1004;SAWAH
32150510071005;3215051;3215051007;051;007;1005;SAWAH
32150510071006;3215051;3215051007;051;007;1006;SAWAH
32150510071007;3215051;3215051007;051;007;1007;SAWAH
32150510071008;3215051;3215051007;051;007;1008;SAWAH
32150510074002;3215051;3215051007;051;007;4002;SAWAH/PERUM
32150510080001;3215051;3215051008;051;008;0001;RT 001 RW 001 DUSUN KALIMULYA
32150510080002;3215051;3215051008;051;008;0002;RT 002 RW 001 DUSUN KALIMULYA
32150510080003;3215051;3215051008;051;008;0003;RT 003 RW 001 DUSUN KALIMULYA
32150510080004;3215051;3215051008;051;008;0004;RT 001 RW 002 DUSUN DAPUR ARENG
32150510080005;3215051;3215051008;051;008;0005;RT 002 RW 002 DUSUN DAPUR ARENG
32150510080006;3215051;3215051008;051;008;0006;RT 003 RW 002 DUSUN DAPUR ARENG
32150510080007;3215051;3215051008;051;008;0007;RT 004 RW 002 DUSUN DAPUR ARENG
32150510080008;3215051;3215051008;051;008;0008;RT 005 RW 002 DUSUN DAPUR ARENG
32150510080009;3215051;3215051008;051;008;0009;RT 001 RW 003 DUSUN KALIMULYA
32150510080010;3215051;3215051008;051;008;0010;RT 002 RW 003 DUSUN KALIMULYA
32150510080011;3215051;3215051008;051;008;0011;RT 003 RW 003 DUSUN KALIMULYA
32150510080012;3215051;3215051008;051;008;0012;RT 001 RW 004 DUSUN KEDUNGSARI
32150510080013;3215051;3215051008;051;008;0013;RT 002 RW 004 DUSUN KEDUNGSARI
32150510080014;3215051;3215051008;051;008;0014;RT 003 RW 004 DUSUN KEDUNGSARI
32150510080015;3215051;3215051008;051;008;0015;RT 004 RW 004 DUSUN KEDUNGSARI
32150510080016;3215051;3215051008;051;008;0016;RT 005 RW 004 DUSUN KEDUNGSARI
32150510080017;3215051;3215051008;051;008;0017;RT 006 RW 012 DUSUN KEDUNGSARI
32150510080018;3215051;3215051008;051;008;0018;RT 007 RW 012 DUSUN BUMI GADING
32150510080019;3215051;3215051008;051;008;0019;RT 001 RW 005 DUSUN PERUM CENGKONG
32150510080020;3215051;3215051008;051;008;0020;RT 002 RW 005 DUSUN PERUM CENGKONG
32150510080021;3215051;3215051008;051;008;0021;RT 005 RW 005 DUSUN PERUM CENGKONG
32150510080022;3215051;3215051008;051;008;0022;RT 007 RW 005 DUSUN PERUM CENGKONG
32150510080023;3215051;3215051008;051;008;0023;RT 003 RW 006 DUSUN PERUM CENGKONG
32150510080024;3215051;3215051008;051;008;0024;RT 004 RW 006 DUSUN PERUM CENGKONG
32150510080025;3215051;3215051008;051;008;0025;RT 006 RW 006 DUSUN PERUM CENGKONG
32150510080026;3215051;3215051008;051;008;0026;RT 008 RW 006 DUSUN PERUM CENGKONG
32150510080027;3215051;3215051008;051;008;0027;RT 005 RW 007 DUSUN DAPUR ARENG
32150510080028;3215051;3215051008;051;008;0028;RT 006 RW 007 DUSUN DAPUR ARENG
32150510080029;3215051;3215051008;051;008;0029;RT 007 RW 007 DUSUN DAPUR ARENG
32150510080030;3215051;3215051008;051;008;0030;RT 008 RW 007 DUSUN DAPUR ARENG
32150510080031;3215051;3215051008;051;008;0031;RT 009 RW 008 DUSUN DAPUR ARENG
32150510080032;3215051;3215051008;051;008;0032;RT 010 RW 008 DUSUN DAPUR ARENG
32150510080033;3215051;3215051008;051;008;0033;RT 011 RW 008 DUSUN DAPUR ARENG
32150510080034;3215051;3215051008;051;008;0034;RT 012 RW 008 DUSUN DAPUR ARENG
32150510080035;3215051;3215051008;051;008;0035;RT 013 RW 009 DUSUN DAPUR ARENG
32150510080036;3215051;3215051008;051;008;0036;RT 014 RW 009 DUSUN DAPUR ARENG
32150510080037;3215051;3215051008;051;008;0037;RT 015 RW 009 DUSUN DAPUR ARENG
32150510080038;3215051;3215051008;051;008;0038;RT 009 RW 010 DUSUN PERUM CENGKONG
32150510080039;3215051;3215051008;051;008;0039;RT 010 RW 010 DUSUN PERUM CENGKONG
32150510080040;3215051;3215051008;051;008;0040;RT 011 RW 010 DUSUN PERUM CENGKONG
32150510080041;3215051;3215051008;051;008;0041;RT 012 RW 010 DUSUN PERUM CENGKONG
32150510080042;3215051;3215051008;051;008;0042;RT 013 RW 010 DUSUN PERUM CENGKONG
32150510080043;3215051;3215051008;051;008;0043;RT 014 RW 010 DUSUN PERUM CENGKONG
32150510080044;3215051;3215051008;051;008;0044;RT 015 RW 010 DUSUN PERUM CENGKONG
32150510080045;3215051;3215051008;051;008;0045;RT 016 RW 010 DUSUN PERUM CENGKONG
32150510080046;3215051;3215051008;051;008;0046;RT 017 RW 010 DUSUN PERUM CENGKONG
32150510080047;3215051;3215051008;051;008;0047;RT 018 RW 010 DUSUN PERUM CENGKONG
32150510080048;3215051;3215051008;051;008;0048;RT 019 RW 010 DUSUN PERUM CENGKONG
32150510080049;3215051;3215051008;051;008;0049;RT 020 RW 010 DUSUN PERUM CENGKONG
32150510080050;3215051;3215051008;051;008;0050;RT 004 RW 014 DUSUN KALIMULYA
32150510080051;3215051;3215051008;051;008;0051;RT 005 RW 014 DUSUN KALIMULYA
32150510080052;3215051;3215051008;051;008;0052;RT 016 RW 011 DUSUN DAPUR ARENG
32150510080053;3215051;3215051008;051;008;0053;RT 017 RW 011 DUSUN DAPUR ARENG
32150510080054;3215051;3215051008;051;008;0054;RT 018 RW 011 DUSUN DAPUR ARENG
32150510080055;3215051;3215051008;051;008;0055;RT 019 RW 011 DUSUN DAPUR ARENG
32150510080056;3215051;3215051008;051;008;0056;RT 020 RW 011 DUSUN DAPUR ARENG
32150510080057;3215051;3215051008;051;008;0057;RT 004 RW 003 DUSUN KALIMULYA
32150510080058;3215051;3215051008;051;008;0058;RT 022 RW 010 DUSUN PERUM CENGKONG
32150510080059;3215051;3215051008;051;008;0059;RT 009 RW 012 PERUM BUMI CENGKONG LESTARI
32150510080060;3215051;3215051008;051;008;0060;RT 001 RW 013 DUSUN KALIMULYA
32150510080061;3215051;3215051008;051;008;0061;RT 002 RW 013 DUSUN KALIMULYA
32150510080062;3215051;3215051008;051;008;0062;RT 003 RW 013 DUSUN KALIMULYA
32150510080063;3215051;3215051008;051;008;0063;RT 004 RW 013 DUSUN KALIMULYA
32150510080064;3215051;3215051008;051;008;0064;RT 005 RW 013 DUSUN KALIMULYA
32150510080065;3215051;3215051008;051;008;0065;RT 006 RW 013 DUSUN KALIMULYA
32150510080066;3215051;3215051008;051;008;0066;RT 008 RW 013 DUSUN KALIMULYA
32150510080067;3215051;3215051008;051;008;0067;RT 003 RW 014 HARMONI DUSUN KALIMULYA
32150510080068;3215051;3215051008;051;008;0068;RT 007 RW 013 DUSUN KALIMULYA
32150510080069;3215051;3215051008;051;008;0069;RT 021 RW 006 DUSUN PERUM CENGKONG
32150510080070;3215051;3215051008;051;008;0070;RT 012 RW 015 DUSUN KEDUNGSARI
32150510080071;3215051;3215051008;051;008;0071;RT 006 RW 014 HARMONI DUSUN KALIMULYA
32150510080072;3215051;3215051008;051;008;0072;RT 007 RW 014 HARMONI DUSUN KALIMULYA
32150510080073;3215051;3215051008;051;008;0073;RT 009 RW 015 DUSUN KEDUNGSARI
32150510080074;3215051;3215051008;051;008;0074;RT 016 RW 009 DUSUN DAPUR ARENG
32150510080075;3215051;3215051008;051;008;0075;RT 009 RW 013 DUSUN KALIMULYA
32150510080076;3215051;3215051008;051;008;0076;RT 013 RW 012 DUSUN KEDUNGSARI
32150510080077;3215051;3215051008;051;008;0077;RT 010 RW 015 DUSUN KEDUNGSARI
32150510080078;3215051;3215051008;051;008;0078;RT 008 RW 012 DUSUN KEDUNGSARI
32150510080079;3215051;3215051008;051;008;0079;RT 014 RW 012 DUSUN KEDUNGSARI
32150510081004;3215051;3215051008;051;008;1004;SAWAH
32150510081005;3215051;3215051008;051;008;1005;SAWAH
32150510083008;3215051;3215051008;051;008;3008;LAHAN TERBUKA
32150510083014;3215051;3215051008;051;008;3014;LAHAN TERBUKA
32150600020001;3215060;3215060002;060;002;0001;RT 001 RW 001 DUSUN I
32150600020002;3215060;3215060002;060;002;0002;RT 002 RW 001 DUSUN I
32150600020003;3215060;3215060002;060;002;0003;RT 003 RW 001 DUSUN I
32150600020004;3215060;3215060002;060;002;0004;RT 004 RW 002 DUSUN I
32150600020005;3215060;3215060002;060;002;0005;RT 005 RW 002 DUSUN I
32150600020006;3215060;3215060002;060;002;0006;RT 006 RW 003 DUSUN II
32150600020007;3215060;3215060002;060;002;0007;RT 009 RW 005 DUSUN II
32150600020008;3215060;3215060002;060;002;0008;RT 008 RW 005 DUSUN II
32150600020009;3215060;3215060002;060;002;0009;RT 007 RW 003 DUSUN II
32150600020010;3215060;3215060002;060;002;0010;RT 010 RW 004 DUSUN III
32150600020011;3215060;3215060002;060;002;0011;RT 011 RW 004 DUSUN III
32150600020012;3215060;3215060002;060;002;0012;RT 012 RW 006 DUSUN III
32150600020013;3215060;3215060002;060;002;0013;RT 013 RW 006 DUSUN III
32150600021001;3215060;3215060002;060;002;1001;SAWAH
32150600030001;3215060;3215060003;060;003;0001;RT 001 RW 001 DUSUN I
32150600030002;3215060;3215060003;060;003;0002;RT 002 RW 001 DUSUN I
32150600030003;3215060;3215060003;060;003;0003;RT 003 RW 001 DUSUN I
32150600030004;3215060;3215060003;060;003;0004;RT 001 RW 002 DUSUN III
32150600030005;3215060;3215060003;060;003;0005;RT 002 RW 002 DUSUN III
32150600030006;3215060;3215060003;060;003;0006;RT 003 RW 002 DUSUN I
32150600030007;3215060;3215060003;060;003;0007;RT 001 RW 003 DUSUN I
32150600030008;3215060;3215060003;060;003;0008;RT 002 RW 003 DUSUN I
32150600030009;3215060;3215060003;060;003;0009;RT 001 RW 004 DUSUN II
32150600030010;3215060;3215060003;060;003;0010;RT 002 RW 004 DUSUN II
32150600030011;3215060;3215060003;060;003;0011;RT 001 RW 005 DUSUN II
32150600030012;3215060;3215060003;060;003;0012;RT 002 RW 005 DUSUN II
32150600030013;3215060;3215060003;060;003;0013;RT 003 RW 005 DUSUN II
32150600030014;3215060;3215060003;060;003;0014;RT 001 RW 006 DUSUN IV
32150600030015;3215060;3215060003;060;003;0015;RT 002 RW 006 DUSUN IV
32150600030016;3215060;3215060003;060;003;0016;RT 001 RW 010 DUSUN II
32150600030017;3215060;3215060003;060;003;0017;RT 002 RW 010 DUSUN II
32150600030018;3215060;3215060003;060;003;0018;RT 003 RW 006 DUSUN IV
32150600030019;3215060;3215060003;060;003;0019;RT 004 RW 006 DUSUN IV
32150600030020;3215060;3215060003;060;003;0020;RT 004 RW 005 DUSUN II
32150600030021;3215060;3215060003;060;003;0021;RT 001 RW 007 DUSUN IV
32150600030022;3215060;3215060003;060;003;0022;RT 001 RW 008 DUSUN IV
32150600030023;3215060;3215060003;060;003;0023;RT 001 RW 009 DUSUN III
32150600031001;3215060;3215060003;060;003;1001;SAWAH KARANGJAYA
32150600031002;3215060;3215060003;060;003;1002;SAWAH KARANGJAYA
32150600031003;3215060;3215060003;060;003;1003;SAWAH KARANGJAYA
32150600040001;3215060;3215060004;060;004;0001;RT 001 RW 001 DUSUN PASIR RESIK I
32150600040002;3215060;3215060004;060;004;0002;RT 002 RW 001 DUSUN PASIR RESIK I
32150600040003;3215060;3215060004;060;004;0003;RT 001 RW 002 DUSUN PASIR RESIK I
32150600040004;3215060;3215060004;060;004;0004;RT 002 RW 002 DUSUN PASIR RESIK I
32150600040005;3215060;3215060004;060;004;0005;RT 001 RW 003 DUSUN PASIR HEGAR II
32150600040006;3215060;3215060004;060;004;0006;RT 002 RW 003 DUSUN PASIR HEGAR II
32150600040007;3215060;3215060004;060;004;0007;RT 001 RW 004 DUSUN PASIR HEGAR II
32150600040008;3215060;3215060004;060;004;0008;RT 002 RW 004 DUSUN PASIR HEGAR II
32150600040009;3215060;3215060004;060;004;0009;RT 003 RW 004 DUSUN PASIR HEGAR II
32150600050001;3215060;3215060005;060;005;0001;RT 001 RW 001 DUSUN I
32150600050002;3215060;3215060005;060;005;0002;RT 002 RW 001 DUSUN I
32150600050003;3215060;3215060005;060;005;0003;RT 003 RW 001 DUSUN I
32150600050004;3215060;3215060005;060;005;0004;RT 004 RW 001 DUSUN I
32150600050005;3215060;3215060005;060;005;0005;RT 001 RW 002 DUSUN I
32150600050006;3215060;3215060005;060;005;0006;RT 002 RW 002 DUSUN I
32150600050007;3215060;3215060005;060;005;0007;RT 001 RW 002 DUSUN II
32150600050008;3215060;3215060005;060;005;0008;RT 002 RW 002 DUSUN II
32150600050009;3215060;3215060005;060;005;0009;RT 001 RW 003 DUSUN III
32150600050010;3215060;3215060005;060;005;0010;RT 002 RW 003 DUSUN III
32150600050011;3215060;3215060005;060;005;0011;RT 003 RW 003 DUSUN III
32150600050012;3215060;3215060005;060;005;0012;RT 001 RW 006 DUSUN II
32150600050013;3215060;3215060005;060;005;0013;RT 002 RW 006 DUSUN II
32150600050014;3215060;3215060005;060;005;0014;RT 003 RW 006 DUSUN II
32150600050015;3215060;3215060005;060;005;0015;RT 001 RW 004 DUSUN III
32150600050016;3215060;3215060005;060;005;0016;RT 002 RW 004 DUSUN III
32150600050017;3215060;3215060005;060;005;0017;RT 001 RW 005 DUSUN III
32150600050018;3215060;3215060005;060;005;0018;RT 002 RW 005 DUSUN III
32150600050019;3215060;3215060005;060;005;0019;RT 003 RW 005 DUSUN III
32150600060001;3215060;3215060006;060;006;0001;RT 001 RW 001 DUSUN KIARALAWANG
32150600060002;3215060;3215060006;060;006;0002;RT 002 RW 001 DUSUN KIARALAWANG
32150600060003;3215060;3215060006;060;006;0003;RT 003 RW 002 DUSUN KIARALAWANG
32150600060004;3215060;3215060006;060;006;0004;RT 004 RW 002 DUSUN KIARALAWANG
32150600060005;3215060;3215060006;060;006;0005;RT 005 RW 003 DUSUN PELEM
32150600060006;3215060;3215060006;060;006;0006;RT 006 RW 003 DUSUN PELEM
32150600060007;3215060;3215060006;060;006;0007;RT 007 RW 004 DUSUN PELEM
32150600060008;3215060;3215060006;060;006;0008;RT 008 RW 004 DUSUN PELEM
32150600060009;3215060;3215060006;060;006;0009;RT 009 RW 005 DUSUN PELEM
32150600060010;3215060;3215060006;060;006;0010;RT 010 RW 005 DUSUN PELEM
32150600060011;3215060;3215060006;060;006;0011;RT 011 RW 005 DUSUN PELEM
32150600060012;3215060;3215060006;060;006;0012;RT 012 RW 006 DUSUN SUKA ATI
32150600060013;3215060;3215060006;060;006;0013;RT 013 RW 006 DUSUN SUKA ATI
32150600060014;3215060;3215060006;060;006;0014;RT 014 RW 007 DUSUN SUKA ATI
32150600060015;3215060;3215060006;060;006;0015;RT 015 RW 007 DUSUN SUKA ATI
32150600060016;3215060;3215060006;060;006;0016;RT 016 RW 007 DUSUN SUKA ATI
32150600061001;3215060;3215060006;060;006;1001;SAWAH
32150600070001;3215060;3215060007;060;007;0001;RT 001 RW 001 DUSUN I
32150600070002;3215060;3215060007;060;007;0002;RT 002 RW 001 DUSUN I
32150600070003;3215060;3215060007;060;007;0003;RT 001 RW 002 DUSUN I
32150600070004;3215060;3215060007;060;007;0004;RT 002 RW 002 DUSUN I
32150600070005;3215060;3215060007;060;007;0005;RT 003 RW 002 DUSUN I
32150600070006;3215060;3215060007;060;007;0006;RT 001 RW 003 DUSUN II
32150600070007;3215060;3215060007;060;007;0007;RT 001 RW 004 DUSUN II
32150600070008;3215060;3215060007;060;007;0008;RT 002 RW 004 DUSUN II
32150600070009;3215060;3215060007;060;007;0009;RT 003 RW 004 DUSUN II
32150600070010;3215060;3215060007;060;007;0010;RT 001 RW 005 DUSUN III
32150600070011;3215060;3215060007;060;007;0011;RT 002 RW 005 DUSUN III
32150600070012;3215060;3215060007;060;007;0012;RT 001 RW 006 DUSUN III
32150600070013;3215060;3215060007;060;007;0013;RT 002 RW 006 DUSUN III
32150600080001;3215060;3215060008;060;008;0001;RT 001 RW 001 DUSUN KAMURANG
32150600080002;3215060;3215060008;060;008;0002;RT 002 RW 001 DUSUN KAMURANG
32150600080003;3215060;3215060008;060;008;0003;RT 003 RW 002 DUSUN KAMURANG
32150600080004;3215060;3215060008;060;008;0004;RT 004 RW 002 DUSUN KAMURANG
32150600080005;3215060;3215060008;060;008;0005;RT 005 RW 003 DUSUN GOMBOL NANGKA
32150600080006;3215060;3215060008;060;008;0006;RT 006 RW 003 DUSUN GOMBOL NANGKA
32150600080007;3215060;3215060008;060;008;0007;RT 007 RW 004 DUSUN GOMBOL NANGKA
32150600080008;3215060;3215060008;060;008;0008;RT 008 RW 005 DUSUN KALEN ETEK
32150600080009;3215060;3215060008;060;008;0009;RT 009 RW 005 DUSUN KALEN ETEK
32150600080010;3215060;3215060008;060;008;0010;RT 010 RW 005 DUSUN KALEN ETEK
32150600080011;3215060;3215060008;060;008;0011;RT 011 RW 006 DUSUN KALEN ETEK
32150600080012;3215060;3215060008;060;008;0012;RT 012 RW 006 DUSUN KALEN ETEK
32150600080013;3215060;3215060008;060;008;0013;RT 013 RW 007 DUSUN KARANG MULYA
32150600080014;3215060;3215060008;060;008;0014;RT 014 RW 007 DUSUN KARANG MULYA
32150600080015;3215060;3215060008;060;008;0015;RT 015 RW 008 DUSUN KARANG MULYA
32150600080016;3215060;3215060008;060;008;0016;RT 016 RW 008 DUSUN KARANG MULYA
32150600090001;3215060;3215060009;060;009;0001;RT 001 RW 001 DUSUN BOJONGSARI
32150600090002;3215060;3215060009;060;009;0002;RT 002 RW 001 DUSUN BOJONGSARI
32150600090003;3215060;3215060009;060;009;0003;RT 001 RW 002 DUSUN BOJONG SARI
32150600090004;3215060;3215060009;060;009;0004;RT 002 RW 002 DUSUN BOJONGSARI
32150600090005;3215060;3215060009;060;009;0005;RT 001 RW 003 DUSUN KALEN KUPU
32150600090006;3215060;3215060009;060;009;0006;RT 002 RW 003 DUSUN KALEN KUPU
32150600090007;3215060;3215060009;060;009;0007;RT 003 RW 003 DUSUN KALEN KUPU
32150600090008;3215060;3215060009;060;009;0008;RT 001 RW 004 DUSUN KALEN KUPU
32150600090009;3215060;3215060009;060;009;0009;RT 002 RW 004 DUSUN KALEN KUPU
32150600090010;3215060;3215060009;060;009;0010;RT 003 RW 004 DUSUN KALEN KUPU
32150600100001;3215060;3215060010;060;010;0001;RT 001 RW 001 DUSUN I
32150600100002;3215060;3215060010;060;010;0002;RT 002 RW 001 DUSUN I
32150600100003;3215060;3215060010;060;010;0003;RT 003 RW 001 DUSUN I
32150600100004;3215060;3215060010;060;010;0004;RT 004 RW 001 DUSUN I
32150600100005;3215060;3215060010;060;010;0005;RT 001 RW 002 DUSUN II
32150600100006;3215060;3215060010;060;010;0006;RT 002 RW 002 DUSUN II
32150600100007;3215060;3215060010;060;010;0007;RT 003 RW 002 DUSUN II
32150600100008;3215060;3215060010;060;010;0008;RT 001 RW 003 DUSUN III
32150600100009;3215060;3215060010;060;010;0009;RT 002 RW 003 DUSUN III
32150600100010;3215060;3215060010;060;010;0010;RT 003 RW 003 DUSUN III
32150600100011;3215060;3215060010;060;010;0011;RT 004 RW 003 DUSUN III
32150600100012;3215060;3215060010;060;010;0012;RT 005 RW 003 DUSUN III
32150600100013;3215060;3215060010;060;010;0013;RT 001 RW 004 DUSUN I
32150600100014;3215060;3215060010;060;010;0014;RT 002 RW 004 DUSUN I
32150600101001;3215060;3215060010;060;010;1001;SAWAH
32150600101002;3215060;3215060010;060;010;1002;SAWAH
32150600101003;3215060;3215060010;060;010;1003;SAWAH
32150600110001;3215060;3215060011;060;011;0001;RT 001 RW 001 DUSUN WALUYA
32150600110002;3215060;3215060011;060;011;0002;RT 002 RW 001 DUSUN WALUYA
32150600110003;3215060;3215060011;060;011;0003;RT 003 RW 001 DUSUN WALUYA
32150600110004;3215060;3215060011;060;011;0004;RT 004 RW 001 DUSUN WALUYA
32150600110005;3215060;3215060011;060;011;0005;RT 001 RW 002 DUSUN WALUYA
32150600110006;3215060;3215060011;060;011;0006;RT 002 RW 002 DUSUN WALUYA
32150600110007;3215060;3215060011;060;011;0007;RT 003 RW 002 DUSUN WALUYA
32150600110008;3215060;3215060011;060;011;0008;RT 001 RW 001 DUSUN CEPLIK
32150600110009;3215060;3215060011;060;011;0009;RT 002 RW 001 DUSUN CEPLIK
32150600110010;3215060;3215060011;060;011;0010;RT 001 RW 002 DUSUN CEPLIK
32150600110011;3215060;3215060011;060;011;0011;RT 002 RW 002 DUSUN CEPLIK
32150600110012;3215060;3215060011;060;011;0012;RT 001 RW 001 DUSUN LABANMULYA
32150600110013;3215060;3215060011;060;011;0013;RT 002 RW 001 DUSUN LABANMULYA
32150600110014;3215060;3215060011;060;011;0014;RT 001 RW 002 DUSUN LABANMULYA
32150600110015;3215060;3215060011;060;011;0015;RT 002 RW 002 DUSUN LABANMULYA
32150600111001;3215060;3215060011;060;011;1001;SAWAH
32150600111002;3215060;3215060011;060;011;1002;SAWAH
32150700040001;3215070;3215070004;070;004;0001;RT 001 RW 001 DUSUN 001
32150700040002;3215070;3215070004;070;004;0002;RT 002 RW 001 DUSUN 001
32150700040003;3215070;3215070004;070;004;0003;RT 001 RW 002 DUSUN 001
32150700040004;3215070;3215070004;070;004;0004;RT 002 RW 002 DUSUN 001
32150700040005;3215070;3215070004;070;004;0005;RT 001 RW 003 DUSUN 001
32150700040006;3215070;3215070004;070;004;0006;RT 002 RW 003 DUSUN 001
32150700040007;3215070;3215070004;070;004;0007;RT 001 RW 004 DUSUN 002
32150700040008;3215070;3215070004;070;004;0008;RT 002 RW 004 DUSUN 002
32150700040009;3215070;3215070004;070;004;0009;RT 003 RW 004 DUSUN 002
32150700040010;3215070;3215070004;070;004;0010;RT 004 RW 004 DUSUN 002
32150700040011;3215070;3215070004;070;004;0011;RT 001 RW 005 DUSUN 002
32150700040012;3215070;3215070004;070;004;0012;RT 002 RW 005 DUSUN 002
32150700040013;3215070;3215070004;070;004;0013;RT 001 RW 006 DUSUN 002
32150700040014;3215070;3215070004;070;004;0014;RT 002 RW 006 DUSUN 002
32150700041001;3215070;3215070004;070;004;1001;SAWAH
32150700041002;3215070;3215070004;070;004;1002;SAWAH
32150700041003;3215070;3215070004;070;004;1003;SAWAH
32150700041004;3215070;3215070004;070;004;1004;SAWAH
32150700050001;3215070;3215070005;070;005;0001;RT 001 RW 001 DUSUN KALIWARU
32150700050002;3215070;3215070005;070;005;0002;RT 002 RW 001 DUSUN KALIWARU
32150700050003;3215070;3215070005;070;005;0003;RT 003 RW 002 DUSUN KALIWARU
32150700050004;3215070;3215070005;070;005;0004;RT 004 RW 002 DUSUN KALIWARU
32150700050005;3215070;3215070005;070;005;0005;RT 005 RW 002 DUSUN KALIWARU
32150700050006;3215070;3215070005;070;005;0006;RT 006 RW 003 DUSUN SUKASARI
32150700050007;3215070;3215070005;070;005;0007;RT 007 RW 003 DUSUN SUKASARI
32150700050008;3215070;3215070005;070;005;0008;RT 008 RW 004 DUSUN SUKASARI
32150700050009;3215070;3215070005;070;005;0009;RT 009 RW 004 DUSUN SUKASARI
32150700050010;3215070;3215070005;070;005;0010;RT 010 RW 005 DUSUN KALENSINEM
32150700050011;3215070;3215070005;070;005;0011;RT 011 RW 005 DUSUN KALEMSINEM
32150700050012;3215070;3215070005;070;005;0012;RT 012 RW 005 DUSUN KALENSINEM
32150700050013;3215070;3215070005;070;005;0013;RT 013 RW 002 DUSUN KALIWARU
32150700051001;3215070;3215070005;070;005;1001;SAWAH
32150700051002;3215070;3215070005;070;005;1002;SAWAH
32150700051003;3215070;3215070005;070;005;1003;PESAWAHAN
32150700060001;3215070;3215070006;070;006;0001;RT 001 RW 001 DUSUN KERTAMULYA
32150700060002;3215070;3215070006;070;006;0002;RT 002 RW 001 DUSUN KERTAMULYA
32150700060003;3215070;3215070006;070;006;0003;RT 003 RW 001 DUSUN KERTAMULYA
32150700060004;3215070;3215070006;070;006;0004;RT 004 RW 001 DUSUN KERTAMULYA
32150700060005;3215070;3215070006;070;006;0005;RT 001 RW 002 DUSUN KERTAMULYA
32150700060006;3215070;3215070006;070;006;0006;RT 002 RW 002 DUSUN KERTAMULYA
32150700060007;3215070;3215070006;070;006;0007;RT 003 RW 002 DUSUN KERTAMULYA
32150700060008;3215070;3215070006;070;006;0008;RT 004 RW 002 DUSUN KERTAMULYA
32150700060009;3215070;3215070006;070;006;0009;RT 001 RW 003 DUSUN KERTAJAYA
32150700060010;3215070;3215070006;070;006;0010;RT 002 RW 003 DUSUN KERTAJAYA
32150700060011;3215070;3215070006;070;006;0011;RT 003 RW 003 DUSUN KERTAJAYA
32150700060012;3215070;3215070006;070;006;0012;RT 001 RW 004 DUSUN KERTAJAYA
32150700060013;3215070;3215070006;070;006;0013;RT 002 RW 004 DUSUN KERTAJAYA
32150700060014;3215070;3215070006;070;006;0014;RT 003 RW 004 DUSUN KERTAJAYA
32150700060015;3215070;3215070006;070;006;0015;RT 001 RW 005 DUSUN KERTASARI
32150700060016;3215070;3215070006;070;006;0016;RT 002 RW 005 DUSUN KERTASARI
32150700060017;3215070;3215070006;070;006;0017;RT 003 RW 005 DUSUN KERTASARI
32150700060018;3215070;3215070006;070;006;0018;RT 001 RW 006 DUSUN KERTASARI
32150700060019;3215070;3215070006;070;006;0019;RT 002 RW 006 DUSUN KERTASARI
32150700060020;3215070;3215070006;070;006;0020;RT 003 RW 006 DUSUN KERTASARI
32150700060021;3215070;3215070006;070;006;0021;RT 001 RW 007 DUSUN BUMI CIKAMPEK BARU
32150700060022;3215070;3215070006;070;006;0022;RT 002 RW 007 DUSUN BUMI CIKAMPEK BARU
32150700060023;3215070;3215070006;070;006;0023;RT 003 RW 007 DUSUN BUMI CIKAMPEK BARU
32150700060024;3215070;3215070006;070;006;0024;RT 008 RW 007 DUSUN BUMI CIKAMPEK BARU
32150700060025;3215070;3215070006;070;006;0025;RT 009 RW 007 DUSUN BUMI CIKAMPEK BARU
32150700060026;3215070;3215070006;070;006;0026;RT 010 RW 007 DUSUN BUMI CIKAMPEK BARU
32150700060027;3215070;3215070006;070;006;0027;RT 011 RW 007 DUSUN BUMI CIKAMPEK BARU
32150700060028;3215070;3215070006;070;006;0028;RT 012 RW 007 DUSUN BUMI CIKAMPEK BARU
32150700060029;3215070;3215070006;070;006;0029;RT 013 RW 007 DUSUN BUMI CIKAMPEK BARU
32150700060030;3215070;3215070006;070;006;0030;RT 014 RW 007 DUSUN BUMI CIKAMPEK BARU
32150700060031;3215070;3215070006;070;006;0031;RT 001 RW 008 DUSUN BUMI CIKAMPEK BARU
32150700060032;3215070;3215070006;070;006;0032;RT 002 RW 008 DUSUN BUMI CIKAMPEK BARU
32150700060033;3215070;3215070006;070;006;0033;RT 003 RW 008 DUSUN BUMI CIKAMPEK BARU
32150700060034;3215070;3215070006;070;006;0034;RT 004 RW 008 DUSUN BUMI CIKAMPEK BARU
32150700060035;3215070;3215070006;070;006;0035;RT 005 RW 008 DUSUN BUMI CIKAMPEK BARU
32150700060036;3215070;3215070006;070;006;0036;RT 006 RW 008 DUSUN BUMI CIKAMPEK BARU
32150700060037;3215070;3215070006;070;006;0037;RT 007 RW 008 DUSUN BUMI CIKAMPEK BARU
32150700060038;3215070;3215070006;070;006;0038;RT 008 RW 008 DUSUN BUMI CIKAMPEK BARU
32150700060039;3215070;3215070006;070;006;0039;RT 009 RW 008 DUSUN BUMI CIKAMPEK BARU
32150700060040;3215070;3215070006;070;006;0040;RT 010 RW 008 DUSUN BUMI CIKAMPEK BARU
32150700060041;3215070;3215070006;070;006;0041;RT 011 RW 008 DUSUN BUMI CIKAMPEK BARU
32150700060042;3215070;3215070006;070;006;0042;RT 012 RW 008 DUSUN BUMI CIKAMPEK BARU
32150700061001;3215070;3215070006;070;006;1001;SAWAH
32150700064002;3215070;3215070006;070;006;4002;PEMUKIMAN
32150700090001;3215070;3215070009;070;009;0001;RT 001A RW 001 DUSUN 1 KARAJAN
32150700090002;3215070;3215070009;070;009;0002;RT 002 RW 001 DUSUN 1 KARAJAN
32150700090003;3215070;3215070009;070;009;0003;RT 003 RW 001 DUSUN 1 KARAJAN
32150700090004;3215070;3215070009;070;009;0004;RT 001 RW 002 DUSUN 1 KARAJAN
32150700090005;3215070;3215070009;070;009;0005;RT 002 RW 002 DUSUN 1 KARAJAN
32150700090006;3215070;3215070009;070;009;0006;RT 003 RW 002 DUSUN 1 KARAJAN
32150700090007;3215070;3215070009;070;009;0007;RT 001 RW 003 DUSUN 2 KARAJAN
32150700090008;3215070;3215070009;070;009;0008;RT 002 RW 003 DUSUN 2 KARAJAN
32150700090009;3215070;3215070009;070;009;0009;RT 003 RW 003 DUSUN 2 KARAJAN
32150700090010;3215070;3215070009;070;009;0010;RT 001 RW 004 DUSUN 2 KARAJAN
32150700090011;3215070;3215070009;070;009;0011;RT 002 RW 004 DUSUN 2 KARAJAN
32150700090012;3215070;3215070009;070;009;0012;RT 003 RW 004 DUSUN 2 KARAJAN
32150700090013;3215070;3215070009;070;009;0013;RT 001 RW 005 DUSUN 3 KARAJAN
32150700090014;3215070;3215070009;070;009;0014;RT 002 RW 005 DUSUN 3 KARAJAN
32150700090015;3215070;3215070009;070;009;0015;RT 001 RW 006 DUSUN 3 KARAJAN
32150700090016;3215070;3215070009;070;009;0016;RT 002 RW 006 DUSUN 3 KARAJAN
32150700090017;3215070;3215070009;070;009;0017;RT 001B RW 001 DUSUN 1 KARAJAN
32150700091001;3215070;3215070009;070;009;1001;SAWAH
32150700091002;3215070;3215070009;070;009;1002;SAWAH
32150700091003;3215070;3215070009;070;009;1003;SAWAH
32150700100001;3215070;3215070010;070;010;0001;RT 001 RW 001 DUSUN 1 KARAJAN
32150700100002;3215070;3215070010;070;010;0002;RT 002 RW 001 DUSUN 1 KARAJAN
32150700100003;3215070;3215070010;070;010;0003;RT 003 RW 001 DUSUN 1 KARAJAN
32150700100004;3215070;3215070010;070;010;0004;RT 001 RW 002 DUSUN 1 KARAJAN
32150700100005;3215070;3215070010;070;010;0005;RT 002 RW 002 DUSUN 1 KARAJAN
32150700100006;3215070;3215070010;070;010;0006;RT 001 RW 003 DUSUN 1 KARAJAN
32150700100007;3215070;3215070010;070;010;0007;RT 002 RW 003 DUSUN 1 KARAJAN
32150700100008;3215070;3215070010;070;010;0008;RT 003 RW 003 DUSUN 1 KARAJAN
32150700100009;3215070;3215070010;070;010;0009;RT 001 RW 004 DUSUN 2 KARAJAN
32150700100010;3215070;3215070010;070;010;0010;RT 002 RW 004 DUSUN 2 KARAJAN
32150700100011;3215070;3215070010;070;010;0011;RT 001 RW 005 DUSUN 2 KARAJAN
32150700100012;3215070;3215070010;070;010;0012;RT 002 RW 005 DUSUN 2 KARAJAN
32150700100013;3215070;3215070010;070;010;0013;RT 003 RW 005 DUSUN 2 KARAJAN
32150700100014;3215070;3215070010;070;010;0014;RT 004 RW 005 DUSUN 2 KARAJAN
32150700100015;3215070;3215070010;070;010;0015;RT 001 RW 006 DUSUN 2 KARAJAN
32150700100016;3215070;3215070010;070;010;0016;RT 002 RW 006 DUSUN 2 KARAJAN
32150700100017;3215070;3215070010;070;010;0017;RT 003 RW 006 DUSUN 2 KARAJAN
32150700100018;3215070;3215070010;070;010;0018;RT 004 RW 006 DUSUN 2 KARAJAN
32150700110001;3215070;3215070011;070;011;0001;RT 001 RW 001 DUSUN SUKA MAJU
32150700110002;3215070;3215070011;070;011;0002;RT 002 RW 001 DUSUN SUKA MAJU
32150700110003;3215070;3215070011;070;011;0003;RT 001 RW 002 DUSUN SUKA MAJU
32150700110004;3215070;3215070011;070;011;0004;RT 002 RW 002 DUSUN SUKA MAJU
32150700110005;3215070;3215070011;070;011;0005;RT 001 RW 003 DUSUN SUKA MAJU
32150700110006;3215070;3215070011;070;011;0006;RT 002 RW 003 DUSUN SUKA MAJU
32150700110007;3215070;3215070011;070;011;0007;RT 001 RW 004 DUSUN SUKA MAJU
32150700110008;3215070;3215070011;070;011;0008;RT 002 RW 004 DUSUN SUKA MAJU
32150700110009;3215070;3215070011;070;011;0009;RT 001 RW 005 DUSUN BAKAN SEWI
32150700110010;3215070;3215070011;070;011;0010;RT 002 RW 005 DUSUN BAKAN SEWI
32150700110011;3215070;3215070011;070;011;0011;RT 003 RW 005 DUSUN BAKAN SEWI
32150700110012;3215070;3215070011;070;011;0012;RT 004 RW 005 DUSUN BAKAN SEWI
32150700110013;3215070;3215070011;070;011;0013;RT 005 RW 005 DUSUN BAKAN SEWI
32150700110014;3215070;3215070011;070;011;0014;RT 001 RW 006 DUSUN BAKAN SEWI
32150700110015;3215070;3215070011;070;011;0015;RT 002 RW 006 DUSUN BAKAN SEWI
32150700110016;3215070;3215070011;070;011;0016;RT 003 RW 006 DUSUN BAKAN SEWI
32150700110017;3215070;3215070011;070;011;0017;RT 004 RW 006 DUSUN BAKAN SEWI
32150700110018;3215070;3215070011;070;011;0018;RT 005 RW 006 DUSUN BAKAN SEWI
32150700111001;3215070;3215070011;070;011;1001;LAHAN SAWAH
32150700111002;3215070;3215070011;070;011;1002;SAWAH
32150700120001;3215070;3215070012;070;012;0001;RT 001 RW 001 DUSUN KARAJAN 01
32150700120002;3215070;3215070012;070;012;0002;RT 002 RW 001 DUSUN KARAJAN 01
32150700120003;3215070;3215070012;070;012;0003;RT 003 RW 001 DUSUN KARAJAN 01
32150700120004;3215070;3215070012;070;012;0004;RT 004 RW 002 DUSUN KARAJAN 01
32150700120005;3215070;3215070012;070;012;0005;RT 005 RW 002 DUSUN KARAJAN 01
32150700120006;3215070;3215070012;070;012;0006;RT 006 RW 002 DUSUN KARAJAN 01
32150700120007;3215070;3215070012;070;012;0007;RT 007 RW 003 DUSUN KARAJAN 02
32150700120008;3215070;3215070012;070;012;0008;RT 008 RW 003 DUSUN KARAJAN 02
32150700120009;3215070;3215070012;070;012;0009;RT 009 RW 004 DUSUN KARAJAN 02
32150700120010;3215070;3215070012;070;012;0010;RT 010 RW 004 DUSUN KARAJAN 02
32150700120011;3215070;3215070012;070;012;0011;RT 011 RW 005 DUSUN PULOKANDAYAKAN
32150700120012;3215070;3215070012;070;012;0012;RT 012 RW 005 DUSUN PULOKANDAYAKAN
32150700121001;3215070;3215070012;070;012;1001;SAWAH
32150700121002;3215070;3215070012;070;012;1002;SAWAH
32150700130001;3215070;3215070013;070;013;0001;RT 001 RW 001 DUSUN CIKALONG 01
32150700130002;3215070;3215070013;070;013;0002;RT 002 RW 001 DUSUN CIKALONG 01
32150700130003;3215070;3215070013;070;013;0003;RT 003 RW 001 DUSUN CIKALONG 01
32150700130004;3215070;3215070013;070;013;0004;RT 004 RW 001 DUSUN CIKALONG 01
32150700130005;3215070;3215070013;070;013;0005;RT 001 RW 002 DUSUN CIKALONG 01
32150700130006;3215070;3215070013;070;013;0006;RT 002 RW 002 DUSUN CIKALONG 01
32150700130007;3215070;3215070013;070;013;0007;RT 003 RW 002 DUSUN CIKALONG 01
32150700130008;3215070;3215070013;070;013;0008;RT 004 RW 002 DUSUN CIKALONG 01
32150700130009;3215070;3215070013;070;013;0009;RT 005 RW 002 DUSUN CIKALONG 01
32150700130010;3215070;3215070013;070;013;0010;RT 001 RW 003 DUSUN CIKALONG 02
32150700130011;3215070;3215070013;070;013;0011;RT 002 RW 003 DUSUN CIKALONG 02
32150700130012;3215070;3215070013;070;013;0012;RT 001 RW 004 DUSUN CIKALONG 02
32150700130013;3215070;3215070013;070;013;0013;RT 002 RW 004 DUSUN CIKALONG 02
32150700130014;3215070;3215070013;070;013;0014;RT 001 RW 005 DUSUN CIKALONG 03
32150700130015;3215070;3215070013;070;013;0015;RT 002 RW 005 DUSUN CIKALONG 03
32150700130016;3215070;3215070013;070;013;0016;RT 001 RW 006 DUSUN CIKALONG 03
32150700130017;3215070;3215070013;070;013;0017;RT 002 RW 006 DUSUN CIKALONG 03
32150700131001;3215070;3215070013;070;013;1001;PERSAWAHAN
32150700131002;3215070;3215070013;070;013;1002;PERSAWAHAN
32150700131003;3215070;3215070013;070;013;1003;PERSAWAHAN
32150700140001;3215070;3215070014;070;014;0001;RT 001 RW 001 DUSUN LEMBUR GEDE
32150700140002;3215070;3215070014;070;014;0002;RT 002 RW 001 DUSUN KP. KARYAWAN
32150700140003;3215070;3215070014;070;014;0003;RT 003 RW 001 DUSUN KP. KARYAWAN
32150700140004;3215070;3215070014;070;014;0004;RT 004 RW 001 DUSUN BLOK BANDUNG
32150700140005;3215070;3215070014;070;014;0005;RT 005 RW 001 DUSUN BLOK BANDUNG
32150700140006;3215070;3215070014;070;014;0006;RT 001 RW 002 DUSUN LEMBUR GEDE
32150700140007;3215070;3215070014;070;014;0007;RT 002 RW 002 DUSUN LEMBUR GEDE
32150700140008;3215070;3215070014;070;014;0008;RT 003 RW 002 DUSUN LEMBUR GEDE
32150700140009;3215070;3215070014;070;014;0009;RT 001 RW 003 DUSUN CIKALONG BUNDER
32150700140010;3215070;3215070014;070;014;0010;RT 002 RW 003 DUSUN CIKALONG BUNDER
32150700140011;3215070;3215070014;070;014;0011;RT 001 RW 004 DUSUN KR MULYA
32150700140012;3215070;3215070014;070;014;0012;RT 002 RW 004 DUSUN KR ANYAR
32150700140013;3215070;3215070014;070;014;0013;RT 003 RW 004 DUSUN KR MULYA
32150700140014;3215070;3215070014;070;014;0014;RT 004 RW 004 DUSUN KP. QATAR
32150700140015;3215070;3215070014;070;014;0015;RT 001 RW 005 DUSUN CIKALONG PINTU
32150700140016;3215070;3215070014;070;014;0016;RT 002 RW 005 DUSUN CIKALONG PINTU
32150700140017;3215070;3215070014;070;014;0017;RT 001 RW 006 DUSUN SADANG
32150700140018;3215070;3215070014;070;014;0018;RT 002 RW 006 DUSUN SADANG
32150700140019;3215070;3215070014;070;014;0019;RT 003 RW 006 DUSUN SADANG
32150700140020;3215070;3215070014;070;014;0020;RT 001 RW 007 DUSUN SADANG
32150700140021;3215070;3215070014;070;014;0021;RT 002 RW 007 DUSUN SADANG
32150700141001;3215070;3215070014;070;014;1001;PERSAWAHAN
32150700141002;3215070;3215070014;070;014;1002;PERSAWAHAN
32150700141003;3215070;3215070014;070;014;1003;PERSAWAHAN
32150700141004;3215070;3215070014;070;014;1004;PERSAWAHAN
32150700141005;3215070;3215070014;070;014;1005;PERSAWAHAN
32150700141006;3215070;3215070014;070;014;1006;PERSAWAHAN
32150700141007;3215070;3215070014;070;014;1007;PERSAWAHAN
32150700141008;3215070;3215070014;070;014;1008;PERSAWAHAN
32150700141009;3215070;3215070014;070;014;1009;PERSAWAHAN
32150700141010;3215070;3215070014;070;014;1010;PERSAWAHAN
32150700150001;3215070;3215070015;070;015;0001;RT 001 RW 001 DUSUN KRAJAN 1
32150700150002;3215070;3215070015;070;015;0002;RT 002 RW 001 DUSUN KRAJAN 1
32150700150003;3215070;3215070015;070;015;0003;RT 001 RW 002 DUSUN KRAJAN 1
32150700150004;3215070;3215070015;070;015;0004;RT 002 RW 002 DUSUN KRAJAN 1
32150700150005;3215070;3215070015;070;015;0005;RT 001 RW 003 DUSUN BAMBU RAKI
32150700150006;3215070;3215070015;070;015;0006;RT 002 RW 003 DUSUN BAMBU RAKI
32150700150007;3215070;3215070015;070;015;0007;RT 001 RW 004 DUSUN BAMBU RAKI
32150700150008;3215070;3215070015;070;015;0008;RT 002 RW 004 DUSUN BAMBU RAKI
32150700150009;3215070;3215070015;070;015;0009;RT 001 RW 005 DUSUN KRAJAN 2
32150700150010;3215070;3215070015;070;015;0010;RT 002 RW 005 DUSUN KRAJAN 2
32150700150011;3215070;3215070015;070;015;0011;RT 001 RW 006 DUSUN KRAJAN 2
32150700150012;3215070;3215070015;070;015;0012;RT 002 RW 006 DUSUN KRAJAN 2
32150700150013;3215070;3215070015;070;015;0013;RT 001 RW 007 DUSUN BAMBU H. AMIN
32150700150014;3215070;3215070015;070;015;0014;RT 002 RW 007 DUSUN BAMBU H. AMIN
32150700150015;3215070;3215070015;070;015;0015;RT 001 RW 008 DUSUN BAMBU H. AMIN
32150700150016;3215070;3215070015;070;015;0016;RT 002 RW 008 DUSUN BAMBU H. AMIN
32150700151001;3215070;3215070015;070;015;1001;PERSAWAHAN
32150700160001;3215070;3215070016;070;016;0001;RT 001 RW 001 DUSUN KARAJAN
32150700160002;3215070;3215070016;070;016;0002;RT 002 RW 001 DUSUN KARAJAN
32150700160003;3215070;3215070016;070;016;0003;RT 001 RW 002 DUSUN KARAJAN
32150700160004;3215070;3215070016;070;016;0004;RT 002 RW 002 DUSUN KARAJAN
32150700160005;3215070;3215070016;070;016;0005;RT 001 RW 003 DUSUN KEPUH 2
32150700160006;3215070;3215070016;070;016;0006;RT 002 RW 003 DUSUN KEPUH 2
32150700160007;3215070;3215070016;070;016;0007;RT 001 RW 004 DUSUN KEPUH 2
32150700160008;3215070;3215070016;070;016;0008;RT 002 RW 004 DUSUN KEPUH 2
32150700160009;3215070;3215070016;070;016;0009;RT 001 RW 005 DUSUN KEPUH 3
32150700160010;3215070;3215070016;070;016;0010;RT 002 RW 005 DUSUN KEPUH 3
32150700160011;3215070;3215070016;070;016;0011;RT 001 RW 006 DUSUN KEPUH 3
32150700160012;3215070;3215070016;070;016;0012;RT 002 RW 006 DUSUN KEPUH 3
32150700160013;3215070;3215070016;070;016;0013;RT 003 RW 006 DUSUN KEPUH 3
32150700160014;3215070;3215070016;070;016;0014;RT 001 RW 007 DUSUN SAWAH BARU
32150700160015;3215070;3215070016;070;016;0015;RT 002 RW 007 DUSUN SAWAH BARU
32150700160016;3215070;3215070016;070;016;0016;RT 003 RW 007 DUSUN SAWAH BARU
32150700160017;3215070;3215070016;070;016;0017;RT 001 RW 008 DUSUN SAWAH BARU
32150700160018;3215070;3215070016;070;016;0018;RT 002 RW 008 DUSUN SAWAH BARU
32150700160019;3215070;3215070016;070;016;0019;RT 003 RW 008 DUSUN SAWAH BARU
32150700161001;3215070;3215070016;070;016;1001;LAHAN SAWAH
32150700161002;3215070;3215070016;070;016;1002;LAHAN SAWAH
32150700161003;3215070;3215070016;070;016;1003;LAHAN SAWAH
32150700170001;3215070;3215070017;070;017;0001;RT 01 RW 001 DUSUN TELAR
32150700170002;3215070;3215070017;070;017;0002;RT 02 RW 001 DUSUN TELAR
32150700170003;3215070;3215070017;070;017;0003;RT 01 RW 002 DUSUN TELAR
32150700170004;3215070;3215070017;070;017;0004;RT 02 RW 002 DUSUN TELAR
32150700170005;3215070;3215070017;070;017;0005;RT 01 RW 003 DUSUN TELAR
32150700170006;3215070;3215070017;070;017;0006;RT 02 RW 003 DUSUN TELAR
32150700170007;3215070;3215070017;070;017;0007;RT 03 RW 003 DUSUN TELAR
32150700170008;3215070;3215070017;070;017;0008;RT 01 RW 004 DUSUN TELAR
32150700170009;3215070;3215070017;070;017;0009;RT 02 RW 004 DUSUN TELAR
32150700170010;3215070;3215070017;070;017;0010;RT 01 RW 005 DUSUN TELAR
32150700170011;3215070;3215070017;070;017;0011;RT 02 RW 005 DUSUN TELAR
32150700170012;3215070;3215070017;070;017;0012;RT 03 RW 005 DUSUN TELAR
32150700170013;3215070;3215070017;070;017;0013;RT 04 RW 005 DUSUN TELAR
32150700170014;3215070;3215070017;070;017;0014;RT 001 RW 006 DUSUN CIBANGO
32150700170015;3215070;3215070017;070;017;0015;RT 002 RW 006 DUSUN CIBANGO
32150700170016;3215070;3215070017;070;017;0016;RT 003 RW 006 DUSUN CIBANGO
32150700170017;3215070;3215070017;070;017;0017;RT 004 RW 006 DUSUN CIBANGO
32150700171001;3215070;3215070017;070;017;1001;PESAWAHAN
32150700180001;3215070;3215070018;070;018;0001;RT 001 RW 001 DUSUN KARAJAN 2
32150700180002;3215070;3215070018;070;018;0002;RT 002 RW 001 DUSUN KARAJAN 2
32150700180003;3215070;3215070018;070;018;0003;RT 003 RW 001 DUSUN KARAJAN 2
32150700180004;3215070;3215070018;070;018;0004;RT 001 RW 002 DUSUN KALENJERUK
32150700180005;3215070;3215070018;070;018;0005;RT 002 RW 002 DUSUN KALENJERUK
32150700180006;3215070;3215070018;070;018;0006;RT 003 RW 002 DUSUN KALENJERUK
32150700180007;3215070;3215070018;070;018;0007;RT 001 RW 003 DUSUN KALENJERUK
32150700180008;3215070;3215070018;070;018;0008;RT 002 RW 003 DUSUN KALENJERUK
32150700180009;3215070;3215070018;070;018;0009;RT 001 RW 004 DUSUN JEBUG 1
32150700180010;3215070;3215070018;070;018;0010;RT 002 RW 004 DUSUN JEBUG 1
32150700180011;3215070;3215070018;070;018;0011;RT 001 RW 005 DUSUN JEBUG 2
32150700180012;3215070;3215070018;070;018;0012;RT 002 RW 005 DUSUN JEBUG 2
32150700180013;3215070;3215070018;070;018;0013;RT 003 RW 005 DUSUN JEBUG 2
32150700181001;3215070;3215070018;070;018;1001;SAWAH
32150700181002;3215070;3215070018;070;018;1002;SAWAH
32150700181003;3215070;3215070018;070;018;1003;SAWAH
32150700181004;3215070;3215070018;070;018;1004;SAWAH
32150700190001;3215070;3215070019;070;019;0001;RT 001 RW 001 DUSUN KAREO
32150700190002;3215070;3215070019;070;019;0002;RT 002 RW 001 DUSUN KAREO
32150700190003;3215070;3215070019;070;019;0003;RT 003 RW 001 DUSUN KAREO
32150700190004;3215070;3215070019;070;019;0004;RT 001 RW 002 DUSUN KAREO
32150700190005;3215070;3215070019;070;019;0005;RT 002 RW 002 DUSUN KAREO
32150700190006;3215070;3215070019;070;019;0006;RT 003 RW 002 DUSUN KAREO
32150700190007;3215070;3215070019;070;019;0007;RT 001 RW 003 DUSUN KAREO
32150700190008;3215070;3215070019;070;019;0008;RT 002 RW 003 DUSUN KAREO
32150700190009;3215070;3215070019;070;019;0009;RT 001 RW 004 DUSUN KARAJAN
32150700190010;3215070;3215070019;070;019;0010;RT 002 RW 004 DUSUN KARAJAN
32150700190011;3215070;3215070019;070;019;0011;RT 003 RW 004 DUSUN KARAJAN
32150700190012;3215070;3215070019;070;019;0012;RT 001 RW 005 DUSUN KARAJAN
32150700190013;3215070;3215070019;070;019;0013;RT 002 RW 005 DUSUN KARAJAN
32150700190014;3215070;3215070019;070;019;0014;RT 003 RW 005 DUSUN KARAJAN
32150700190015;3215070;3215070019;070;019;0015;RT 001 RW 006 DUSUN SUKASARI
32150700190016;3215070;3215070019;070;019;0016;RT 002 RW 006 DUSUN SUKASARI
32150700190017;3215070;3215070019;070;019;0017;RT 003 RW 006 DUSUN SUKASARI
32150700190018;3215070;3215070019;070;019;0018;RT 001 RW 007 DUSUN SUKASARI
32150700190019;3215070;3215070019;070;019;0019;RT 002 RW 007 DUSUN SUKASARI
32150700190020;3215070;3215070019;070;019;0020;RT 001 RW 008 DUSUN KAREO
32150700190021;3215070;3215070019;070;019;0021;RT 002 RW 008 DUSUN KAREO
32150700191001;3215070;3215070019;070;019;1001;SAWAH
32150710010001;3215071;3215071001;071;001;0001;RT 001 RW 001 DUSUN CIKALONG
32150710010002;3215071;3215071001;071;001;0002;RT 002 RW 001 DUSUN CIKALONG
32150710010003;3215071;3215071001;071;001;0003;RT 003 RW 001 DUSUN CIKALONG
32150710010004;3215071;3215071001;071;001;0004;RT 001 RW 002 DUSUN CIKALONG II
32150710010005;3215071;3215071001;071;001;0005;RT 002 RW 002 DUSUN CIKALONG II
32150710010006;3215071;3215071001;071;001;0006;RT 003 RW 002 DUSUN CIKALONG II
32150710010007;3215071;3215071001;071;001;0007;RT 001 RW 003 DUSUN JUNGKLANG I
32150710010008;3215071;3215071001;071;001;0008;RT 002 RW 003 DUSUN JUNGKLANG I
32150710010009;3215071;3215071001;071;001;0009;RT 003 RW 003 DUSUN JUNGKLANG I
32150710010010;3215071;3215071001;071;001;0010;RT 001 RW 004 DUSUN JUNGKLANG II
32150710010011;3215071;3215071001;071;001;0011;RT 002 RW 004 DUSUN JUNGKLANG II
32150710010012;3215071;3215071001;071;001;0012;RT 003 RW 004 DUSUN JUNGKLANG II
32150710011001;3215071;3215071001;071;001;1001;PESAWAHAN BABAKAN KIARA
32150710011002;3215071;3215071001;071;001;1002;PESAWAHAN BABAKAN BANTEN
32150710011003;3215071;3215071001;071;001;1003;PESAWAHAN BABAKAN BANTEN
32150710011004;3215071;3215071001;071;001;1004;PESAWAHAN BABAKAN DEMPET
32150710011005;3215071;3215071001;071;001;1005;PESAWAHAN BLOK MARIUK
32150710020001;3215071;3215071002;071;002;0001;RT 001 RW 001 DUSUN IA
32150710020002;3215071;3215071002;071;002;0002;RT 002 RW 001 DUSUN IA
32150710020003;3215071;3215071002;071;002;0003;RT 003 RW 001 DUSUN IA
32150710020004;3215071;3215071002;071;002;0004;RT 004 RW 001 DUSUN IA
32150710020005;3215071;3215071002;071;002;0005;RT 001 RW 002 DUSUN IA
32150710020006;3215071;3215071002;071;002;0006;RT 002 RW 002 DUSUN IA
32150710020007;3215071;3215071002;071;002;0007;RT 003 RW 002 DUSUN IA
32150710020008;3215071;3215071002;071;002;0008;RT 004 RW 002 DUSUN IA
32150710020009;3215071;3215071002;071;002;0009;RT 005 RW 002 DUSUN IA
32150710020010;3215071;3215071002;071;002;0010;RT 001 RW 003 DUSUN IB
32150710020011;3215071;3215071002;071;002;0011;RT 002 RW 003 DUSUN IB
32150710020012;3215071;3215071002;071;002;0012;RT 003 RW 003 DUSUN IB
32150710020013;3215071;3215071002;071;002;0013;RT 001 RW 004 DUSUN IB
32150710020014;3215071;3215071002;071;002;0014;RT 002 RW 004 DUSUN IB
32150710020015;3215071;3215071002;071;002;0015;RT 003 RW 004 DUSUN IB
32150710020016;3215071;3215071002;071;002;0016;RT 001 RW 005 DUSUN BANGSA SUTA
32150710020017;3215071;3215071002;071;002;0017;RT 002 RW 005 DUSUN BANGSA SUTA
32150710020018;3215071;3215071002;071;002;0018;RT 003 RW 005 DUSUN BANGSA SUTA
32150710020019;3215071;3215071002;071;002;0019;RT 004 RW 005 DUSUN BANGSA SUTA
32150710020020;3215071;3215071002;071;002;0020;RT 001 RW 006 DUSUN BANGSA SUTA
32150710020021;3215071;3215071002;071;002;0021;RT 002 RW 006 DUSUN BANGSA SUTA
32150710020022;3215071;3215071002;071;002;0022;RT 003 RW 006 DUSUN BANGSA SUTA
32150710020023;3215071;3215071002;071;002;0023;RT 004 RW 006 DUSUN BANGSA SUTA
32150710021001;3215071;3215071002;071;002;1001;PERSAWAHAN
32150710021002;3215071;3215071002;071;002;1002;PERSAWAHAN
32150710021003;3215071;3215071002;071;002;1003;PERSAWAHAN
32150710021004;3215071;3215071002;071;002;1004;PERSAWAHAN
32150710030001;3215071;3215071003;071;003;0001;RT 001 RW 001 DUSUN CICINDE II
32150710030002;3215071;3215071003;071;003;0002;RT 002 RW 001 DUSUN CICINDE II
32150710030003;3215071;3215071003;071;003;0003;RT 003 RW 001 DUSUN CICINDE II
32150710030004;3215071;3215071003;071;003;0004;RT 001 RW 002 DUSUN CICINDE II
32150710030005;3215071;3215071003;071;003;0005;RT 002 RW 002 DUSUN CICINDE II
32150710030006;3215071;3215071003;071;003;0006;RT 001 RW 003 DUSUN CICINDE III
32150710030007;3215071;3215071003;071;003;0007;RT 002 RW 003 DUSUN CICINDE III
32150710030008;3215071;3215071003;071;003;0008;RT 001 RW 004 DUSUN CICINDE III
32150710030009;3215071;3215071003;071;003;0009;RT 002 RW 004  CICINDE III
32150710030010;3215071;3215071003;071;003;0010;RT 001 RW 005 DUSUN CICINDE III
32150710030011;3215071;3215071003;071;003;0011;RT 002 RW 005 DUSUN CICINDE III
32150710030012;3215071;3215071003;071;003;0012;RT 001 RW 006 DUSUN DADUT
32150710030013;3215071;3215071003;071;003;0013;RT 002 RW 006 DUSUN DADUT
32150710030014;3215071;3215071003;071;003;0014;RT 001 RW 007 DUSUN DADUT
32150710030015;3215071;3215071003;071;003;0015;RT 002 RW 007 DUSUN DADUT
32150710030016;3215071;3215071003;071;003;0016;RT 001 RW 008 DUSUN PEUNDEUY
32150710030017;3215071;3215071003;071;003;0017;RT 002 RW 008 DUSUN PEUNDEUY
32150710030018;3215071;3215071003;071;003;0018;RT 001 RW 009 DUSUN PEUNDEUY
32150710030019;3215071;3215071003;071;003;0019;RT 002 RW 009 DUSUN PEUNDEUY
32150710030020;3215071;3215071003;071;003;0020;RT 003 RW 009 DUSUN PEUNDEUY
32150710031001;3215071;3215071003;071;003;1001;PESAWAHAN BLOK BABAKAN BANTEN
32150710031002;3215071;3215071003;071;003;1002;PESAWAHAN BLOK PEUNDEUY
32150710031003;3215071;3215071003;071;003;1003;PESAWAHAN BLOK DADUT
32150710031004;3215071;3215071003;071;003;1004;PESAWAHAN BLOK CICINDE II
32150710031005;3215071;3215071003;071;003;1005;PESAWAHAN BLOK PEUNDEUY
32150710031006;3215071;3215071003;071;003;1006;PESAWAHAN BLOK PEUNDEUY
32150710040001;3215071;3215071004;071;004;0001;RT 001 RW 001 DUSUN KARAJAN
32150710040002;3215071;3215071004;071;004;0002;RT 002 RW 001 DUSUN KARAJAN
32150710040003;3215071;3215071004;071;004;0003;RT 003 RW 001 DUSUN KARAJAN
32150710040004;3215071;3215071004;071;004;0004;RT 001 RW 002 DUSUN KARAJAN
32150710040005;3215071;3215071004;071;004;0005;RT 002 RW 002 DUSUN KARAJAN
32150710040006;3215071;3215071004;071;004;0006;RT 001 RW 003 DUSUN KARAJAN
32150710040007;3215071;3215071004;071;004;0007;RT 002 RW 003 DUSUN KARAJAN
32150710040008;3215071;3215071004;071;004;0008;RT 003 RW 003 DUSUN KARAJAN
32150710040009;3215071;3215071004;071;004;0009;RT 001A RW 004 DUSUN SUKAMULYA
32150710040010;3215071;3215071004;071;004;0010;RT 001B RW 004 DUSUN SUKAMULYA
32150710040011;3215071;3215071004;071;004;0011;RT 002 RW 004 DUSUN SUKAMULYA
32150710040012;3215071;3215071004;071;004;0012;RT 003 RW 004 DUSUN SUKAMULYA
32150710040013;3215071;3215071004;071;004;0013;RT 001 RW 005 DUSUN SUKAMULYA
32150710040014;3215071;3215071004;071;004;0014;RT 002 RW 005 DUSUN SUKAMULYA
32150710040015;3215071;3215071004;071;004;0015;RT 003 RW 005 DUSUN SUKAMULYA
32150710040016;3215071;3215071004;071;004;0016;RT 001 RW 006 DUSUN SUKAMULYA
32150710040017;3215071;3215071004;071;004;0017;RT 002 RW 006 DUSUN SUKAMULYA
32150710040018;3215071;3215071004;071;004;0018;RT 001 RW 007 DUSUN KARAJAN
32150710040019;3215071;3215071004;071;004;0019;RT 001 RW 008 DUSUN SUKAMULYA
32150710041001;3215071;3215071004;071;004;1001;PESAWAHAN BLOK JUNGKLANG
32150710041002;3215071;3215071004;071;004;1002;PESAWAHAN BLOK DADUT
32150710041004;3215071;3215071004;071;004;1004;PESAWAHAN MEKARSARI/JAYA MEKAR
32150710042003;3215071;3215071004;071;004;2003;HUTAN (KALI CILAMAYA)
32150710050001;3215071;3215071005;071;005;0001;RT 001 RW 001 DUSUN 1
32150710050002;3215071;3215071005;071;005;0002;RT 002 RW 001 DUSUN 1
32150710050003;3215071;3215071005;071;005;0003;RT 003 RW 001 DUSUN 1
32150710050004;3215071;3215071005;071;005;0004;RT 004 RW 001 DUSUN 1
32150710050005;3215071;3215071005;071;005;0005;RT 005 RW 001 DUSUN 1
32150710050006;3215071;3215071005;071;005;0006;RT 001 RW 002 DUSUN 1
32150710050007;3215071;3215071005;071;005;0007;RT 002 RW 002 DUSUN 1
32150710050008;3215071;3215071005;071;005;0008;RT 003 RW 002 DUSUN 1
32150710050009;3215071;3215071005;071;005;0009;RT 004 RW 002 DUSUN 1
32150710050010;3215071;3215071005;071;005;0010;RT 005 RW 002 DUSUN 1
32150710050011;3215071;3215071005;071;005;0011;RT 001 RW 003 DUSUN 2
32150710050012;3215071;3215071005;071;005;0012;RT 002 RW 003 DUSUN 2
32150710050013;3215071;3215071005;071;005;0013;RT 003 RW 003 DUSUN 2
32150710050014;3215071;3215071005;071;005;0014;RT 004 RW 003 DUSUN 2
32150710050015;3215071;3215071005;071;005;0015;RT 001 RW 004 DUSUN 2
32150710050016;3215071;3215071005;071;005;0016;RT 002 RW 004 DUSUN 2
32150710050017;3215071;3215071005;071;005;0017;RT 003 RW 004 DUSUN 2
32150710050018;3215071;3215071005;071;005;0018;RT 004 RW 004 DUSUN 2
32150710051001;3215071;3215071005;071;005;1001;PESAWAHAN
32150710051002;3215071;3215071005;071;005;1002;PESAWAHAN
32150710051003;3215071;3215071005;071;005;1003;PESAWAHAN
32150710060001;3215071;3215071006;071;006;0001;RT 001 RW 001 DUSUN PASAR 1
32150710060002;3215071;3215071006;071;006;0002;RT 002 RW 001 DUSUN PASAR 1
32150710060003;3215071;3215071006;071;006;0003;RT 003 RW 001 DUSUN PASAR 1
32150710060004;3215071;3215071006;071;006;0004;RT 004 RW 001 DUSUN PASAR 1
32150710060005;3215071;3215071006;071;006;0005;RT 001 RW 002 DUSUN PASAR 1
32150710060006;3215071;3215071006;071;006;0006;RT 002 RW 002 DUSUN PASAR 1
32150710060007;3215071;3215071006;071;006;0007;RT 003 RW 002 DUSUN PASAR 1
32150710060008;3215071;3215071006;071;006;0008;RT 004 RW 002 DUSUN PASAR 1
32150710060009;3215071;3215071006;071;006;0009;RT 001 RW 003 DUSUN KALEN RAMAN
32150710060010;3215071;3215071006;071;006;0010;RT 002 RW 003 DUSUN KALEN RAMAN
32150710060011;3215071;3215071006;071;006;0011;RT 001 RW 004 DUSUN KALEN RAMAN SELATAN
32150710060012;3215071;3215071006;071;006;0012;RT 002 RW 004 DUSUN KALEN RAMAN SELATAN
32150710060013;3215071;3215071006;071;006;0013;RT 003 RW 004 DUSUN KALEN RAMAN
32150710060014;3215071;3215071006;071;006;0014;RT 004 RW 004 DUSUN KALEN RAMAN SELATAN
32150710060015;3215071;3215071006;071;006;0015;RT 001 RW 005 DUSUN KALEN RAMAN UTARA
32150710060016;3215071;3215071006;071;006;0016;RT 002 RW 005 DUSUN KALEN RAMAN UTARA
32150710060017;3215071;3215071006;071;006;0017;RT 003 RW 005 DUSUN KALEN RAMAN
32150710060018;3215071;3215071006;071;006;0018;RT 004 RW 005 DUSUN KALEN RAMAN UTARA
32150710061001;3215071;3215071006;071;006;1001;PESAWAHAN
32150710061002;3215071;3215071006;071;006;1002;PESAWAHAN
32150710061003;3215071;3215071006;071;006;1003;PESAWAHAN
32150710070001;3215071;3215071007;071;007;0001;RT 001 RW 001 DUSUN GEMBONGAN
32150710070002;3215071;3215071007;071;007;0002;RT 002 RW 001 DUSUN GEMBONGAN
32150710070003;3215071;3215071007;071;007;0003;RT 003 RW 002 DUSUN GEMBONGAN
32150710070004;3215071;3215071007;071;007;0004;RT 004 RW 002 DUSUN GEMBONGAN
32150710070005;3215071;3215071007;071;007;0005;RT 001 RW 003 DUSUN BABAKAN
32150710070006;3215071;3215071007;071;007;0006;RT 002 RW 003 DUSUN BABAKAN
32150710070007;3215071;3215071007;071;007;0007;RT 003 RW 004 DUSUN BABAKAN
32150710070008;3215071;3215071007;071;007;0008;RT 004 RW 004 DUSUN BABAKAN
32150710070009;3215071;3215071007;071;007;0009;RT 001 RW 005 DUSUN BAKAN KIARA
32150710070010;3215071;3215071007;071;007;0010;RT 002 RW 005 DUSUN BAKAN KIARA
32150710070011;3215071;3215071007;071;007;0011;RT 003 RW 006 DUSUN BAKAN KIARA
32150710070012;3215071;3215071007;071;007;0012;RT 004 RW 006 DUSUN BAKAN KIARA
32150710071001;3215071;3215071007;071;007;1001;PESAWAHAN BLOK BABAKAN
32150710071002;3215071;3215071007;071;007;1002;PESAWAHAN BLOK KECAMATAN
32150710071003;3215071;3215071007;071;007;1003;PESAWAHAN BLOK GEMBONGAN
32150710080001;3215071;3215071008;071;008;0001;RT 001 RW 001 DUSUN KARAJAN 1
32150710080002;3215071;3215071008;071;008;0002;RT 002 RW 001 DUSUN KARAJAN 1
32150710080003;3215071;3215071008;071;008;0003;RT 003 RW 001 DUSUN KARAJAN 1
32150710080004;3215071;3215071008;071;008;0004;RT 001 RW 002 DUSUN KARAJAN 1
32150710080005;3215071;3215071008;071;008;0005;RT 002 RW 002 DUSUN KARAJAN 1
32150710080006;3215071;3215071008;071;008;0006;RT 003 RW 002 DUSUN KARAJAN 1
32150710080007;3215071;3215071008;071;008;0007;RT 001 RW 003 DUSUN KARAJAN 1
32150710080008;3215071;3215071008;071;008;0008;RT 002 RW 003 DUSUN KARAJAN 1
32150710080009;3215071;3215071008;071;008;0009;RT 003 RW 003 DUSUN KARAJAN 1
32150710080010;3215071;3215071008;071;008;0010;RT 001 RW 004 DUSUN KARAJAN II
32150710080011;3215071;3215071008;071;008;0011;RT 002 RW 004 DUSUN KARAJAN II
32150710080012;3215071;3215071008;071;008;0012;RT 003 RW 004 DUSUN KARAJAN II
32150710080013;3215071;3215071008;071;008;0013;RT 001 RW 005 DUSUN KARANG TENGAH
32150710080014;3215071;3215071008;071;008;0014;RT 002 RW 005 DUSUN KARANG TENGAH
32150710080015;3215071;3215071008;071;008;0015;RT 003 RW 005 DUSUN KARANG TENGAH
32150710080016;3215071;3215071008;071;008;0016;RT 001 RW 006 DUSUN KARANG TENGAH
32150710080017;3215071;3215071008;071;008;0017;RT 002 RW 006 DUSUN KARANG TENGAH
32150710080018;3215071;3215071008;071;008;0018;RT 003 RW 006 DUSUN KARANG TENGAH
32150710080019;3215071;3215071008;071;008;0019;RT 001 RW 007 DUSUN NAMBO
32150710080020;3215071;3215071008;071;008;0020;RT 002 RW 007 DUSUN NAMBO
32150710080021;3215071;3215071008;071;008;0021;RT 003 RW 007 DUSUN NAMBO
32150710080022;3215071;3215071008;071;008;0022;RT 004 RW 008 DUSUN NAMBO
32150710080023;3215071;3215071008;071;008;0023;RT 005 RW 008 DUSUN NAMBO
32150710081001;3215071;3215071008;071;008;1001;SAWAH BLOK SUSUKAN
32150710081002;3215071;3215071008;071;008;1002;SAWAH BLOK NAMBO
32150710081003;3215071;3215071008;071;008;1003;SAWAH BLOK KARANG TENGAH
32150710081004;3215071;3215071008;071;008;1004;SAWAH
32150710081005;3215071;3215071008;071;008;1005;SAWAH
32150710081006;3215071;3215071008;071;008;1006;SAWAH
32150710090001;3215071;3215071009;071;009;0001;RT 001 RW 001 DUSUN KRAJAN
32150710090002;3215071;3215071009;071;009;0002;RT 002 RW 001 DUSUN KRAJAN
32150710090003;3215071;3215071009;071;009;0003;RT 003 RW 002 DUSUN KRAJAN
32150710090004;3215071;3215071009;071;009;0004;RT 004 RW 002 DUSUN KRAJAN
32150710090005;3215071;3215071009;071;009;0005;RT 005 RW 003 DUSUN KALEN BUNTU
32150710090006;3215071;3215071009;071;009;0006;RT 006 RW 003 DUSUN KALEN BUNTU
32150710090007;3215071;3215071009;071;009;0007;RT 007 RW 004 DUSUN KALEN BUNTU
32150710090008;3215071;3215071009;071;009;0008;RT 008 RW 004 DUSUN KALEN BUNTU
32150710090009;3215071;3215071009;071;009;0009;RT 009 RW 005 DUSUN MALEBER I
32150710090010;3215071;3215071009;071;009;0010;RT 010 RW 005 DUSUN MALEBER I
32150710090011;3215071;3215071009;071;009;0011;RT 011 RW 006 DUSUN MALEBER I
32150710090012;3215071;3215071009;071;009;0012;RT 012 RW 006 DUSUN MALEBER I
32150710090013;3215071;3215071009;071;009;0013;RT 013 RW 007 DUSUN MALEBER II
32150710090014;3215071;3215071009;071;009;0014;RT 014 RW 007 DUSUN MALEBER II
32150710090015;3215071;3215071009;071;009;0015;RT 015 RW 008 DUSUN MALEBER II
32150710090016;3215071;3215071009;071;009;0016;RT 016 RW 008 DUSUN MALEBER II
32150710091001;3215071;3215071009;071;009;1001;PESAWAHAN
32150710091002;3215071;3215071009;071;009;1002;PESAWAHAN
32150710091003;3215071;3215071009;071;009;1003;PESAWAHAN
32150710100001;3215071;3215071010;071;010;0001;RT 001 RW 001 DUSUN TALUN ASMAN
32150710100002;3215071;3215071010;071;010;0002;RT 002 RW 001 DUSUN TALUN ASMAN
32150710100003;3215071;3215071010;071;010;0003;RT 003 RW 001 DUSUN TALUN ASMAN
32150710100004;3215071;3215071010;071;010;0004;RT 004 RW 001 DUSUN TALUN ASMAN
32150710100005;3215071;3215071010;071;010;0005;RT 001 RW 002 DUSUN TALUN ASMAN
32150710100006;3215071;3215071010;071;010;0006;RT 002 RW 002 DUSUN TALUN ASMAN
32150710100007;3215071;3215071010;071;010;0007;RT 003 RW 002 DUSUN TALUN ASMAN
32150710100008;3215071;3215071010;071;010;0008;RT 004 RW 002 DUSUN TALUN ASMAN
32150710100009;3215071;3215071010;071;010;0009;RT 001 RW 003 DUSUN KIARA
32150710100010;3215071;3215071010;071;010;0010;RT 002 RW 003 DUSUN KIARA
32150710100011;3215071;3215071010;071;010;0011;RT 001 RW 004 DUSUN GENTENG
32150710100012;3215071;3215071010;071;010;0012;RT 002 RW 004 DUSUN GENTENG
32150710100013;3215071;3215071010;071;010;0013;RT 003 RW 004 DUSUN GENTENG
32150710110001;3215071;3215071011;071;011;0001;RT 001 RW 001 DUSUN KRAJAN
32150710110002;3215071;3215071011;071;011;0002;RT 002 RW 001 DUSUN KRAJAN
32150710110003;3215071;3215071011;071;011;0003;RT 003 RW 002 DUSUN KRAJAN
32150710110004;3215071;3215071011;071;011;0004;RT 004 RW 002 DUSUN KRAJAN
32150710110005;3215071;3215071011;071;011;0005;RT 005 RW 003 DUSUN KADAWUNG
32150710110006;3215071;3215071011;071;011;0006;RT 006 RW 003 DUSUN KADAWUNG
32150710110007;3215071;3215071011;071;011;0007;RT 007 RW 003 DUSUN KEDAWUNG
32150710110008;3215071;3215071011;071;011;0008;RT 008 RW 004 DUSUN KEDAWUNG
32150710110009;3215071;3215071011;071;011;0009;RT 009 RW 004 DUSUN KEDAWUNG
32150710110010;3215071;3215071011;071;011;0010;RT 010 RW 004 DUSUN KEDAWUNG
32150710110011;3215071;3215071011;071;011;0011;RT 011 RW 005 DUSUN KECEMEK
32150710110012;3215071;3215071011;071;011;0012;RT 012 RW 005 DUSUN KECEMEK
32150710110013;3215071;3215071011;071;011;0013;RT 013 RW 005 DUSUN KECEMEK
32150710110014;3215071;3215071011;071;011;0014;RT 014 RW 006 DUSUN KECEMEK
32150710110015;3215071;3215071011;071;011;0015;RT 015 RW 006 DUSUN KECEMEK
32150710110016;3215071;3215071011;071;011;0016;RT 016 RW 006 DUSUN KECEMEK
32150710110017;3215071;3215071011;071;011;0017;RT 017 RW 007 DUSUN KEPUH
32150710110018;3215071;3215071011;071;011;0018;RT 018 RW 007 DUSUN KEPUH
32150710110019;3215071;3215071011;071;011;0019;RT 019 RW 008 DUSUN KEPUH
32150710110020;3215071;3215071011;071;011;0020;RT 020 RW 008 DUSUN KEPUH
32150710111001;3215071;3215071011;071;011;1001;PESAWAHAN
32150710111002;3215071;3215071011;071;011;1002;PESAWAHAN
32150710111003;3215071;3215071011;071;011;1003;PESAWAHAN
32150710111004;3215071;3215071011;071;011;1004;PESAWAHAN
32150710120001;3215071;3215071012;071;012;0001;RT 001 RW 001 DUSUN SAMPORA
32150710120002;3215071;3215071012;071;012;0002;RT 002 RW 001 DUSUN SAMPORA
32150710120003;3215071;3215071012;071;012;0003;RT 003 RW 001 DUSUN SAMPORA
32150710120004;3215071;3215071012;071;012;0004;RT 004 RW 001 DUSUN SAMPORA
32150710120005;3215071;3215071012;071;012;0005;RT 001 RW 002 DUSUN SAMPORA
32150710120006;3215071;3215071012;071;012;0006;RT 002 RW 002 DUSUN SAMPORA
32150710120007;3215071;3215071012;071;012;0007;RT 003 RW 002 DUSUN SAMPORA
32150710120008;3215071;3215071012;071;012;0008;RT 004 RW 002 DUSUN SAMPORA
32150710120009;3215071;3215071012;071;012;0009;RT 001 RW 003 DUSUN SIMPAR
32150710120010;3215071;3215071012;071;012;0010;RT 002 RW 003 DUSUN CEPER
32150710120011;3215071;3215071012;071;012;0011;RT 003 RW 003 DUSUN CEPER
32150710120012;3215071;3215071012;071;012;0012;RT 004 RW 003 DUSUN  CEPER
32150710120013;3215071;3215071012;071;012;0013;RT 001 RW 004 DUSUN CURUG KADONGDONG
32150710120014;3215071;3215071012;071;012;0014;RT 002 RW 004 DUSUN CURUG KADONGDONG
32150710120015;3215071;3215071012;071;012;0015;RT 001 RW 005 DUSUN CURUG KADONGDONG
32150710120016;3215071;3215071012;071;012;0016;RT 002 RW 005 DUSUN CURUG KADONGDONG
32150710120017;3215071;3215071012;071;012;0017;RT 003 RW 005 DUSUN CURUG KADONGDONG
32150710120018;3215071;3215071012;071;012;0018;RT 004 RW 005 DUSUN CURUG KADONGDONG
32150710120019;3215071;3215071012;071;012;0019;RT 001 RW 006 DUSUN WARAKAS
32150710120020;3215071;3215071012;071;012;0020;RT 002 RW 006 DUSUN WARAKAS
32150710121001;3215071;3215071012;071;012;1001;PESAWAHAN
32150710121002;3215071;3215071012;071;012;1002;PESAWAHAN
32150720010001;3215072;3215072001;072;001;0001;RT 001 RW 001 DUSUN I
32150720010002;3215072;3215072001;072;001;0002;RT 002 RW 001 DUSUN I
32150720010003;3215072;3215072001;072;001;0003;RT 003 RW 001 DUSUN I
32150720010004;3215072;3215072001;072;001;0004;RT 004 RW 002 DUSUN I
32150720010005;3215072;3215072001;072;001;0005;RT 005 RW 002 DUSUN I
32150720010006;3215072;3215072001;072;001;0006;RT 006 RW 002 DUSUN I
32150720010007;3215072;3215072001;072;001;0007;RT 032 RW 002 DUSUN I
32150720010008;3215072;3215072001;072;001;0008;RT 029 RW 011 DUSUN I
32150720010009;3215072;3215072001;072;001;0009;RT 030 RW 011 DUSUN I
32150720010010;3215072;3215072001;072;001;0010;RT 031 RW 011 DUSUN I
32150720010011;3215072;3215072001;072;001;0011;RT 007 RW 003 DUSUN II
32150720010012;3215072;3215072001;072;001;0012;RT 008 RW 003 DUSUN II
32150720010013;3215072;3215072001;072;001;0013;RT 009 RW 004 DUSUN II
32150720010014;3215072;3215072001;072;001;0014;RT 010 RW 004 DUSUN II
32150720010015;3215072;3215072001;072;001;0015;RT 011 RW 005 DUSUN II
32150720010016;3215072;3215072001;072;001;0016;RT 012 RW 005 DUSUN II
32150720010017;3215072;3215072001;072;001;0017;RT 013 RW 006 DUSUN III
32150720010018;3215072;3215072001;072;001;0018;RT 014 RW 006 DUSUN III
32150720010019;3215072;3215072001;072;001;0019;RT 015 RW 006 DUSUN III
32150720010020;3215072;3215072001;072;001;0020;RT 016 RW 007 DUSUN IV
32150720010021;3215072;3215072001;072;001;0021;RT 017 RW 007 DUSUN IV
32150720010022;3215072;3215072001;072;001;0022;RT 018 RW 008 DUSUN IV
32150720010023;3215072;3215072001;072;001;0023;RT 019 RW 008 DUSUN IV
32150720010024;3215072;3215072001;072;001;0024;RT 020 RW 008 DUSUN IV
32150720010025;3215072;3215072001;072;001;0025;RT 021 RW 009 DUSUN V
32150720010026;3215072;3215072001;072;001;0026;RT 022 RW 009 DUSUN V
32150720010027;3215072;3215072001;072;001;0027;RT 023 RW 009 DUSUN V
32150720010028;3215072;3215072001;072;001;0028;RT 024 RW 009 DUSUN V
32150720010029;3215072;3215072001;072;001;0029;RT 025 RW 009 DUSUN V
32150720010030;3215072;3215072001;072;001;0030;RT 026 RW 010 DUSUN V
32150720010031;3215072;3215072001;072;001;0031;RT 027 RW 010 DUSUN V
32150720010032;3215072;3215072001;072;001;0032;RT 028 RW 010 DUSUN V
32150720010033;3215072;3215072001;072;001;0033;RT 033 RW 002 DUSUN I
32150720010034;3215072;3215072001;072;001;0034;RT 034 RW 002 DUSUN I
32150720010035;3215072;3215072001;072;001;0035;RT 035 RW 012 DUSUN I
32150720010036;3215072;3215072001;072;001;0036;RT 036 RW 012 DUSUN I
32150720011001;3215072;3215072001;072;001;1001;KEBON KEMBANG
32150720020001;3215072;3215072002;072;002;0001;RT 001 RW 001 DUSUN KARAJAN
32150720020002;3215072;3215072002;072;002;0002;RT 002 RW 001 DUSUN KARAJAN
32150720020003;3215072;3215072002;072;002;0003;RT 003 RW 001 DUSUN KARAJAN
32150720020004;3215072;3215072002;072;002;0004;RT 001 RW 002 DUSUN KARAJAN
32150720020005;3215072;3215072002;072;002;0005;RT 002 RW 002 DUSUN KARAJAN
32150720020006;3215072;3215072002;072;002;0006;RT 003 RW 002 DUSUN KARAJAN
32150720020007;3215072;3215072002;072;002;0007;RT 001 RW 003 DUSUN MARGASARI
32150720020008;3215072;3215072002;072;002;0008;RT 002 RW 003 DUSUN MARGASARI
32150720020009;3215072;3215072002;072;002;0009;RT 003 RW 003 DUSUN MARGASARI
32150720020010;3215072;3215072002;072;002;0010;RT 004 RW 003 DUSUN MARGASARI
32150720020011;3215072;3215072002;072;002;0011;RT 001 RW 004 DUSUN MARGASARI
32150720020012;3215072;3215072002;072;002;0012;RT 002 RW 004 DUSUN MARGASARI
32150720020013;3215072;3215072002;072;002;0013;RT 003 RW 004 DUSUN MARGASARI
32150720020014;3215072;3215072002;072;002;0014;RT 001 RW 009 DUSUN MARGASARI
32150720020015;3215072;3215072002;072;002;0015;RT 002 RW 009 DUSUN MARGASARI
32150720020016;3215072;3215072002;072;002;0016;RT 003 RW 009 DUSUN MARGASARI
32150720020017;3215072;3215072002;072;002;0017;RT 004 RW 009 DUSUN MARGASARI
32150720020018;3215072;3215072002;072;002;0018;RT 005 RW 009 DUSUN MARGASARI
32150720020019;3215072;3215072002;072;002;0019;RT 006 RW 009 DUSUN MARGASARI
32150720020020;3215072;3215072002;072;002;0020;RT 007 RW 009 DUSUN MARGASARI
32150720020021;3215072;3215072002;072;002;0021;RT 008 RW 009 DUSUN MARGASARI
32150720020022;3215072;3215072002;072;002;0022;RT 003 RW 010 DUSUN SUKAMULYA
32150720020023;3215072;3215072002;072;002;0023;RT 004 RW 010 DUSUN SUKAMLUYA
32150720020024;3215072;3215072002;072;002;0024;RT 006 RW 010 DUSUN SUKAMULYA
32150720020025;3215072;3215072002;072;002;0025;RT 001 RW 005 DUSUN SUKAMULYA
32150720020026;3215072;3215072002;072;002;0026;RT 002 RW 005 DUSUN SUKAMULYA
32150720020027;3215072;3215072002;072;002;0027;RT 003 RW 005 DUSUN SUKAMULYA
32150720020028;3215072;3215072002;072;002;0028;RT 001 RW 006 DUSUN SUKAMULYA
32150720020029;3215072;3215072002;072;002;0029;RT 002 RW 006 DUSUN SUKAMULYA
32150720020030;3215072;3215072002;072;002;0030;RT 005 RW 006 DUSUN SUKAMULYA
32150720020031;3215072;3215072002;072;002;0031;RT 001 RW 007 DUSUN RAWAMAS
32150720020032;3215072;3215072002;072;002;0032;RT 002 RW 007 DUSUN RAWAMAS
32150720020033;3215072;3215072002;072;002;0033;RT 003 RW 007 DUSUN RAWAMAS
32150720020034;3215072;3215072002;072;002;0034;RT 004 RW 007 DUSUN RAWAMAS
32150720020035;3215072;3215072002;072;002;0035;RT 005 RW 007 DUSUN RAWAMAS
32150720020036;3215072;3215072002;072;002;0036;RT 006 RW 007 DUSUN RAWAMAS
32150720020037;3215072;3215072002;072;002;0037;RT 001 RW 008 DUSUN RAWAMAS
32150720020038;3215072;3215072002;072;002;0038;RT 002 RW 008 DUSUN RAWAMAS
32150720020039;3215072;3215072002;072;002;0039;RT 003 RW 008 DUSUN RAWAMAS
32150720020040;3215072;3215072002;072;002;0040;RT 004 RW 008 DUSUN RAWAMAS
32150720020041;3215072;3215072002;072;002;0041;RT 005 RW 008 DUSUN RAWAMAS
32150720020042;3215072;3215072002;072;002;0042;RT 006 RW 008 DUSUN RAWAMAS
32150720020043;3215072;3215072002;072;002;0043;RT 005 RW 003 DUSUN RAWAMAS
32150720022001;3215072;3215072002;072;002;2001;TANAH KOSONG/ TANAH PT CHANGSIN 1
32150720022002;3215072;3215072002;072;002;2002;TANAH KOSONG/ TANAH PT CHANGSIH 2
32150720030001;3215072;3215072003;072;003;0001;RT 001 RW 001 DUSUN KARAJAN
32150720030002;3215072;3215072003;072;003;0002;RT 002 RW 001 DUSUN KARAJAN
32150720030003;3215072;3215072003;072;003;0003;RT 003 RW 001 DUSUN KARAJAN
32150720030004;3215072;3215072003;072;003;0004;RT 004 RW 001 DUSUN KARAJAN
32150720030005;3215072;3215072003;072;003;0005;RT 005 RW 001 DUSUN KARAJAN
32150720030006;3215072;3215072003;072;003;0006;RT 006 RW 001 DUSUN KARAJAN
32150720030007;3215072;3215072003;072;003;0007;RT 007 RW 002 DUSUN KARAJAN
32150720030008;3215072;3215072003;072;003;0008;RT 008 RW 002 DUSUN KARAJAN
32150720030009;3215072;3215072003;072;003;0009;RT 009 RW 002 DUSUN KARAJAN
32150720030010;3215072;3215072003;072;003;0010;RT 010 RW 002 DUSUN KARAJAN
32150720030011;3215072;3215072003;072;003;0011;RT 011 RW 002 DUSUN KARAJAN
32150720030012;3215072;3215072003;072;003;0012;RT 012 RW 002 DUSUN KARAJAN
32150720030013;3215072;3215072003;072;003;0013;RT 013 RW 003 DUSUN SUKAATI
32150720030014;3215072;3215072003;072;003;0014;RT 014 RW 003 DUSUN SUKAATI
32150720030015;3215072;3215072003;072;003;0015;RT 015 RW 003 DUSUN SUKAATI
32150720030016;3215072;3215072003;072;003;0016;RT 016 RW 003 DUSUN SUKAATI
32150720030017;3215072;3215072003;072;003;0017;RT 017 RW 003 DUSUN SUKAATI
32150720030018;3215072;3215072003;072;003;0018;RT 018 RW 004 DUSUN SUKAATI
32150720030019;3215072;3215072003;072;003;0019;RT 019 RW 004 DUSUN SUKAATI
32150720030020;3215072;3215072003;072;003;0020;RT 020 RW 004 DUSUN SUKAATI
32150720030021;3215072;3215072003;072;003;0021;RT 021 RW 004 DUSUN SUKAATI
32150720030022;3215072;3215072003;072;003;0022;RT 022 RW 004 DUSUN SUKAATI
32150720040001;3215072;3215072004;072;004;0001;RT 001 RW 001 DUSUN KARAJAN
32150720040002;3215072;3215072004;072;004;0002;RT 002 RW 001 DUSUN KARAJAN
32150720040003;3215072;3215072004;072;004;0003;RT 003 RW 001 DUSUN KARAJAN
32150720040004;3215072;3215072004;072;004;0004;RT 004 RW 001 DUSUN KARAJAN
32150720040005;3215072;3215072004;072;004;0005;RT 005 RW 001 DUSUN KARAJAN
32150720040006;3215072;3215072004;072;004;0006;RT 001 RW 002 DUSUN KARAJAN
32150720040007;3215072;3215072004;072;004;0007;RT 002 RW 002 DUSUN KARAJAN
32150720040008;3215072;3215072004;072;004;0008;RT 003 RW 002 DUSUN KARAJAN
32150720040009;3215072;3215072004;072;004;0009;RT 001 RW 003 DUSUN KARAJAN
32150720040010;3215072;3215072004;072;004;0010;RT 002 RW 003 DUSUN KARAJAN
32150720040011;3215072;3215072004;072;004;0011;RT 003 RW 003 DUSUN KARAJAN
32150720040012;3215072;3215072004;072;004;0012;RT 001 RW 004 DUSUN DARINGO
32150720040013;3215072;3215072004;072;004;0013;RT 002 RW 004 DUSUN DARINGO
32150720040014;3215072;3215072004;072;004;0014;RT 003 RW 004 DUSUN DARINGO
32150720040015;3215072;3215072004;072;004;0015;RT 004 RW 004 DUSUN DARINGO
32150720040016;3215072;3215072004;072;004;0016;RT 005 RW 004 DUSUN DARINGO
32150720040017;3215072;3215072004;072;004;0017;RT 001 RW 005 DUSUN DARINGO
32150720040018;3215072;3215072004;072;004;0018;RT 002 RW 005 DUSUN DARINGO
32150720040019;3215072;3215072004;072;004;0019;RT 003 RW 005 DUSUN DARINGO
32150720040020;3215072;3215072004;072;004;0020;RT 004 RW 005 DUSUN DARINGO
32150720040021;3215072;3215072004;072;004;0021;RT 005 RW 005 DUSUN DARINGO
32150720040022;3215072;3215072004;072;004;0022;RT 006 RW 005 DUSUN DARINGO
32150720040023;3215072;3215072004;072;004;0023;RT 001 RW 006 DUSUN GANDOANG
32150720040024;3215072;3215072004;072;004;0024;RT 002 RW 006 DUSUN GANDOANG
32150720040025;3215072;3215072004;072;004;0025;RT 003 RW 006 DUSUN GANDOANG
32150720040026;3215072;3215072004;072;004;0026;RT 001 RW 007 DUSUN GANDOANG
32150720040027;3215072;3215072004;072;004;0027;RT 002 RW 007 DUSUN GANDOANG
32150720040028;3215072;3215072004;072;004;0028;RT 003 RW 007 DUSUN GANDOANG
32150720040029;3215072;3215072004;072;004;0029;RT 001 RW 008 DUSUN GANDOANG
32150720040030;3215072;3215072004;072;004;0030;RT 002 RW 008 DUSUN GANDOANG
32150720040031;3215072;3215072004;072;004;0031;RT 003 RW 008 DUSUN GANDOANG
32150720040032;3215072;3215072004;072;004;0032;RT 004 RW 008 DUSUN GANDOANG
32150720040033;3215072;3215072004;072;004;0033;RT 001 RW 009 DUSUN GANDOANG
32150720040034;3215072;3215072004;072;004;0034;RT 002 RW 009 DUSUN GANDOANG
32150720040035;3215072;3215072004;072;004;0035;RT 003 RW 009 DUSUN GANDOANG
32150720040036;3215072;3215072004;072;004;0036;RT 004 RW 009 DUSUN GANDOANG
32150720040037;3215072;3215072004;072;004;0037;RT 001 RW 010 DUSUN DARINGO
32150720040038;3215072;3215072004;072;004;0038;RT 002 RW 010 DUSUN DARINGO
32150720040039;3215072;3215072004;072;004;0039;RT 001 RW 011 DUSUN DARINGO
32150720040040;3215072;3215072004;072;004;0040;RT 002 RW 011 DUSUN DARINGO
32150720040041;3215072;3215072004;072;004;0041;RT 001 RW 012 DUSUN DARINGO
32150720040042;3215072;3215072004;072;004;0042;RT 002 RW 012 DUSUN DARINGO
32150720040043;3215072;3215072004;072;004;0043;RT 003 RW 011 DUSUN DARINGO
32150720040044;3215072;3215072004;072;004;0044;RT 004 RW 011 DUSUN DARINGO
32150720040045;3215072;3215072004;072;004;0045;RT 003 RW 012 DUSUN DARINGO
32150720040046;3215072;3215072004;072;004;0046;RT 005 RW 011 DUSUN DARINGO
32150720040047;3215072;3215072004;072;004;0047;RT 005 RW 009 DUSUN GANDOANG
32150720041001;3215072;3215072004;072;004;1001;SAWAH DORLAT
32150720041002;3215072;3215072004;072;004;1002;SAWAH PUNDONG
32150720041003;3215072;3215072004;072;004;1003;SAWAH
32150720050001;3215072;3215072005;072;005;0001;RT 001 RW 001 DUSUN CARIU BARAT
32150720050002;3215072;3215072005;072;005;0002;RT 002 RW 001 DUSUN CARIU BARAT
32150720050003;3215072;3215072005;072;005;0003;RT 003 RW 001 DUSUN CARIU BARAT
32150720050004;3215072;3215072005;072;005;0004;RT 001 RW 002 DUSUN CARIU BARAT
32150720050005;3215072;3215072005;072;005;0005;RT 002 RW 002 DUSUN CARIU BARAT
32150720050006;3215072;3215072005;072;005;0006;RT 003 RW 002 DUSUN CARIU BARAT
32150720050007;3215072;3215072005;072;005;0007;RT 001 RW 003 DUSUN CARIU BARAT
32150720050008;3215072;3215072005;072;005;0008;RT 002 RW 003 DUSUN CARIU BARAT
32150720050010;3215072;3215072005;072;005;0010;RT 001 RW 004 DUSUN CARIU BARAT
32150720050011;3215072;3215072005;072;005;0011;RT 002 RW 004 DUSUN CARIU BARAT
32150720050012;3215072;3215072005;072;005;0012;RT 003 RW 004 DUSUN CARIU BARAT
32150720050013;3215072;3215072005;072;005;0013;RT 004 RW 004 DUSUN CARIU BARAT
32150720050014;3215072;3215072005;072;005;0014;RT 001 RW 005 DUSUN CARIU BARAT
32150720050015;3215072;3215072005;072;005;0015;RT 002 RW 005 DUSUN CARIU BARAT
32150720050016;3215072;3215072005;072;005;0016;RT 003 RW 005 DUSUN CARIU BARAT
32150720050017;3215072;3215072005;072;005;0017;RT 004 RW 005 DUSUN CARIU BARAT
32150720050018;3215072;3215072005;072;005;0018;RT 005 RW 005 DUSUN CARIU BARAT
32150720050019;3215072;3215072005;072;005;0019;RT 006 RW 005 DUSUN CARIU BARAT
32150720050020;3215072;3215072005;072;005;0020;RT 001 RW 001 DUSUN CARIU TIMUR
32150720050021;3215072;3215072005;072;005;0021;RT 002 RW 001 DUSUN CARIU TIMUR
32150720050022;3215072;3215072005;072;005;0022;RT 003 RW 001 DUSUN CARIU TIMUR
32150720050023;3215072;3215072005;072;005;0023;RT 001 RW 002 DUSUN CARIU TIMUR
32150720050024;3215072;3215072005;072;005;0024;RT 002 RW 002 DUSUN CARIU TIMUR
32150720050025;3215072;3215072005;072;005;0025;RT 003 RW 002 DUSUN CARIU TIMUR
32150720050026;3215072;3215072005;072;005;0026;RT 001 RW 003 DUSUN CARIU TIMUR
32150720050027;3215072;3215072005;072;005;0027;RT 002 RW 003 DUSUN CARIU TIMUR
32150720050028;3215072;3215072005;072;005;0028;RT 003 RW 003 DUSUN CARIU TIMUR
32150720050029;3215072;3215072005;072;005;0029;RT 001 RW 004 DUSUN CARIU TIMUR
32150720050030;3215072;3215072005;072;005;0030;RT 002 RW 004 DUSUN CARIU TIMUR
32150720050031;3215072;3215072005;072;005;0031;RT 003 RW 004 DUSUN CARIU TIMUR
32150720050032;3215072;3215072005;072;005;0032;RT 001 RW 005 DUSUN CARIU TIMUR
32150720050033;3215072;3215072005;072;005;0033;RT 002 RW 005 DUSUN CARIU TIMUR
32150720050034;3215072;3215072005;072;005;0034;RT 003 RW 005 DUSUN CARIU TIMUR
32150720050035;3215072;3215072005;072;005;0035;RT 004 RW 005 DUSUN CARIU TIMUR
32150720050036;3215072;3215072005;072;005;0036;RT 005 RW 005 DUSUN CARIU TIMUR
32150720050037;3215072;3215072005;072;005;0037;RT 001 RW 001 DUSUN KAMISAH
32150720050038;3215072;3215072005;072;005;0038;RT 002 RW 001 DUSUN KAMISAH
32150720050039;3215072;3215072005;072;005;0039;RT 003 RW 001 DUSUN KAMISAH
32150720050040;3215072;3215072005;072;005;0040;RT 001 RW 002 DUSUN KAMISAH
32150720050041;3215072;3215072005;072;005;0041;RT 002 RW 002 DUSUN KAMISAH
32150720050042;3215072;3215072005;072;005;0042;RT 001 RW 001 DUSUN KIARA
32150720050043;3215072;3215072005;072;005;0043;RT 002 RW 001 DUSUN KIARA
32150720050044;3215072;3215072005;072;005;0044;RT 003 RW 001 DUSUN KIARA
32150720050045;3215072;3215072005;072;005;0045;RT 004 RW 001 DUSUN KIARA
32150720050046;3215072;3215072005;072;005;0046;RT 005 RW 001 DUSUN KIARA
32150720050047;3215072;3215072005;072;005;0047;RT 008 RW 001 DUSUN KIARA
32150720050048;3215072;3215072005;072;005;0048;RT 009 RW 001 DUSUN KIARA
32150720050049;3215072;3215072005;072;005;0049;RT 006 RW 002 DUSUN KIARA
32150720050050;3215072;3215072005;072;005;0050;RT 007 RW 002 DUSUN KIARA
32150720050051;3215072;3215072005;072;005;0051;RT 010 RW 001 DUSUN KIARA
32150720050052;3215072;3215072005;072;005;0052;RT 001 RW 006 DUSUN CARIU BARAT
32150720050053;3215072;3215072005;072;005;0053;RT 002 RW 006 DUSUN CARIU BARAT
32150720050054;3215072;3215072005;072;005;0054;RT 003 RW 006 DUSUN CARIU BARAT
32150720050055;3215072;3215072005;072;005;0055;RT 004 RW 001 DUSUN CARIU BARAT
32150720050056;3215072;3215072005;072;005;0056;RT 004 RW 006 DUSUN CARIU BARAT
32150720051002;3215072;3215072005;072;005;1002;SAWAH CIPANGULAH
32150720051003;3215072;3215072005;072;005;1003;SAWAH CIPANGULAH
32150720051005;3215072;3215072005;072;005;1005;ALAS TUA
32150720051006;3215072;3215072005;072;005;1006;ALAS TUA
32150720051007;3215072;3215072005;072;005;1007;BAKAN BANDUNG
32150720051008;3215072;3215072005;072;005;1008;PUNDONG 2
32150720051009;3215072;3215072005;072;005;1009;PUNDONG 1
32150720051010;3215072;3215072005;072;005;1010;TEGALAN SAHABAT
32150720054004;3215072;3215072005;072;005;4004;PONDOK MUTIARA
32150720060001;3215072;3215072006;072;006;0001;RT 001 RW 001 DUSUN KALIASIN
32150720060002;3215072;3215072006;072;006;0002;RT 002 RW 001 DUSUN KALIASIN
32150720060003;3215072;3215072006;072;006;0003;RT 001 RW 007 DUSUN KALIASIN
32150720060004;3215072;3215072006;072;006;0004;RT 002 RW 007 DUSUN KALIASIN
32150720060005;3215072;3215072006;072;006;0005;RT 001 RW 008 DUSUN KALIASIN
32150720060006;3215072;3215072006;072;006;0006;RT 002 RW 008 DUSUN KALIASIN
32150720060007;3215072;3215072006;072;006;0007;RT 001 RW 002 DUSUN KALIASIN
32150720060008;3215072;3215072006;072;006;0008;RT 002 RW 002 DUSUN KALIASIN
32150720060009;3215072;3215072006;072;006;0009;RT 001 RW 003 DUSUN KALIASIN
32150720060010;3215072;3215072006;072;006;0010;RT 002 RW 003 DUSUN KALIASIN
32150720060011;3215072;3215072006;072;006;0011;RT 001 RW 004 DUSUN KALIASIN
32150720060012;3215072;3215072006;072;006;0012;RT 002 RW 004 DUSUN KALIASIN
32150720060013;3215072;3215072006;072;006;0013;RT 001 RW 005 DUSUN SARENGSENG
32150720060014;3215072;3215072006;072;006;0014;RT 002 RW 005 DUSUN SARENGSENG
32150720060015;3215072;3215072006;072;006;0015;RT 001 RW 006 DUSUN SARENGSENG
32150720060016;3215072;3215072006;072;006;0016;RT 002 RW 006 DUSUN SARENGSENG
32150720061002;3215072;3215072006;072;006;1002;SAWAH ALASTUA
32150720061003;3215072;3215072006;072;006;1003;SAWAH RAMERAK
32150720061004;3215072;3215072006;072;006;1004;JALUPANG KIDUL
32150720061005;3215072;3215072006;072;006;1005;JALUPANG KALER
32150720061006;3215072;3215072006;072;006;1006;SAWAH SEMIR
32150720063001;3215072;3215072006;072;006;3001;LAPANG MERAH
32150720070001;3215072;3215072007;072;007;0001;RT 001 RW 001 DUSUN KARAJAN
32150720070002;3215072;3215072007;072;007;0002;RT 002 RW 001 DUSUN KARAJAN
32150720070003;3215072;3215072007;072;007;0003;RT 003 RW 001 DUSUN KARAJAN
32150720070004;3215072;3215072007;072;007;0004;RT 004 RW 001 DUSUN KARAJAN
32150720070005;3215072;3215072007;072;007;0005;RT 005 RW 001 DUSUN KARAJAN
32150720070006;3215072;3215072007;072;007;0006;RT 001 RW 002 DUSUN KARAJAN
32150720070007;3215072;3215072007;072;007;0007;RT 002 RW 002 DUSUN KARAJAN
32150720070008;3215072;3215072007;072;007;0008;RT 001 RW 008 DUSUN KARAJAN
32150720070009;3215072;3215072007;072;007;0009;RT 002 RW 008 DUSUN KARAJAN
32150720070010;3215072;3215072007;072;007;0010;RT 003 RW 008 DUSUN KARAJAN
32150720070011;3215072;3215072007;072;007;0011;RT 004 RW 008 DUSUN KARAJAN
32150720070012;3215072;3215072007;072;007;0012;RT 005 RW 008 DUSUN KARAJAN
32150720070013;3215072;3215072007;072;007;0013;RT 001 RW 003 DUSUN KALIOYOD
32150720070014;3215072;3215072007;072;007;0014;RT 002 RW 003 DUSUN KALIOYOD
32150720070015;3215072;3215072007;072;007;0015;RT 003 RW 003 DUSUN KALIOYOD
32150720070016;3215072;3215072007;072;007;0016;RT 004 RW 003 DUSUN KALIOYOD
32150720070017;3215072;3215072007;072;007;0017;RT 001 RW 004 DUSUN KALIOYOD
32150720070018;3215072;3215072007;072;007;0018;RT 002 RW 004 DUSUN KALIOYOD
32150720070019;3215072;3215072007;072;007;0019;RT 003 RW 004 DUSUN KALIOYOD
32150720070020;3215072;3215072007;072;007;0020;RT 001 RW 007 DUSUN KALIOYOD
32150720070021;3215072;3215072007;072;007;0021;RT 002 RW 007 DUSUN KALIOYOD
32150720070022;3215072;3215072007;072;007;0022;RT 003 RW 007 DUSUN KALIOYOD
32150720070023;3215072;3215072007;072;007;0023;RT 004 RW 007 DUSUN KALIOYOD
32150720070024;3215072;3215072007;072;007;0024;RT 005 RW 007 DUSUN KALIOYOD
32150720070025;3215072;3215072007;072;007;0025;RT 006 RW 007 DUSUN KALIOYOD
32150720070026;3215072;3215072007;072;007;0026;RT 007 RW 007 DUSUN KALIOYOD
32150720070027;3215072;3215072007;072;007;0027;RT 008 RW 007 DUSUN KALIOYOD
32150720070028;3215072;3215072007;072;007;0028;RT 009 RW 007 DUSUN KALIOYOD
32150720070029;3215072;3215072007;072;007;0029;RT 001 RW 009 DUSUN KALIOYOD
32150720070030;3215072;3215072007;072;007;0030;RT 002 RW 009 DUSUN KALIOYOD
32150720070031;3215072;3215072007;072;007;0031;RT 003 RW 009 DUSUN KALIOYOD
32150720070032;3215072;3215072007;072;007;0032;RT 001 RW 005 DUSUN CARIU
32150720070033;3215072;3215072007;072;007;0033;RT 002 RW 005 DUSUN CARIU
32150720070034;3215072;3215072007;072;007;0034;RT 003 RW 005 DUSUN CARIU
32150720070035;3215072;3215072007;072;007;0035;RT 004 RW 005 DUSUN CARIU
32150720070036;3215072;3215072007;072;007;0036;RT 001 RW 006 DUSUN CARIU
32150720070037;3215072;3215072007;072;007;0037;RT 002 RW 006 DUSUN CARIU
32150720070038;3215072;3215072007;072;007;0038;RT 001 RW 010 DUSUN CARIU
32150720070039;3215072;3215072007;072;007;0039;RT 002 RW 010 DUSUN CARIU
32150720070040;3215072;3215072007;072;007;0040;RT 003 RW 010 DUSUN CARIU
32150720070041;3215072;3215072007;072;007;0041;RT 004 RW 010 DUSUN CARIU
32150720070042;3215072;3215072007;072;007;0042;RT 005 RW 003 DUSUN KALIOYOD
32150720070043;3215072;3215072007;072;007;0043;RT 006 RW 001 DUSUN KARAJAN
32150720070044;3215072;3215072007;072;007;0044;RT 003 RW 002 DUSUN KARAJAN
32150720070045;3215072;3215072007;072;007;0045;RT 004 RW 002 DUSUN KARAJAN
32150720070046;3215072;3215072007;072;007;0046;RT 005 RW 002 DUSUN KARAJAN
32150720070047;3215072;3215072007;072;007;0047;RT 006 RW 002 DUSUN KARAJAN
32150720070048;3215072;3215072007;072;007;0048;RT 006 RW 003 DUSUN KALIOYOD
32150720070049;3215072;3215072007;072;007;0049;RT 003 RW 006 DUSUN CARIU
32150720070051;3215072;3215072007;072;007;0051;RT 008 RW 001 CPR 3
32150720070052;3215072;3215072007;072;007;0052;RT 009 RW 001 CPR 3
32150720070053;3215072;3215072007;072;007;0053;RT 010 RW 001 CPR 3
32150720070054;3215072;3215072007;072;007;0054;RT 011 RW 001 CPR 3
32150720071001;3215072;3215072007;072;007;1001;SAWAH SAWANGAN 1
32150720071002;3215072;3215072007;072;007;1002;SAWAH SAWANGAN 2
32150720071003;3215072;3215072007;072;007;1003;SAWAH CIMULANG
32150720071004;3215072;3215072007;072;007;1004;SAWAH TANGGUL
32150720071011;3215072;3215072007;072;007;1011;PERUMAHAN SUDIRMAN GREEN PARK
32150720074006;3215072;3215072007;072;007;4006;PERUMAHAN WANCIMEKAR LESTARI RT 007 RW 001 DUSUN KARAJAN
32150720074010;3215072;3215072007;072;007;4010;PERUMAHAN CARIU RESIDENCE 3
32150720080001;3215072;3215072008;072;008;0001;RT 001 RW 001 DUSUN KARAJAN
32150720080002;3215072;3215072008;072;008;0002;RT 002 RW 001 DUSUN KARAJAN
32150720080003;3215072;3215072008;072;008;0003;RT 003 RW 001 DUSUN KARAJAN
32150720080004;3215072;3215072008;072;008;0004;RT 001 RW 002 DUSUN KARAJAN
32150720080005;3215072;3215072008;072;008;0005;RT 002 RW 002 DUSUN KARAJAN
32150720080006;3215072;3215072008;072;008;0006;RT 001 RW 003 DUSUN KARAJAN
32150720080007;3215072;3215072008;072;008;0007;RT 002 RW 003 DUSUN KARAJAN
32150720080008;3215072;3215072008;072;008;0008;RT 003 RW 003 DUSUN KARAJAN
32150720080009;3215072;3215072008;072;008;0009;RT 004 RW 003 DUSUN KARAJAN
32150720080010;3215072;3215072008;072;008;0010;RT 001 RW 004 DUSUN KARANG SALAM
32150720080011;3215072;3215072008;072;008;0011;RT 002 RW 004 DUSUN KARANG SALAM
32150720080012;3215072;3215072008;072;008;0012;RT 003 RW 004 DUSUN KARANG SALAM
32150720080013;3215072;3215072008;072;008;0013;RT 004 RW 004 DUSUN KARANG SALAM
32150720080014;3215072;3215072008;072;008;0014;RT 005 RW 004 DUSUN KARANG SALAM
32150720080015;3215072;3215072008;072;008;0015;RT 006 RW 004 DUSUN KARANG SALAM
32150720080016;3215072;3215072008;072;008;0016;RT 001 RW 005 DUSUN KARANG SALAM
32150720080017;3215072;3215072008;072;008;0017;RT 002 RW 005 DUSUN KARANG SALAM
32150720080018;3215072;3215072008;072;008;0018;RT 003 RW 005 DUSUN KARANG SALAM
32150720080019;3215072;3215072008;072;008;0019;RT 004 RW 005 DUSUN KARANG SALAM
32150720080020;3215072;3215072008;072;008;0020;RT 001 RW 006 DUSUN KARANG SALAM
32150720080021;3215072;3215072008;072;008;0021;RT 002 RW 006 DUSUN KARANG SALAM
32150720080022;3215072;3215072008;072;008;0022;RT 003 RW 006 DUSUN KARANG SALAM
32150720080023;3215072;3215072008;072;008;0023;RT 004 RW 006 DUSUN KARANG SALAM
32150720080024;3215072;3215072008;072;008;0024;RT 005 RW 006 DUSUN KARANG SALAM
32150720080025;3215072;3215072008;072;008;0025;RT 006 RW 006 DUSUN KARANG SALAM
32150720080026;3215072;3215072008;072;008;0026;RT 007 RW 006 DUSUN KARANG SALAM
32150720080027;3215072;3215072008;072;008;0027;RT 001 RW 007 DUSUN BAKAN TAMBUN
32150720080028;3215072;3215072008;072;008;0028;RT 002 RW 007 DUSUN BAKAN TAMBUN
32150720080029;3215072;3215072008;072;008;0029;RT 003 RW 007 DUSUN BAKAN TAMBUN
32150720080030;3215072;3215072008;072;008;0030;RT 004 RW 007 DUSUN BAKAN TAMBUN
32150720080031;3215072;3215072008;072;008;0031;RT 005 RW 007 DUSUN BAKAN TAMBUN
32150720080032;3215072;3215072008;072;008;0032;RT 001 RW 008 DUSUN BAKAN TAMBUN
32150720080033;3215072;3215072008;072;008;0033;RT 002 RW 008 DUSUN BAKAN TAMBUN
32150720080034;3215072;3215072008;072;008;0034;RT 003 RW 008 DUSUN BAKAN TAMBUN
32150720080035;3215072;3215072008;072;008;0035;RT 001 RW 009 DUSUN SUKAMULYA
32150720080036;3215072;3215072008;072;008;0036;RT 002 RW 009 DUSUN SUKAMULYA
32150720080037;3215072;3215072008;072;008;0037;RT 003 RW 009 DUSUN SUKAMULYA
32150720080038;3215072;3215072008;072;008;0038;RT 004 RW 009 DUSUN SUKAMULYA
32150720080039;3215072;3215072008;072;008;0039;RT 005 RW 009 DUSUN SUKAMULYA PERUMAHAN KOTABARU PERMAI 2
32150720080040;3215072;3215072008;072;008;0040;RT 001 RW 010 DUSUN SUKAMULYA
32150720080041;3215072;3215072008;072;008;0041;RT 002 RW 010 DUSUN SUKAMULYA
32150720080042;3215072;3215072008;072;008;0042;RT 001 RW 011 DUSUN KARANG SALAM
32150720080043;3215072;3215072008;072;008;0043;RT 002 RW 011 DUSUN KARANG SALAM
32150720080044;3215072;3215072008;072;008;0044;RT 003 RW 011 DUSUN KARANG SALAM
32150720080045;3215072;3215072008;072;008;0045;RT 004 RW 011 DUSUN KARANG SALAM
32150720080046;3215072;3215072008;072;008;0046;RT 005 RW 011 DUSUN KARANG SALAM
32150720080047;3215072;3215072008;072;008;0047;RT 007 RW 004 DUSUN KARANG SALAM
32150720080048;3215072;3215072008;072;008;0048;RT 005 RW 005 DUSUN KARANG SALAM
32150720080049;3215072;3215072008;072;008;0049;RT 006 RW 009 DUSUN SUKAMULYA
32150720080050;3215072;3215072008;072;008;0050;RT 001 RW 012 DUSUN SUKAMULYA
32150720080051;3215072;3215072008;072;008;0051;RT 002 RW 012 DUSUN SUKAMULYA
32150720080052;3215072;3215072008;072;008;0052;RT 003 RW 012 DUSUN SUKAMULYA
32150720081002;3215072;3215072008;072;008;1002;LADANG
32150720081003;3215072;3215072008;072;008;1003;SAWAH
32150720082001;3215072;3215072008;072;008;2001;PERUMAHAN VILLA KENCANA
32150720090001;3215072;3215072009;072;009;0001;RT 001 RW 001 DUSUN SUKA SENANG
32150720090002;3215072;3215072009;072;009;0002;RT 002 RW 001 DUSUN SUKA SENANG
32150720090003;3215072;3215072009;072;009;0003;RT 003 RW 001 DUSUN SUKA SENANG
32150720090004;3215072;3215072009;072;009;0004;RT 004 RW 001 DUSUN SUKA SENANG
32150720090005;3215072;3215072009;072;009;0005;RT 001 RW 002 DUSUN SUKA SENANG
32150720090006;3215072;3215072009;072;009;0006;RT 002 RW 002 DUSUN SUKA SENANG
32150720090007;3215072;3215072009;072;009;0007;RT 001 RW 003 DUSUN MEKAR JAYA
32150720090008;3215072;3215072009;072;009;0008;RT 002 RW 003 DUSUN MEKAR JAYA
32150720090009;3215072;3215072009;072;009;0009;RT 001 RW 004 DUSUN MEKAR JAYA
32150720090010;3215072;3215072009;072;009;0010;RT 002 RW 004 DUSUN MEKAR JAYA
32150720090011;3215072;3215072009;072;009;0011;RT 001 RW 005 DUSUN MEKAR JAYA
32150720090012;3215072;3215072009;072;009;0012;RT 002 RW 005 DUSUN MEKAR JAYA
32150720090013;3215072;3215072009;072;009;0013;RT 001 RW 006 DUSUN MEKAR SARI
32150720090014;3215072;3215072009;072;009;0014;RT 002 RW 006 DUSUN MEKAR SARI
32150720090015;3215072;3215072009;072;009;0015;RT 001 RW 007 DUSUN MEKAR SARI
32150720090016;3215072;3215072009;072;009;0016;RT 002 RW 007 DUSUN MEKAR SARI
32150720090017;3215072;3215072009;072;009;0017;RT 001 RW 008 DUSUN KAMPUNG BARU TIMUR
32150720090018;3215072;3215072009;072;009;0018;RT 002 RW 008 DUSUN KAMPUNG BARU TIMUR
32150720090019;3215072;3215072009;072;009;0019;RT 001 RW 009 DUSUN KAMPUNG BARU TIMUR
32150720090020;3215072;3215072009;072;009;0020;RT 002 RW 009 DUSUN KAMPUNG BARU TIMUR
32150720090021;3215072;3215072009;072;009;0021;RT 003 RW 009 DUSUN KAMPUNG BARU TIMUR
32150720090022;3215072;3215072009;072;009;0022;RT 001 RW 010 DUSUN CISELANG
32150720090023;3215072;3215072009;072;009;0023;RT 002 RW 010 DUSUN CISELANG
32150720090024;3215072;3215072009;072;009;0024;RT 003 RW 010 DUSUN CISELANG
32150720090025;3215072;3215072009;072;009;0025;RT 001 RW 011 DUSUN CISELANG
32150720090026;3215072;3215072009;072;009;0026;RT 002 RW 011 DUSUN CISELANG
32150720090027;3215072;3215072009;072;009;0027;RT 003 RW 011 DUSUN CISELANG
32150720090028;3215072;3215072009;072;009;0028;RT 001 RW 012 DUSUN REGENCY
32150720090029;3215072;3215072009;072;009;0029;RT 002 RW 012 DUSUN REGENCY
32150720090030;3215072;3215072009;072;009;0030;RT 003 RW 012 DUSUN REGENCY
32150720090031;3215072;3215072009;072;009;0031;RT 004 RW 012 DUSUN REGENCY
32150720090032;3215072;3215072009;072;009;0032;RT 001 RW 013 DUSUN REGENCY
32150720090033;3215072;3215072009;072;009;0033;RT 002 RW 013 DUSUN REGENCY
32150720090034;3215072;3215072009;072;009;0034;RT 003 RW 013 DUSUN REGENCY
32150720090035;3215072;3215072009;072;009;0035;RT 004 RW 013 DUSUN REGENCY
32150720090036;3215072;3215072009;072;009;0036;RT 005 RW 013 DUSUN REGENCY
32150720090037;3215072;3215072009;072;009;0037;RT 006 RW 013 DUSUN REGENCY
32150720090038;3215072;3215072009;072;009;0038;RT 001 RW 014 DUSUN REGENCY
32150720090039;3215072;3215072009;072;009;0039;RT 002 RW 014 DUSUN REGENCY
32150720090040;3215072;3215072009;072;009;0040;RT 003 RW 014 DUSUN REGENCY
32150720090041;3215072;3215072009;072;009;0041;RT 004 RW 014 DUSUN REGENCY
32150720090042;3215072;3215072009;072;009;0042;RT 005 RW 014 DUSUN REGENCY
32150720090043;3215072;3215072009;072;009;0043;RT 001 RW 015 DUSUN REGENCY
32150720090044;3215072;3215072009;072;009;0044;RT 002 RW 015 DUSUN REGENCY
32150720090045;3215072;3215072009;072;009;0045;RT 003 RW 015 DUSUN REGENCY
32150720090046;3215072;3215072009;072;009;0046;RT 001 RW 016 DUSUN REGENCY
32150720090047;3215072;3215072009;072;009;0047;RT 002 RW 016 DUSUN REGENCY
32150720090048;3215072;3215072009;072;009;0048;RT 003 RW 016 DUSUN REGENCY
32150720090049;3215072;3215072009;072;009;0049;RT 004 RW 016 DUSUN REGENCY
32150720090050;3215072;3215072009;072;009;0050;RT 001 RW 017 DUSUN REGENCY
32150720090051;3215072;3215072009;072;009;0051;RT 002 RW 017 DUSUN REGENCY
32150720090052;3215072;3215072009;072;009;0052;RT 003 RW 017 DUSUN REGENCY
32150720090053;3215072;3215072009;072;009;0053;RT 001 RW 018 DUSUN REGENCY
32150720090054;3215072;3215072009;072;009;0054;RT 002 RW 018 DUSUN REGENCY
32150720090055;3215072;3215072009;072;009;0055;RT 003 RW 018 DUSUN REGENCY
32150720090056;3215072;3215072009;072;009;0056;RT 004 RW 018 DUSUN REGENCY
32150720090057;3215072;3215072009;072;009;0057;RT 005 RW 018 DUSUN REGENCY
32150720090058;3215072;3215072009;072;009;0058;RT 001 RW 019 DUSUN REGENCY
32150720090059;3215072;3215072009;072;009;0059;RT 002 RW 019 DUSUN REGENCY
32150720090060;3215072;3215072009;072;009;0060;RT 003 RW 019 DUSUN REGENCY
32150720090061;3215072;3215072009;072;009;0061;RT 004 RW 019 DUSUN REGENCY
32150720090062;3215072;3215072009;072;009;0062;RT 005 RW 019 DUSUN REGENCY
32150720090063;3215072;3215072009;072;009;0063;RT 006 RW 019 DUSUN REGENCY
32150720090064;3215072;3215072009;072;009;0064;RT 001 RW 020 DUSUN CISELANG
32150720090065;3215072;3215072009;072;009;0065;RT 002 RW 020 DUSUN CISELANG
32150720090066;3215072;3215072009;072;009;0066;RT 003 RW 020 DUSUN CISELANG
32150720090067;3215072;3215072009;072;009;0067;RT 004 RW 020 DUSUN CISELANG
32150720090068;3215072;3215072009;072;009;0068;RT 005 RW 020 DUSUN CISELANG
32150720090069;3215072;3215072009;072;009;0069;RT 006 RW 020 DUSUN CISELANG
32150720090070;3215072;3215072009;072;009;0070;RT 007 RW 020 DUSUN CISELANG
32150720090071;3215072;3215072009;072;009;0071;RT 007 RW 019 DUSUN REGENCY
32150810010001;3215081;3215081001;081;001;0001;RT 001 RW 001 DUSUN CIKARANG
32150810010002;3215081;3215081001;081;001;0002;RT 002 RW 001 DUSUN CIKARANG
32150810010003;3215081;3215081001;081;001;0003;RT 003 RW 002 DUSUN CIKARANG
32150810010004;3215081;3215081001;081;001;0004;RT 004 RW 002 DUSUN CIKARANG
32150810010005;3215081;3215081001;081;001;0005;RT 005 RW 003 DUSUN KRAJAN
32150810010006;3215081;3215081001;081;001;0006;RT 006 RW 003 DUSUN KRAJAN
32150810010007;3215081;3215081001;081;001;0007;RT 007 RW 004 DUSUN KRAJAN
32150810010008;3215081;3215081001;081;001;0008;RT 008 RW 004 DUSUN KRAJAN
32150810010009;3215081;3215081001;081;001;0009;RT 009 RW 005 DUSUN CIMAHI
32150810010010;3215081;3215081001;081;001;0010;RT 010 RW 005 DUSUN CIMAHI
32150810010011;3215081;3215081001;081;001;0011;RT 011 RW 006 DUSUN CIMAHI
32150810010012;3215081;3215081001;081;001;0012;RT 012 RW 006 DUSUN SEPAT KEREP
32150810010013;3215081;3215081001;081;001;0013;RT 013 RW 007 DUSUN SEPAT KEREP
32150810010014;3215081;3215081001;081;001;0014;RT 014 RW 007 DUSUN SEPAT KEREP
32150810010015;3215081;3215081001;081;001;0015;RT 015 RW 008 DUSUN SEPAT KEREP
32150810010016;3215081;3215081001;081;001;0016;RT 016 RW 008 DUSUN SEPAT KEREP
32150810010017;3215081;3215081001;081;001;0017;RT 017 RW 009 DUSUN BANTENG OMPONG
32150810010018;3215081;3215081001;081;001;0018;RT 018 RW 009 DUSUN BANTENG OMPONG
32150810010019;3215081;3215081001;081;001;0019;RT 019 RW 010 DUSUN BANTENG OMPONG
32150810010020;3215081;3215081001;081;001;0020;RT 020 RW 010 DUSUN BANTENG OMPONG
32150810010021;3215081;3215081001;081;001;0021;RT 21 RW 010 DUSUN BANTENG OMPONG
32150810011001;3215081;3215081001;081;001;1001;PESAWAHAN DESA CIKARANG
32150810020001;3215081;3215081002;081;002;0001;RT 001 RW 001 DUSUN TENGGULUN
32150810020002;3215081;3215081002;081;002;0002;RT 002 RW 001 DUSUN TENGGULUN
32150810020003;3215081;3215081002;081;002;0003;RT 003 RW 002 DUSUN TENGGULUN
32150810020004;3215081;3215081002;081;002;0004;RT 004 RW 002 DUSUN TENGGULUN
32150810020005;3215081;3215081002;081;002;0005;RT 005 RW 003 DUSUN TENGGULUN
32150810020006;3215081;3215081002;081;002;0006;RT 006 RW 003 DUSUN TENGGULUN
32150810020007;3215081;3215081002;081;002;0007;RT 007 RW 004 DUSUN KRAJAN I
32150810020008;3215081;3215081002;081;002;0008;RT 008 RW 004 DUSUN KRAJAN I
32150810020009;3215081;3215081002;081;002;0009;RT 009 RW 005 DUSUN KRAJAN I
32150810020010;3215081;3215081002;081;002;0010;RT 010 RW 005 DUSUN KRAJAN I
32150810020011;3215081;3215081002;081;002;0011;RT 011 RW 006 DUSUN KRAJAN I
32150810020012;3215081;3215081002;081;002;0012;RT 012 RW 006 DUSUN KRAJAN I
32150810020013;3215081;3215081002;081;002;0013;RT 013 RW 007 DUSUN KRAJAN II
32150810020014;3215081;3215081002;081;002;0014;RT 014 RW 007 DUSUN KRAJAN II
32150810020015;3215081;3215081002;081;002;0015;RT 015 RW 008 DUSUN KRAJAN II
32150810020016;3215081;3215081002;081;002;0016;RT 016 RW 008 DUSUN KRAJAN II
32150810020017;3215081;3215081002;081;002;0017;RT 017 RW 009 DUSUN KRAJAN II
32150810020018;3215081;3215081002;081;002;0018;RT 018 RW 009 DUSUN KRAJAN II
32150810020019;3215081;3215081002;081;002;0019;RT 019 RW 010 DUSUN CIKALONG GIRANG
32150810020020;3215081;3215081002;081;002;0020;RT 020 RW 010 DUSUN CIKALONG GIRANG
32150810020021;3215081;3215081002;081;002;0021;RT 021 RW 011 DUSUN CIKALONG GIRANG
32150810020022;3215081;3215081002;081;002;0022;RT 022 RW 011 DUSUN CIKALONG GIRANG
32150810020023;3215081;3215081002;081;002;0023;RT 023 RW 012 DUSUN CIKALONG GIRANG
32150810020024;3215081;3215081002;081;002;0024;RT 024 RW 012 DUSUN CIKALONG GIRANG
32150810021001;3215081;3215081002;081;002;1001;PERSAWAHAN DESA CIKALONG
32150810030001;3215081;3215081003;081;003;0001;RT 001 RW 001 DUSUN KEBON SATU
32150810030002;3215081;3215081003;081;003;0002;RT 002 RW 001 DUSUN KEBON SATU
32150810030003;3215081;3215081003;081;003;0003;RT 003 RW 001 DUSUN KEBON SATU
32150810030004;3215081;3215081003;081;003;0004;RT 004 RW 001 DUSUN KEBON SATU
32150810030005;3215081;3215081003;081;003;0005;RT 001 RW 002 DUSUN KEBON DUA
32150810030006;3215081;3215081003;081;003;0006;RT 002 RW 002 DUSUN KEBON DUA
32150810030007;3215081;3215081003;081;003;0007;RT 003 RW 002 DUSUN KEBON DUA
32150810030008;3215081;3215081003;081;003;0008;RT 004 RW 002 DUSUN KEBON DUA
32150810030009;3215081;3215081003;081;003;0009;RT 001 RW 003 DUSUN KRASAK
32150810030010;3215081;3215081003;081;003;0010;RT 002 RW 003 DUSUN KRASAK
32150810030011;3215081;3215081003;081;003;0011;RT 003 RW 003 DUSUN KRASAK
32150810030012;3215081;3215081003;081;003;0012;RT 004 RW 003 DUSUN KRASAK
32150810030013;3215081;3215081003;081;003;0013;RT 005 RW 003 DUSUN KRASAK
32150810030014;3215081;3215081003;081;003;0014;RT 006 RW 003 DUSUN KRASAK
32150810031001;3215081;3215081003;081;003;1001;BLOK TENGKOLO
32150810031002;3215081;3215081003;081;003;1002;BLOK LINGKUNG LEMBUR
32150810040001;3215081;3215081004;081;004;0001;RT 001 RW 001 DUSUN ONDANG 2
32150810040002;3215081;3215081004;081;004;0002;RT 002 RW 001 DUSUN ONDANG 2
32150810040003;3215081;3215081004;081;004;0003;RT 003 RW 002 DUSUN ONDANG 2
32150810040004;3215081;3215081004;081;004;0004;RT 004 RW 002 DUSUN ONDANG 2
32150810040005;3215081;3215081004;081;004;0005;RT 005 RW 003 DUSUN ONDANG 1
32150810040006;3215081;3215081004;081;004;0006;RT 006 RW 003 DUSUN ONDANG 1
32150810040007;3215081;3215081004;081;004;0007;RT 007 RW 004 DUSUN ONDANG 1
32150810040008;3215081;3215081004;081;004;0008;RT 008 RW 004 DUSUN ONDANG 1
32150810040009;3215081;3215081004;081;004;0009;RT 009 RW 005 DUSUN ONDANG 1
32150810040010;3215081;3215081004;081;004;0010;RT 010 RW 005 DUSUN ONDANG 1
32150810040011;3215081;3215081004;081;004;0011;RT 011 RW 006 DUSUN TEGALWARU
32150810040012;3215081;3215081004;081;004;0012;RT 012 RW 006 DUSUN TEGALWARU
32150810040013;3215081;3215081004;081;004;0013;RT 013 RW 007 DUSUN TEGALWARU
32150810040014;3215081;3215081004;081;004;0014;RT 014 RW 007 DUSUN TEGALAWARU
32150810040015;3215081;3215081004;081;004;0015;RT 015 RW 008 DUSUN SURKALIM
32150810040016;3215081;3215081004;081;004;0016;RT 016 RW 008 DUSUN SURKALIM
32150810040017;3215081;3215081004;081;004;0017;RT 017 RW 009 DUSUN SURKALIM
32150810040018;3215081;3215081004;081;004;0018;RT 018 RW 009 DUSUN SURKALIM
32150810040019;3215081;3215081004;081;004;0019;RT 019 RW 010 DUSUN CIPANCUH
32150810040020;3215081;3215081004;081;004;0020;RT 020 RW 010 DUSUN CIPANCUH
32150810040021;3215081;3215081004;081;004;0021;RT 021 RW 011 DUSUN CIPANCUH
32150810040022;3215081;3215081004;081;004;0022;RT 022 RW 011 DUSUN CIPANCUH
32150810041001;3215081;3215081004;081;004;1001;BLOK SAWAH CIPANCUH 1
32150810050001;3215081;3215081005;081;005;0001;RT 024 RW 012 DUSUN TANJUNGSARI
32150810050002;3215081;3215081005;081;005;0002;RT 023 RW 012 DUSUN TANJUNGSARI
32150810050003;3215081;3215081005;081;005;0003;RT 022 RW 011 DUSUN TANJUNGSARI
32150810050004;3215081;3215081005;081;005;0004;RT 021 RW 011 DUSUN TANJUNGSARI
32150810050005;3215081;3215081005;081;005;0005;RT 019 RW 010 DUSUN KERTASARI
32150810050006;3215081;3215081005;081;005;0006;RT 018 RW 009 DUSUN KERTASARI
32150810050007;3215081;3215081005;081;005;0007;RT 020 RW 010 DUSUN KERTASARI
32150810050008;3215081;3215081005;081;005;0008;RT 009 RW 005 DUSUN TURISARI
32150810050009;3215081;3215081005;081;005;0009;RT 010 RW 005 DUSUN TURISARI
32150810050010;3215081;3215081005;081;005;0010;RT 008 RW 004 DUSUN PANGKALAN 2
32150810050011;3215081;3215081005;081;005;0011;RT 005 RW 003 DUSUN PANGKALAN 2
32150810050012;3215081;3215081005;081;005;0012;RT 004 RW 002 DUSUN PANGKALAN 1
32150810050013;3215081;3215081005;081;005;0013;RT 001 RW 001 DUSUN PANGKALAN 1
32150810050014;3215081;3215081005;081;005;0014;RT 002 RW 001 DUSUN PANGKALAN 1
32150810050015;3215081;3215081005;081;005;0015;RT 003 RW 002 DUSUN PANGKALAN 1
32150810050016;3215081;3215081005;081;005;0016;RT 017 RW 009 DUSUN KERTASARI
32150810050017;3215081;3215081005;081;005;0017;RT 006 RW 003 DUSUN PANGKALAN 2
32150810050018;3215081;3215081005;081;005;0018;RT 007 RW 004 DUSUN PANGKALAN 2
32150810050019;3215081;3215081005;081;005;0019;RT 011 RW 006 DUSUN TURISARI
32150810050020;3215081;3215081005;081;005;0020;RT 012 RW 006 DUSUN TURISARI
32150810050021;3215081;3215081005;081;005;0021;RT 014 RW 007 DUSUN KEDUNGASEM
32150810050022;3215081;3215081005;081;005;0022;RT 013 RW 007 DUSUN KEDUNGASEM
32150810050023;3215081;3215081005;081;005;0023;RT 015 RW 008 DUSUN KEDUNGASEM
32150810050024;3215081;3215081005;081;005;0024;RT 016 RW 008 DUSUN KEDUNGASEM
32150810051001;3215081;3215081005;081;005;1001;PERSAWAHAN RT. 24/12
32150810051002;3215081;3215081005;081;005;1002;PERSAWAHAN RT. 21/11
32150810051003;3215081;3215081005;081;005;1003;PERSAWAHAN RT. 19/10
32150810060001;3215081;3215081006;081;006;0001;RT 007 RW 007 DUSUN SIDAMUKTI
32150810060002;3215081;3215081006;081;006;0002;RT 003 RW 007 DUSUN SIDAMUKTI
32150810060003;3215081;3215081006;081;006;0003;RT 001 RW 007 DUSUN SIDAMUKTI
32150810060004;3215081;3215081006;081;006;0004;RT 003 RW 006 DUSUN SARIMULYA
32150810060005;3215081;3215081006;081;006;0005;RT 003 RW 002 DUSUN JAMBE
32150810060006;3215081;3215081006;081;006;0006;RT 004 RW 005 DUSUN SARIMULYA
32150810060007;3215081;3215081006;081;006;0007;RT 001 RW 005 DUSUN SARIMULYA
32150810060008;3215081;3215081006;081;006;0008;RT 002 RW 008 DUSUN SIDAMUKTI
32150810060009;3215081;3215081006;081;006;0009;RT 004 RW 008 DUSUN SIDAMUKTI
32150810060010;3215081;3215081006;081;006;0010;RT 005 RW 008 DUSUN SIDAMUKTI
32150810060011;3215081;3215081006;081;006;0011;RT 006 RW 008 DUSUN SIDAMUKTI
32150810060012;3215081;3215081006;081;006;0012;RT 002 RW 006 DUSUN SARIMULYA
32150810060013;3215081;3215081006;081;006;0013;RT 004 RW 001 DUSUN JAMBE
32150810060014;3215081;3215081006;081;006;0014;RT 001 RW 002 DUSUN JAMBE
32150810060015;3215081;3215081006;081;006;0015;RT 003 RW 003 DUSUN BARAHAN
32150810060016;3215081;3215081006;081;006;0016;RT 007 RW 003 DUSUN KRAJAN
32150810060017;3215081;3215081006;081;006;0017;RT 004 RW 004 DUSUN KRAJAN
32150810060018;3215081;3215081006;081;006;0018;RT 003 RW 009 DUSUN KETIMPAL
32150810060019;3215081;3215081006;081;006;0019;RT 004 RW 010 DUSUN KETIMPAL
32150810060020;3215081;3215081006;081;006;0020;RT 005 RW 010 DUSUN KETIMPAL
32150810060021;3215081;3215081006;081;006;0021;RT 006 RW 010 DUSUN KETIMPAL
32150810060022;3215081;3215081006;081;006;0022;RT 001 RW 009 DUSUN KETIMPAL
32150810060023;3215081;3215081006;081;006;0023;RT 002 RW 009 DUSUN KETIMPAL
32150810060024;3215081;3215081006;081;006;0024;RT 001 RW 003 DUSUN BARAHAN
32150810060025;3215081;3215081006;081;006;0025;RT 005 RW 001 DUSUN JAMBE
32150810060026;3215081;3215081006;081;006;0026;RT 006 RW 001 DUSUN JAMBE
32150810060027;3215081;3215081006;081;006;0027;RT 002 RW 002 DUSUN JAMBE
32150810060028;3215081;3215081006;081;006;0028;RT 002 RW 004 DUSUN KRAJAN
32150810060029;3215081;3215081006;081;006;0029;RT 005 RW 004 DUSUN KRAJAN
32150810060030;3215081;3215081006;081;006;0030;RT 008 RW 004 DUSUN KRAJAN
32150810060031;3215081;3215081006;081;006;0031;RT 006 RW 003 DUSUN BARAHAN
32150810061001;3215081;3215081006;081;006;1001;SAWAH PASAR DUA
32150810061002;3215081;3215081006;081;006;1002;SAWAH SIDAMUKTI
32150810061003;3215081;3215081006;081;006;1003;SAWAH WARENGBACIN
32150810070001;3215081;3215081007;081;007;0001;RT 005 RW 002 DUSUN GEBANG MALANG
32150810070002;3215081;3215081007;081;007;0002;RT 004 RW 002 DUSUN GEBANG MALANG
32150810070003;3215081;3215081007;081;007;0003;RT 003 RW 002 DUSUN GEBANG MALANG
32150810070004;3215081;3215081007;081;007;0004;RT 001 RW 001 DUSUN GEBANG MALANG
32150810070005;3215081;3215081007;081;007;0005;RT 002 RW 001 DUSUN GEBANG MALANG
32150810070006;3215081;3215081007;081;007;0006;RT 008 RW 004 DUSUN ALANG LANANG
32150810070007;3215081;3215081007;081;007;0007;RT 007 RW 003 DUSUN ALANG LANANG
32150810070008;3215081;3215081007;081;007;0008;RT 006 RW 003 DUSUN ALANG LANANG
32150810070009;3215081;3215081007;081;007;0009;RT 009 RW 004 DUSUN ALANG LANANG
32150810070010;3215081;3215081007;081;007;0010;RT 010 RW 005 DUSUN KOSTIM
32150810070011;3215081;3215081007;081;007;0011;RT 011 RW 005 DUSUN KOSTIM
32150810070012;3215081;3215081007;081;007;0012;RT 012 RW 006 DUSUN KOSTIM
32150810070013;3215081;3215081007;081;007;0013;RT 013 RW 006 DUSUN KOSTIM
32150810070014;3215081;3215081007;081;007;0014;RT 014 RW 007 DUSUN KOSTENG
32150810070015;3215081;3215081007;081;007;0015;RT 015 RW 007 DUSUN KOSTENG
32150810070016;3215081;3215081007;081;007;0016;RT 016 RW 008 DUSUN KOSTENG
32150810070017;3215081;3215081007;081;007;0017;RT 017 RW 008 DUSUN KOSTENG
32150810070018;3215081;3215081007;081;007;0018;RT 018 RW 009 DUSUN KOSBAR
32150810070019;3215081;3215081007;081;007;0019;RT 019 RW 009 DUSUN KOSBAR
32150810070020;3215081;3215081007;081;007;0020;RT 020 RW 010 DUSUN KOSBAR
32150810070021;3215081;3215081007;081;007;0021;RT 021 RW 010 DUSUN KOSBAR
32150810071001;3215081;3215081007;081;007;1001;SAWAH PERTANIAN DESA SUKATANI
32150810071002;3215081;3215081007;081;007;1002;SAWAH PERTANIAN DESA SUKATANI
32150810071003;3215081;3215081007;081;007;1003;SAWAH PERTANIAN DESA SUKATANI
32150810080001;3215081;3215081008;081;008;0001;RT 001 RW 001 DUSUN CERMIN TIMUR
32150810080002;3215081;3215081008;081;008;0002;RT 002 RW 001 DUSUN CERMIN TIMUR
32150810080003;3215081;3215081008;081;008;0003;RT 003 RW 001 DUSUN CERMIN TIMUR
32150810080004;3215081;3215081008;081;008;0004;RT 004 RW 001 DUSUN CERMIN TIMUR
32150810080005;3215081;3215081008;081;008;0005;RT 006 RW 002 DUSUN CERMIN TIMUR
32150810080006;3215081;3215081008;081;008;0006;RT 007 RW 002 DUSUN CERMIN TIMUR
32150810080007;3215081;3215081008;081;008;0007;RT 001 RW 003 DUSUN CERMIN BARAT
32150810080008;3215081;3215081008;081;008;0008;RT 002 RW 003 DUSUN CERMIN BARAT
32150810080009;3215081;3215081008;081;008;0009;RT 001 RW 005 DUSUN TANGKOLAK BARAT
32150810080010;3215081;3215081008;081;008;0010;RT 002 RW 005 DUSUN TANGKOLAK BARAT
32150810080011;3215081;3215081008;081;008;0011;RT 003 RW 006 DUSUN TANGKOLAK BARAT
32150810080012;3215081;3215081008;081;008;0012;RT 004 RW 006 DUSUN TANGKOLAK BARAT
32150810080013;3215081;3215081008;081;008;0013;RT 001 RW 007 DUSUN TANGKOLAK TIMUR
32150810080014;3215081;3215081008;081;008;0014;RT 002 RW 007 DUSUN TANGKOLAK TIMUR
32150810080015;3215081;3215081008;081;008;0015;RT 003 RW 008 DUSUN TANGKOLAK TIMUR
32150810080016;3215081;3215081008;081;008;0016;RT 004 RW 008 DUSUN TANGKOLAK TIMUR
32150810080017;3215081;3215081008;081;008;0017;RT 005 RW 002 DUSUN CERMIN TIMUR
32150810080018;3215081;3215081008;081;008;0018;RT 008 RW 002 DUSUN CERMIN TIMUR
32150810080019;3215081;3215081008;081;008;0019;RT 003 RW 003 DUSUN CERMIN BARAT
32150810080020;3215081;3215081008;081;008;0020;RT 004 RW 004 DUSUN CERMIN BARAT
32150810080021;3215081;3215081008;081;008;0021;RT 005 RW 004 DUSUN CERMIN BARAT
32150810080022;3215081;3215081008;081;008;0022;RT 006 RW 004 DUSUN CERMIN BARAT
32150810081001;3215081;3215081008;081;008;1001;SAWAH CERMIN TIMUR
32150810081002;3215081;3215081008;081;008;1002;SAWAH
32150810090001;3215081;3215081009;081;009;0001;RT 001 RW 001 DUSUN ASTINA
32150810090002;3215081;3215081009;081;009;0002;RT 002 RW 001 DUSUN ASTINA
32150810090003;3215081;3215081009;081;009;0003;RT 003 RW 001 DUSUN ASTINA
32150810090004;3215081;3215081009;081;009;0004;RT 004 RW 002 DUSUN ASTINA
32150810090005;3215081;3215081009;081;009;0005;RT 005 RW 002 DUSUN ASTINA
32150810090006;3215081;3215081009;081;009;0006;RT 006 RW 002 DUSUN ASTINA
32150810090007;3215081;3215081009;081;009;0007;RT 007 RW 003 DUSUN TUMARITIS
32150810090008;3215081;3215081009;081;009;0008;RT 008 RW 003 DUSUN TUMARITIS
32150810090009;3215081;3215081009;081;009;0009;RT 009 RW 003 DUSUN TUMARITIS
32150810090010;3215081;3215081009;081;009;0010;RT 010 RW 004 DUSUN TUMARITIS
32150810090011;3215081;3215081009;081;009;0011;RT 011 RW 004 DUSUN TUMARITIS
32150810090012;3215081;3215081009;081;009;0012;RT 012 RW 004 DUSUN TUMARITIS
32150810090013;3215081;3215081009;081;009;0013;RT 013 RW 005 DUSUN PANDAWA
32150810090014;3215081;3215081009;081;009;0014;RT 014 RW 005 DUSUN PANDAWA
32150810090015;3215081;3215081009;081;009;0015;RT 015 RW 006 DUSUN PANDAWA
32150810090016;3215081;3215081009;081;009;0016;RT 016 RW 006 DUSUN PANDAWA
32150810090017;3215081;3215081009;081;009;0017;RT 017 RW 006 DUSUN PANDAWA
32150810090018;3215081;3215081009;081;009;0018;RT 018 RW 006 DUSUN PANDAWA
32150810090019;3215081;3215081009;081;009;0019;RT 019 RW 007 DUSUN AMARTA
32150810090020;3215081;3215081009;081;009;0020;RT 020 RW 007 DUSUN AMARTA
32150810090021;3215081;3215081009;081;009;0021;RT 021 RW 007 DUSUN AMARTA
32150810090022;3215081;3215081009;081;009;0022;RT 022 RW 007 DUSUN AMARTA
32150810090023;3215081;3215081009;081;009;0023;RT 023 RW 007 DUSUN AMARTA
32150810090024;3215081;3215081009;081;009;0024;RT 024 RW 008 DUSUN AMARTA
32150810090025;3215081;3215081009;081;009;0025;RT 025 RW 008 DUSUN AMARTA
32150810090026;3215081;3215081009;081;009;0026;RT 026 RW 008 DUSUN AMARTA
32150810090027;3215081;3215081009;081;009;0027;RT 027 RW 008 DUSUN AMARTA
32150810090028;3215081;3215081009;081;009;0028;RT 028 RW 008 DUSUN AMARTA
32150810090029;3215081;3215081009;081;009;0029;RT 029 RW 008 DUSUN AMARTA
32150810091001;3215081;3215081009;081;009;1001;SAWAH MERTAJAYA
32150810091002;3215081;3215081009;081;009;1002;SAWAH BLOK ASTINA
32150810100001;3215081;3215081010;081;010;0001;RT 001 RW 001 DUSUN SANTIONG
32150810100002;3215081;3215081010;081;010;0002;RT 002 RW 002 DUSUN SANTIONG
32150810100003;3215081;3215081010;081;010;0003;RT 003 RW 001 DUSUN SANTIONG
32150810100004;3215081;3215081010;081;010;0004;RT 004 RW 002 DUSUN SANTIONG
32150810100005;3215081;3215081010;081;010;0005;RT 005 RW 002 DUSUN SANTIONG
32150810100006;3215081;3215081010;081;010;0006;RT 006 RW 003 DUSUN JERUK SIMER
32150810100007;3215081;3215081010;081;010;0007;RT 007 RW 003 DUSUN JERUK SIMER
32150810100008;3215081;3215081010;081;010;0008;RT 008 RW 004 DUSUN JERUK SIMER
32150810100009;3215081;3215081010;081;010;0009;RT 009 RW 003 DUSUN JERUK SIMER
32150810100010;3215081;3215081010;081;010;0010;RT 010 RW 004 DUSUN JERUK SIMER
32150810100011;3215081;3215081010;081;010;0011;RT 011 RW 004 DUSUN JERUK SIMER
32150810100012;3215081;3215081010;081;010;0012;RT 012 RW 005 DUSUN RAWAGEMPOL
32150810100013;3215081;3215081010;081;010;0013;RT 013 RW 005 DUSUN RAWAGEMPOL
32150810100014;3215081;3215081010;081;010;0014;RT 014 RW 006 DUSUN RAWAGEMPOL
32150810100015;3215081;3215081010;081;010;0015;RT 015 RW 006 DUSUN RAWAGEMPOL
32150810100016;3215081;3215081010;081;010;0016;RT 016 RW 006 DUSUN RAWAGEMPOL
32150810100017;3215081;3215081010;081;010;0017;RT 017 RW 005 DUSUN RAWAGEMPOL
32150810100018;3215081;3215081010;081;010;0018;RT 018 RW 007 DUSUN RAWABEBEK
32150810100019;3215081;3215081010;081;010;0019;RT 019 RW 007 DUSUN RAWABEBEK
32150810100020;3215081;3215081010;081;010;0020;RT 020 RW 008 DUSUN RAWABEBEK
32150810100021;3215081;3215081010;081;010;0021;RT 021 RW 008 DUSUN RAWABEBEK
32150810100022;3215081;3215081010;081;010;0022;RT 022 RW 008 DUSUN RAWABEBEK
32150810100023;3215081;3215081010;081;010;0023;RT 023 RW 001 DUSUN SANTIONG
32150810100024;3215081;3215081010;081;010;0024;RT 024 RW 003 DUSUN JERUK SIMER
32150810101001;3215081;3215081010;081;010;1001;SAWAH DESA RAWAGEMPOL WETAN
32150810101002;3215081;3215081010;081;010;1002;SAWAH DESA RAWAGEMPOL WETAN
32150810101003;3215081;3215081010;081;010;1003;SAWAH DESA RAWAGEMPOL WETAN
32150810110001;3215081;3215081011;081;011;0001;RT 001 RW 001 DUSUN KRAJAN
32150810110002;3215081;3215081011;081;011;0002;RT 002 RW 001 DUSUN KRAJAN
32150810110003;3215081;3215081011;081;011;0003;RT 003 RW 002 DUSUN KRAJAN
32150810110004;3215081;3215081011;081;011;0004;RT 004 RW 002 DUSUN KRAJAN
32150810110005;3215081;3215081011;081;011;0005;RT 005 RW 003 DUSUN SATAR
32150810110006;3215081;3215081011;081;011;0006;RT 006 RW 003 DUSUN SATAR
32150810110007;3215081;3215081011;081;011;0007;RT 007 RW 004 DUSUN SATAR
32150810110008;3215081;3215081011;081;011;0008;RT 008 RW 004 DUSUN SATAR
32150810110009;3215081;3215081011;081;011;0009;RT 009 RW 005 DUSUN PRAUBOSOK
32150810110010;3215081;3215081011;081;011;0010;RT 010 RW 005 DUSUN PRAUBOSOK
32150810110011;3215081;3215081011;081;011;0011;RT 011 RW 006 DUSUN PRAUBOSOK
32150810110012;3215081;3215081011;081;011;0012;RT 012 RW 006 DUSUN PRAUBOSOK
32150810110013;3215081;3215081011;081;011;0013;RT 013 RW 007 DUSUN SUKAMENAK
32150810110014;3215081;3215081011;081;011;0014;RT 014 RW 007 DUSUN SUKAMENAK
32150810110015;3215081;3215081011;081;011;0015;RT 015 RW 008 DUSUN SUKAMENAK
32150810110016;3215081;3215081011;081;011;0016;RT 016 RW 008 DUSUN SUKAMENAK
32150810111001;3215081;3215081011;081;011;1001;SAWAH PANGGUNGAN SUTIL MUARA BARU
32150810116002;3215081;3215081011;081;011;6002;EMPANG
32150810120001;3215081;3215081012;081;012;0001;RT 001 RW 001 DUSUN KRAJAN I
32150810120002;3215081;3215081012;081;012;0002;RT 002 RW 001 DUSUN KRAJAN I
32150810120003;3215081;3215081012;081;012;0003;RT 003 RW 002 DUSUN KRAJAN I
32150810120004;3215081;3215081012;081;012;0004;RT 004 RW 002 DUSUN KRAJAN I
32150810120005;3215081;3215081012;081;012;0005;RT 005 RW 003 DUSUN KRAJAN II
32150810120006;3215081;3215081012;081;012;0006;RT 006 RW 003 DUSUN KRAJAN II
32150810120007;3215081;3215081012;081;012;0007;RT 007 RW 004 DUSUN KRAJAN II
32150810120008;3215081;3215081012;081;012;0008;RT 008 RW 004 DUSUN KRAJAN II
32150810120009;3215081;3215081012;081;012;0009;RT 009 RW 009 DUSUN KRAJAN II
32150810120010;3215081;3215081012;081;012;0010;RT 010 RW 005 DUSUN TANAH TIMBUL
32150810120011;3215081;3215081012;081;012;0011;RT 011 RW 005 DUSUN TANAH TIMBUL
32150810120012;3215081;3215081012;081;012;0012;RT 012 RW 006 DUSUN TANAH TIMBUL
32150810120013;3215081;3215081012;081;012;0013;RT 013 RW 006 DUSUN TANAH TIMBUL
32150810120014;3215081;3215081012;081;012;0014;RT 014 RW 007 DUSUN TANJUNG JAYA
32150810120015;3215081;3215081012;081;012;0015;RT 015 RW 007 DUSUN TANJUNG JAYA
32150810120016;3215081;3215081012;081;012;0016;RT 016 RW 008 DUSUN TANJUNG JAYA
32150810120017;3215081;3215081012;081;012;0017;RT 017 RW 008 DUSUN TANJUNG JAYA
32150810120018;3215081;3215081012;081;012;0018;RT 018 RW 009 DUSUN KRAJAN II
32150810121001;3215081;3215081012;081;012;1001;PERSAWAHAN
32150810126002;3215081;3215081012;081;012;6002;EMPANG
32150820010001;3215082;3215082001;082;001;0001;RT 001 RW 001 DUSUN JARONG WETAN
32150820010002;3215082;3215082001;082;001;0002;RT 002 RW 001 DUSUN JARONG WETAN
32150820010003;3215082;3215082001;082;001;0003;RT 003 RW 001 DUSUN JARONG WETAN
32150820010004;3215082;3215082001;082;001;0004;RT 004 RW 002 DUSUN JARONG WETAN
32150820010005;3215082;3215082001;082;001;0005;RT 005 RW 002 DUSUN JARONG WETAN
32150820010006;3215082;3215082001;082;001;0006;RT 006 RW 003 DUSUN JARONG WETAN
32150820010007;3215082;3215082001;082;001;0007;RT 007 RW 003 DUSUN JARONG WETAN
32150820010008;3215082;3215082001;082;001;0008;RT 008 RW 004 DUSUN JARONG KULON
32150820010009;3215082;3215082001;082;001;0009;RT 009 RW 004 DUSUN JARONG KULON
32150820010010;3215082;3215082001;082;001;0010;RT 010 RW 004 DUSUN JARONG KULON
32150820010011;3215082;3215082001;082;001;0011;RT 011 RW 005 DUSUN JARONG KULON
32150820010012;3215082;3215082001;082;001;0012;RT 012 RW 005 DUSUN JARONG KULON
32150820010013;3215082;3215082001;082;001;0013;RT 013 RW 006 DUSUN JARONG KULON
32150820010014;3215082;3215082001;082;001;0014;RT 014 RW 006 DUSUN JARONG KULON
32150820011001;3215082;3215082001;082;001;1001;BLOK 005P
32150820020001;3215082;3215082002;082;002;0001;RT 001 RW 001 DUSUN KRAJAN
32150820020002;3215082;3215082002;082;002;0002;RT 002 RW 001 DUSUN KRAJAN
32150820020003;3215082;3215082002;082;002;0003;RT 003 RW 001 DUSUN KRAJAN
32150820020004;3215082;3215082002;082;002;0004;RT 004 RW 001 DUSUN KRAJAN
32150820020005;3215082;3215082002;082;002;0005;RT 005 RW 002 DUSUN BABAKAN
32150820020006;3215082;3215082002;082;002;0006;RT 006 RW 002 DUSUN KECEMEK
32150820020007;3215082;3215082002;082;002;0007;RT 007 RW 002 DUSUN KECEMEK
32150820020008;3215082;3215082002;082;002;0008;RT 008 RW 003 DUSUN KECEMEK
32150820020009;3215082;3215082002;082;002;0009;RT 009 RW 003 DUSUN KECEMEK
32150820020010;3215082;3215082002;082;002;0010;RT 010 RW 003 DUSUN KECEMEK
32150820020011;3215082;3215082002;082;002;0011;RT 011 RW 004 DUSUN KECEMEK
32150820020012;3215082;3215082002;082;002;0012;RT 012 RW 004 DUSUN KECEMEK
32150820021001;3215082;3215082002;082;002;1001;PESAWAHAN BLOK 005B
32150820021002;3215082;3215082002;082;002;1002;PESAWAHAN BLOK 003P 013B 014P
32150820021003;3215082;3215082002;082;002;1003;PESAWAHAN BLOK 017B 015B
32150820021004;3215082;3215082002;082;002;1004;PESAWAHAN BLOK 009P
32150820030001;3215082;3215082003;082;003;0001;RT 001 RW 001 DUSUN KERAJAN
32150820030002;3215082;3215082003;082;003;0002;RT 002 RW 001 DUSUN KERAJAN
32150820030003;3215082;3215082003;082;003;0003;RT 003 RW 001 DUSUN KERAJAN
32150820030004;3215082;3215082003;082;003;0004;RT 004 RW 002 DUSUN BAYUR LOR 1
32150820030005;3215082;3215082003;082;003;0005;RT 005 RW 002 DUSUN BAYUR LOR 1
32150820030006;3215082;3215082003;082;003;0006;RT 006 RW 002 DUSUN BAYUR LOR 1
32150820030007;3215082;3215082003;082;003;0007;RT 007 RW 003 DUSUN BAYUR LOR 2
32150820030008;3215082;3215082003;082;003;0008;RT 008 RW 003 DUSUN BAYUR LOR 2
32150820030009;3215082;3215082003;082;003;0009;RT 009 RW 003 DUSUN BAYUR LOR 2
32150820030010;3215082;3215082003;082;003;0010;RT 010 RW 004 DUSUN BAYUR LOR 2
32150820030011;3215082;3215082003;082;003;0011;RT 011 RW 004 DUSUN BAYUR LOR 2
32150820030012;3215082;3215082003;082;003;0012;RT 012 RW 004 DUSUN BAYUR LOR 2
32150820030013;3215082;3215082003;082;003;0013;RT 013 RW 005 DUSUN BAYUR LOR 2
32150820030014;3215082;3215082003;082;003;0014;RT 014 RW 005 DUSUN BAYUR LOR 1
32150820030015;3215082;3215082003;082;003;0015;RT 015 RW 005 DUSUN BAYUR LOR 1
32150820030016;3215082;3215082003;082;003;0016;RT 016 RW 006 DUSUN PARIS
32150820030017;3215082;3215082003;082;003;0017;RT 017 RW 006 DUSUN PARIS
32150820030018;3215082;3215082003;082;003;0018;RT 018 RW 006 DUSUN PARIS
32150820030019;3215082;3215082003;082;003;0019;RT 019 RW 006 DUSUN PARIS
32150820031001;3215082;3215082003;082;003;1001;PESAWAHAN BLOK SUBUR
32150820031002;3215082;3215082003;082;003;1002;PESAWAHAN BLOK TANI MUKTI
32150820031003;3215082;3215082003;082;003;1003;PESAWAHAN BLOK SUGIH
32150820040001;3215082;3215082004;082;004;0001;RT 001 RW 001 DUSUN PANGASINAN
32150820040002;3215082;3215082004;082;004;0002;RT 002 RW 001 DUSUN PANGASINAN
32150820040003;3215082;3215082004;082;004;0003;RT 003 RW 001 DUSUN PANGASINAN
32150820040004;3215082;3215082004;082;004;0004;RT 004 RW 001 DUSUN PANGASINAN
32150820040005;3215082;3215082004;082;004;0005;RT 005 RW 002 DUSUN LANGEN TULUP
32150820040006;3215082;3215082004;082;004;0006;RT 006 RW 002 DUSUN LANGEN TULUP
32150820040007;3215082;3215082004;082;004;0007;RT 007 RW 004 DUSUN ALAS MALANG
32150820040008;3215082;3215082004;082;004;0008;RT 008 RW 003 DUSUN LANGEN JATI
32150820040009;3215082;3215082004;082;004;0009;RT 009 RW 003 DUSUN LANGEN JATI
32150820040010;3215082;3215082004;082;004;0010;RT 010 RW 004 DUSUN PASIR KUKUN
32150820040011;3215082;3215082004;082;004;0011;RT 011 RW 004 DUSUN PASIR KUKUN
32150820040012;3215082;3215082004;082;004;0012;RT 012 RW 004 DUSUN PASIR KUKUN
32150820041001;3215082;3215082004;082;004;1001;BLOK 006P
32150820041002;3215082;3215082004;082;004;1002;BLOK 009P
32150820050001;3215082;3215082005;082;005;0001;RT 001 RW 001 DUSUN PASIR KUKUN
32150820050002;3215082;3215082005;082;005;0002;RT 002 RW 001 DUSUN PASIR KUKUN
32150820050003;3215082;3215082005;082;005;0003;RT 003 RW 002 DUSUN PULO LUNTAS
32150820050004;3215082;3215082005;082;005;0004;RT 004 RW 002 DUSUN PULO LUNTAS
32150820050005;3215082;3215082005;082;005;0005;RT 005 RW 002 DUSUN PULO LUNTAS
32150820050006;3215082;3215082005;082;005;0006;RT 006 RW 001 DUSUN PASIR KUKUN
32150820050007;3215082;3215082005;082;005;0007;RT 007 RW 003 DUSUN PULO PUTRI
32150820050008;3215082;3215082005;082;005;0008;RT 008 RW 003 DUSUN PULO PUTRI
32150820050009;3215082;3215082005;082;005;0009;RT 009 RW 004 DUSUN PRAKO
32150820050010;3215082;3215082005;082;005;0010;RT 010 RW 004 DUSUN PRAKO
32150820050011;3215082;3215082005;082;005;0011;RT 011 RW 004 DUSUN PRAKO
32150820050012;3215082;3215082005;082;005;0012;RT 012 RW 004 DUSUN PRAKO
32150820051001;3215082;3215082005;082;005;1001;PESAWAHAN BLOK 001P
32150820051002;3215082;3215082005;082;005;1002;PESAWAHAN BLOK 005P
32150820051003;3215082;3215082005;082;005;1003;PESAWAHAN BLOK 008P
32150820051004;3215082;3215082005;082;005;1004;PESAWAHAN BLOK 012P
32150820051005;3215082;3215082005;082;005;1005;PESAWAHAN BLOK 016P
32150820060001;3215082;3215082006;082;006;0001;RT 001 RW 001 DUSUN KRAJAN TIMUR
32150820060002;3215082;3215082006;082;006;0002;RT 002 RW 001 DUSUN KRAJAN TIMUR
32150820060003;3215082;3215082006;082;006;0003;RT 003 RW 001 DUSUN KRAJAN TIMUR
32150820060004;3215082;3215082006;082;006;0004;RT 004 RW 001 DUSUN KRAJAN TIMUR
32150820060005;3215082;3215082006;082;006;0005;RT 005 RW 002 DUSUN KRAJAN BARAT
32150820060006;3215082;3215082006;082;006;0006;RT 006 RW 002 DUSUN KRAJAN BARAT
32150820060007;3215082;3215082006;082;006;0007;RT 007 RW 003 DUSUN WAGIR SARI
32150820060008;3215082;3215082006;082;006;0008;RT 008 RW 003 DUSUN WAGIR SARI
32150820060009;3215082;3215082006;082;006;0009;RT 009 RW 003 DUSUN WAGIR SARI
32150820061001;3215082;3215082006;082;006;1001;SAWAH BLOK PERTAMINA
32150820061002;3215082;3215082006;082;006;1002;SAWAH BLOK TAWANG
32150820061003;3215082;3215082006;082;006;1003;SAWAH BLOK H. DATING
32150820070001;3215082;3215082007;082;007;0001;RT 001 RW 001 DUSUN LOBANG KULON
32150820070002;3215082;3215082007;082;007;0002;RT 002 RW 001 DUSUN LOBANG KULON
32150820070003;3215082;3215082007;082;007;0003;RT 003 RW 001 DUSUN LOBANG KULON
32150820070004;3215082;3215082007;082;007;0004;RT 004 RW 001 DUSUN LOBANG KULON
32150820070005;3215082;3215082007;082;007;0005;RT 005 RW 002 DUSUN LOBANG WETAN
32150820070006;3215082;3215082007;082;007;0006;RT 006 RW 002 DUSUN LOBANG WETAN
32150820070007;3215082;3215082007;082;007;0007;RT 007 RW 002 DUSUN LOBANG WETAN
32150820070008;3215082;3215082007;082;007;0008;RT 008 RW 002 DUSUN LOBANG WETAN
32150820070009;3215082;3215082007;082;007;0009;RT 009 RW 003 DUSUN SAMBIRATA
32150820070010;3215082;3215082007;082;007;0010;RT 010 RW 003 DUSUN SAMBIRATA
32150820070011;3215082;3215082007;082;007;0011;RT 011 RW 004 DUSUN SAMBIRATA
32150820070012;3215082;3215082007;082;007;0012;RT 012 RW 004 DUSUN SAMBIRATA
32150820070013;3215082;3215082007;082;007;0013;RT 013 RW 004 DUSUN SAMBIRATA
32150820070014;3215082;3215082007;082;007;0014;RT 014 RW 005 DUSUN PASIR PUTIH
32150820070015;3215082;3215082007;082;007;0015;RT 015 RW 005 DUSUN PASIR PUTIH
32150820070016;3215082;3215082007;082;007;0016;RT 016 RW 005 DUSUN PASIR PUTIH
32150820070017;3215082;3215082007;082;007;0017;RT 017 RW 005 DUSUN PASIR PUTIH
32150820070018;3215082;3215082007;082;007;0018;RT 018 RW 005 DUSUN PASIR PUTIH
32150820070019;3215082;3215082007;082;007;0019;RT 019 RW 005 DUSUN PASIR PUTIH
32150820070020;3215082;3215082007;082;007;0020;RT 020 RW 006 DUSUN PASIR PUTIH
32150820070021;3215082;3215082007;082;007;0021;RT 021 RW 006 DUSUN PASIR PUTIH
32150820071001;3215082;3215082007;082;007;1001;SAWAH BLOK RIUT
32150820071002;3215082;3215082007;082;007;1002;SAWAH BLOK HJ. RASEM
32150820080001;3215082;3215082008;082;008;0001;RT 001 RW 001 DUSUN KRAJAN
32150820080002;3215082;3215082008;082;008;0002;RT 002 RW 001 DUSUN KRAJAN
32150820080003;3215082;3215082008;082;008;0003;RT 003 RW 001 DUSUN KRAJAN
32150820080004;3215082;3215082008;082;008;0004;RT 004 RW 002 DUSUN KRAJAN
32150820080005;3215082;3215082008;082;008;0005;RT 005 RW 002 DUSUN KRAJAN
32150820080006;3215082;3215082008;082;008;0006;RT 006 RW 002 DUSUN KRAJAN
32150820080007;3215082;3215082008;082;008;0007;RT 007 RW 002 DUSUN KRAJAN
32150820080008;3215082;3215082008;082;008;0008;RT 008 RW 003 DUSUN KRAJAN
32150820080009;3215082;3215082008;082;008;0009;RT 009 RW 003 DUSUN KRAJAN
32150820080010;3215082;3215082008;082;008;0010;RT 010 RW 003 DUSUN KRAJAN
32150820080011;3215082;3215082008;082;008;0011;RT 011 RW 001 DUSUN KRAJAN
32150820080012;3215082;3215082008;082;008;0012;RT 012 RW 004 DUSUN CILEMPUNG
32150820080013;3215082;3215082008;082;008;0013;RT 013 RW 004 DUSUN CILEMPUNG
32150820080014;3215082;3215082008;082;008;0014;RT 014 RW 004 DUSUN CILEMPUNG
32150820080015;3215082;3215082008;082;008;0015;RT 015 RW 005 DUSUN CILEMPUNG
32150820080016;3215082;3215082008;082;008;0016;RT 016 RW 005 DUSUN CILEMPUNG
32150820080017;3215082;3215082008;082;008;0017;RT 017 RW 005 DUSUN CILEMPUNG
32150820080018;3215082;3215082008;082;008;0018;RT 018 RW 006 DUSUN CILEMPUNG
32150820080019;3215082;3215082008;082;008;0019;RT 019 RW 006 DUSUN CILEMPUNG
32150820080020;3215082;3215082008;082;008;0020;RT 020 RW 006 DUSUN CILEMPUNG
32150820080021;3215082;3215082008;082;008;0021;RT 021 RW 005 DUSUN CILEMPUNG
32150820080022;3215082;3215082008;082;008;0022;RT 022 RW 007 DUSUN CEAH
32150820080023;3215082;3215082008;082;008;0023;RT 023 RW 007 DUSUN CEAH
32150820080024;3215082;3215082008;082;008;0024;RT 024 RW 008 DUSUN CEAH
32150820080025;3215082;3215082008;082;008;0025;RT 025 RW 008 DUSUN CEAH
32150820080026;3215082;3215082008;082;008;0026;RT 026 RW 008 DUSUN CEAH
32150820081001;3215082;3215082008;082;008;1001;SAWAH BLOK 007P
32150820081002;3215082;3215082008;082;008;1002;SAWAH BLOK 010B
32150820081003;3215082;3215082008;082;008;1003;SAWAH BLOK 026P
32150820081004;3215082;3215082008;082;008;1004;SAWAH BLOK 001P
32150820090001;3215082;3215082009;082;009;0001;RT 001 RW 001 DUSUN KRAJAN BARAT
32150820090002;3215082;3215082009;082;009;0002;RT 002 RW 001 DUSUN KRAJAN BARAT
32150820090003;3215082;3215082009;082;009;0003;RT 003 RW 002 DUSUN KRAJAN TIMUR
32150820090004;3215082;3215082009;082;009;0004;RT 004 RW 002 DUSUN KRAJAN TIMUR
32150820090005;3215082;3215082009;082;009;0005;RT 005 RW 005 DUSUN TEGAL JAYA
32150820090006;3215082;3215082009;082;009;0006;RT 006 RW 003 DUSUN KOPO BARAT
32150820090007;3215082;3215082009;082;009;0007;RT 007 RW 003 DUSUN KOPO BARAT
32150820090008;3215082;3215082009;082;009;0008;RT 008 RW 004 DUSUN KOPO TIMUR
32150820090009;3215082;3215082009;082;009;0009;RT 009 RW 004 DUSUN KOPO TIMUR
32150820091001;3215082;3215082009;082;009;1001;PESAWAHAN BLOK KOPO
32150820100001;3215082;3215082010;082;010;0001;RT 001 RW 001 DUSUN KISERUT
32150820100002;3215082;3215082010;082;010;0002;RT 002 RW 001 DUSUN KISERUT
32150820100003;3215082;3215082010;082;010;0003;RT 003 RW 001 DUSUN KISERUT
32150820100004;3215082;3215082010;082;010;0004;RT 004 RW 001 DUSUN KISERUT
32150820100005;3215082;3215082010;082;010;0005;RT 005 RW 003 DUSUN KRAJAN
32150820100006;3215082;3215082010;082;010;0006;RT 006 RW 003 DUSUN KRAJAN
32150820100007;3215082;3215082010;082;010;0007;RT 007 RW 002 DUSUN CIGOBANG
32150820100008;3215082;3215082010;082;010;0008;RT 008 RW 002 DUSUN CIGOBANG
32150820100009;3215082;3215082010;082;010;0009;RT 009 RW 002 DUSUN CIGOBANG
32150820100010;3215082;3215082010;082;010;0010;RT 010 RW 002 DUSUN CIGOBANG
32150820100011;3215082;3215082010;082;010;0011;RT 011 RW 003 DUSUN KRAJAN
32150820100012;3215082;3215082010;082;010;0012;RT 012 RW 003 DUSUN KRAJAN
32150820100013;3215082;3215082010;082;010;0013;RT 013 RW 003 DUSUN KRAJAN
32150820100014;3215082;3215082010;082;010;0014;RT 014 RW 004 DUSUN TENGKOLO
32150820100015;3215082;3215082010;082;010;0015;RT 015 RW 004 DUSUN TENGKOLO
32150820101001;3215082;3215082010;082;010;1001;PESAWAHAN BLOK PULOSOGO
32150820101002;3215082;3215082010;082;010;1002;PESAWAHAN BLOK KALIPIN
32150820110001;3215082;3215082011;082;011;0001;RT 001 RW 001 DUSUN KRAJAN TIMUR
32150820110002;3215082;3215082011;082;011;0002;RT 002 RW 001 DUSUN KRAJAN TIMUR
32150820110003;3215082;3215082011;082;011;0003;RT 003 RW 001 DUSUN KRAJAN TIMUR
32150820110004;3215082;3215082011;082;011;0004;RT 001 RW 002 DUSUN KRAJAN TIMUR
32150820110005;3215082;3215082011;082;011;0005;RT 002 RW 002 DUSUN KRAJAN TIMUR
32150820110006;3215082;3215082011;082;011;0006;RT 001 RW 003 DUSUN KRAJAN BARAT
32150820110007;3215082;3215082011;082;011;0007;RT 002 RW 003 DUSUN KRAJAN BARAT
32150820110008;3215082;3215082011;082;011;0008;RT 003 RW 003 DUSUN KRAJAN BARAT
32150820110009;3215082;3215082011;082;011;0009;RT 001 RW 004 DUSUN KRAJAN BARAT
32150820110010;3215082;3215082011;082;011;0010;RT 002 RW 004 DUSUN KRAJAN BARAT
32150820110011;3215082;3215082011;082;011;0011;RT 003 RW 004 DUSUN KRAJAN BARAT
32150820110012;3215082;3215082011;082;011;0012;RT 001 RW 005 DUSUN TANGKOLO
32150820110013;3215082;3215082011;082;011;0013;RT 002 RW 005 DUSUN TANGKOLO
32150820111001;3215082;3215082011;082;011;1001;PESAWAHAN KOBAK TERATAE
32150820120001;3215082;3215082012;082;012;0001;RT 001 RW 001 DUSUN KADUS I
32150820120002;3215082;3215082012;082;012;0002;RT 002 RW 001 DUSUN KADUS I
32150820120003;3215082;3215082012;082;012;0003;RT 003 RW 001 DUSUN KADUS I
32150820120004;3215082;3215082012;082;012;0004;RT 001 RW 002 DUSUN KADUS II
32150820120005;3215082;3215082012;082;012;0005;RT 002 RW 002 DUSUN KADUS II
32150820120006;3215082;3215082012;082;012;0006;RT 003 RW 002 DUSUN KADUS II
32150820120007;3215082;3215082012;082;012;0007;RT 001 RW 003 DUSUN KADUS III
32150820120008;3215082;3215082012;082;012;0008;RT 002 RW 003 DUSUN KADUS III
32150820120009;3215082;3215082012;082;012;0009;RT 003 RW 003 DUSUN KADUS III
32150820120010;3215082;3215082012;082;012;0010;RT 001 RW 004 DUSUN KADUS IV
32150820120011;3215082;3215082012;082;012;0011;RT 002 RW 004 DUSUN KADUS IV
32150820120012;3215082;3215082012;082;012;0012;RT 003 RW 004 DUSUN KADUS IV
32150820120013;3215082;3215082012;082;012;0013;RT 001 RW 005 DUSUN KADUS V
32150820120014;3215082;3215082012;082;012;0014;RT 002 RW 005 DUSUN KADUS V
32150820120015;3215082;3215082012;082;012;0015;RT 003 RW 005 DUSUN KADUS V
32150820120016;3215082;3215082012;082;012;0016;RT 001 RW 006 DUSUN KADUS VI
32150820121001;3215082;3215082012;082;012;1001;PESAWAHAN BLOK 009B
32150900010001;3215090;3215090001;090;001;0001;RT 001 RW 001 DUSUN CENGKEH II
32150900010002;3215090;3215090001;090;001;0002;RT 002 RW 001 DUSUN CENGKEH II
32150900010003;3215090;3215090001;090;001;0003;RT 003 RW 001 DUSUN CENGKEH II
32150900010004;3215090;3215090001;090;001;0004;RT 004 RW 001 DUSUN CENGKEH II
32150900010005;3215090;3215090001;090;001;0005;RT 005 RW 002 DUSUN CENGKEH I
32150900010006;3215090;3215090001;090;001;0006;RT 006 RW 002 DUSUN CENGKEH I
32150900010007;3215090;3215090001;090;001;0007;RT 007 RW 002 DUSUN CENGKEH I
32150900010008;3215090;3215090001;090;001;0008;RT 008 RW 001 DUSUN CENGKEH I
32150900010009;3215090;3215090001;090;001;0009;RT 09 RW 03 DUSUN SELANG 1
32150900010010;3215090;3215090001;090;001;0010;RT 10 RW 03 DUSUN SELANG 1
32150900010011;3215090;3215090001;090;001;0011;RT 11 RW 03 DUSUN SELANG 1
32150900010012;3215090;3215090001;090;001;0012;RT 12 RW 03 DUSUN SELANG 1
32150900010013;3215090;3215090001;090;001;0013;RT 13 RW 04 DUSUN SELANG 2
32150900010014;3215090;3215090001;090;001;0014;RT 14 RW 04 DUSUN SELANG 2
32150900010015;3215090;3215090001;090;001;0015;RT 15 RW 04 DUSUN SELANG 2
32150900010016;3215090;3215090001;090;001;0016;RT 16 RW 04 DUSUN SELANG 2
32150900010017;3215090;3215090001;090;001;0017;RT 17 RW 05 DUSUN SELANG 3
32150900010018;3215090;3215090001;090;001;0018;RT 18 RW 05 DUSUN SELANG 3
32150900010019;3215090;3215090001;090;001;0019;RT 19 RW 05 DUSUN SELANG 3
32150900010020;3215090;3215090001;090;001;0020;RT 20 RW 05 DUSUN SELANG 3
32150900011001;3215090;3215090001;090;001;1001;SAWAH
32150900011002;3215090;3215090001;090;001;1002;SAWAH
32150900011003;3215090;3215090001;090;001;1003;SAWAH
32150900011004;3215090;3215090001;090;001;1004;SAWAH
32150900011005;3215090;3215090001;090;001;1005;SAWAH
32150900011006;3215090;3215090001;090;001;1006;SAWAH
32150900011007;3215090;3215090001;090;001;1007;SAWAH
32150900020001;3215090;3215090002;090;002;0001;RT 001 RW 001 DUSUN PALAWAD 1
32150900020002;3215090;3215090002;090;002;0002;RT 002 RW 001 DUSUN PALAWAD 1
32150900020003;3215090;3215090002;090;002;0003;RT 003 RW 001 DUSUN PALAWAD 1
32150900020004;3215090;3215090002;090;002;0004;RT 004 RW 002 DUSUN PALAWAD 2
32150900020005;3215090;3215090002;090;002;0005;RT 005 RW 002 DUSUN PALAWAD 2
32150900020006;3215090;3215090002;090;002;0006;RT 006 RW 002 DUSUN PALAWAD 2
32150900020007;3215090;3215090002;090;002;0007;RT 007 RW 003 DUSUN TELAR
32150900020008;3215090;3215090002;090;002;0008;RT 008 RW 003 DUSUN TELAR
32150900020009;3215090;3215090002;090;002;0009;RT 009 RW 003 DUSUN TELAR
32150900020010;3215090;3215090002;090;002;0010;RT 010 RW 004 DUSUN GONJING 1
32150900020011;3215090;3215090002;090;002;0011;RT 011 RW 004 DUSUN GONJING 1
32150900020012;3215090;3215090002;090;002;0012;RT 012 RW 004 DUSUN GONJING 1
32150900020013;3215090;3215090002;090;002;0013;RT 013 RW 005 DUSUN GONJING 2
32150900020014;3215090;3215090002;090;002;0014;RT 014 RW 005 DUSUN GONJING 2
32150900020015;3215090;3215090002;090;002;0015;RT 015 RW 005 DUSUN GONJING 2
32150900021001;3215090;3215090002;090;002;1001;SAWAH
32150900021002;3215090;3215090002;090;002;1002;SAWAH
32150900021003;3215090;3215090002;090;002;1003;SAWAH
32150900021004;3215090;3215090002;090;002;1004;SAWAH
32150900021005;3215090;3215090002;090;002;1005;SAWAH
32150900021006;3215090;3215090002;090;002;1006;SAWAH
32150900021007;3215090;3215090002;090;002;1007;SAWAH
32150900030001;3215090;3215090003;090;003;0001;RT 001 RW 001 DUSUN KRAJAN 1
32150900030002;3215090;3215090003;090;003;0002;RT 002 RW 001 DUSUN KRAJAN 1
32150900030003;3215090;3215090003;090;003;0003;RT 003 RW 001 DUSUN KRAJAN 1
32150900030004;3215090;3215090003;090;003;0004;RT 004 RW 001 DUSUN KRAJAN 1
32150900030005;3215090;3215090003;090;003;0005;RT 005 RW 002 DUSUN KRAJAN 2
32150900030006;3215090;3215090003;090;003;0006;RT 006 RW 002 DUSUN KRAJAN 2
32150900030007;3215090;3215090003;090;003;0007;RT 007 RW 002 DUSUN KRAJAN 2
32150900030008;3215090;3215090003;090;003;0008;RT 008 RW 003 DUSUN KRAJAN 2
32150900030009;3215090;3215090003;090;003;0009;RT 009 RW 003 DUSUN KRAJAN 2
32150900030010;3215090;3215090003;090;003;0010;RT 010 RW 004 DUSUN RAWA DUKUH
32150900030011;3215090;3215090003;090;003;0011;RT 011 RW 004 DUSUN RAWA DUKUH
32150900030012;3215090;3215090003;090;003;0012;RT 012 RW 004 DUSUN RAWA DUKUH
32150900030013;3215090;3215090003;090;003;0013;RT 013 RW 005 DUSUN PUNDONG
32150900030014;3215090;3215090003;090;003;0014;RT 014 RW 005 DUSUN PUNDONG
32150900030015;3215090;3215090003;090;003;0015;RT 015 RW 005 DUSUN PUNDONG
32150900030016;3215090;3215090003;090;003;0016;RT 016 RW 006 DUSUN PUNDONG
32150900030017;3215090;3215090003;090;003;0017;RT 017 RW 006 DUSUN PUNDONG
32150900030018;3215090;3215090003;090;003;0018;RT 018 RW 006 DUSUN PUNDONG
32150900031001;3215090;3215090003;090;003;1001;SAWAH
32150900031002;3215090;3215090003;090;003;1002;SAWAH
32150900031003;3215090;3215090003;090;003;1003;SAWAH
32150900031004;3215090;3215090003;090;003;1004;SAWAH
32150900040001;3215090;3215090004;090;004;0001;RT 001 RW 001 DUSUN KEDAWUNG
32150900040002;3215090;3215090004;090;004;0002;RT 002 RW 001 DUSUN KEDAWUNG
32150900040003;3215090;3215090004;090;004;0003;RT 003 RW 001 DUSUN KEDAWUNG
32150900040004;3215090;3215090004;090;004;0004;RT 004 RW 002 DUSUN TANJUNG
32150900040005;3215090;3215090004;090;004;0005;RT 005 RW 002 DUSUN TANJUNG
32150900040006;3215090;3215090004;090;004;0006;RT 006 RW 002 DUSUN TANJUNG
32150900040007;3215090;3215090004;090;004;0007;RT 007 RW 003 DUSUN PASIR KEMBANG.
32150900040008;3215090;3215090004;090;004;0008;RT 008 RW 003 DUSUN PASIR KEMBANG
32150900040009;3215090;3215090004;090;004;0009;RT 009 RW 004 DUSUN PASIR KEMBANG
32150900040010;3215090;3215090004;090;004;0010;RT 010 RW 004 DUSUN PASIR KEMBANG
32150900040011;3215090;3215090004;090;004;0011;RT 011 RW 005 DUSUN RAWA DUKUH
32150900040012;3215090;3215090004;090;004;0012;RT 012 RW 005 DUSUN RAWA DUKUH
32150900040013;3215090;3215090004;090;004;0013;RT 013 RW 005 DUSUN RAWA DUKUH
32150900041001;3215090;3215090004;090;004;1001;SAWAH
32150900041002;3215090;3215090004;090;004;1002;SAWAH
32150900041003;3215090;3215090004;090;004;1003;SAWAH
32150900050001;3215090;3215090005;090;005;0001;RT 001 RW 001 DUSUN KRAJAN I
32150900050002;3215090;3215090005;090;005;0002;RT 002 RW 001 DUSUN KRAJAN I
32150900050003;3215090;3215090005;090;005;0003;RT 003 RW 001 DUSUN KRAJAN I
32150900050004;3215090;3215090005;090;005;0004;RT 004 RW 002 DUSUN KRAJAN I
32150900050005;3215090;3215090005;090;005;0005;RT 005 RW 002 DUSUN KRAJAN I
32150900050006;3215090;3215090005;090;005;0006;RT 006 RW 002 DUSUN KRAJAN I
32150900050007;3215090;3215090005;090;005;0007;RT 001 RW 003 DUSUN KRAJAN II
32150900050008;3215090;3215090005;090;005;0008;RT 003 RW 003 DUSUN KRAJAN II
32150900050009;3215090;3215090005;090;005;0009;RT 005 RW 003 DUSUN KRAJAN II
32150900050010;3215090;3215090005;090;005;0010;RT 002 RW 004 DUSUN KRAJAN II
32150900050011;3215090;3215090005;090;005;0011;RT 004 RW 004 DUSUN KRAJAN II
32150900050012;3215090;3215090005;090;005;0012;RT 006 RW 004 DUSUN KRAJAN II
32150900050013;3215090;3215090005;090;005;0013;RT 001 RW 005 DUSUN LAMPEAN I
32150900050014;3215090;3215090005;090;005;0014;RT 002 RW 005 DUSUN LAMPEAN I
32150900050015;3215090;3215090005;090;005;0015;RT 003 RW 006 DUSUN LAMPEAN I
32150900050016;3215090;3215090005;090;005;0016;RT 004 RW 006 DUSUN LAMPEAN I
32150900050017;3215090;3215090005;090;005;0017;RT 001 RW 007 DUSUN LAMPEAN II
32150900050018;3215090;3215090005;090;005;0018;RT 002 RW 007 DUSUN LAMPEAN II
32150900050019;3215090;3215090005;090;005;0019;RT 003 RW 008 DUSUN LAMPEAN II
32150900050020;3215090;3215090005;090;005;0020;RT 004 RW 008 DUSUN LAMPEAN II
32150900051001;3215090;3215090005;090;005;1001;SAWAH
32150900051002;3215090;3215090005;090;005;1002;SAWAH
32150900051003;3215090;3215090005;090;005;1003;SAWAH
32150900051004;3215090;3215090005;090;005;1004;SAWAH
32150900060001;3215090;3215090006;090;006;0001;RT 001 RW 001 DUSUN KRAJAN I
32150900060002;3215090;3215090006;090;006;0002;RT 002 RW 001 DUSUN KRAJAN I
32150900060003;3215090;3215090006;090;006;0003;RT 003 RW 001 DUSUN KRAJAN I
32150900060004;3215090;3215090006;090;006;0004;RT 004 RW 002 DUSUN KRAJAN I
32150900060005;3215090;3215090006;090;006;0005;RT 005 RW 002 DUSUN KRAJAN I
32150900060006;3215090;3215090006;090;006;0006;RT 006 RW 002 DUSUN KRAJAN I
32150900060007;3215090;3215090006;090;006;0007;RT 007 RW 002 DUSUN KRAJAN I
32150900060008;3215090;3215090006;090;006;0008;RT 008 RW 003 DUSUN KRAJAN II
32150900060009;3215090;3215090006;090;006;0009;RT 009 RW 003 DUSUN KRAJAN II
32150900060010;3215090;3215090006;090;006;0010;RT 010 RW 003 DUSUN KRAJAN II
32150900060011;3215090;3215090006;090;006;0011;RT 011 RW 003 DUSUN KRAJAN II
32150900060012;3215090;3215090006;090;006;0012;RT 012 RW 004 DUSUN KRAJAN II
32150900060013;3215090;3215090006;090;006;0013;RT 013 RW 004 DUSUN KRAJAN II
32150900060014;3215090;3215090006;090;006;0014;RT 014 RW 004 DUSUN KRAJAN II
32150900060015;3215090;3215090006;090;006;0015;RT 015 RW 004 DUSUN KRAJAN II
32150900060016;3215090;3215090006;090;006;0016;RT 016 RW 005 DUSUN KRAJAN III
32150900060017;3215090;3215090006;090;006;0017;RT 017 RW 005 DUSUN KRAJAN III
32150900060018;3215090;3215090006;090;006;0018;RT 018 RW 005 DUSUN KRAJAN III
32150900060019;3215090;3215090006;090;006;0019;RT 019 RW 005 DUSUN KRAJAN III
32150900060020;3215090;3215090006;090;006;0020;RT 020 RW 006 DUSUN KRAJAN III
32150900060021;3215090;3215090006;090;006;0021;RT 021 RW 006 DUSUN KRAJAN III
32150900060022;3215090;3215090006;090;006;0022;RT 022 RW 006 DUSUN KRAJAN III
32150900060023;3215090;3215090006;090;006;0023;RT 023 RW 006 DUSUN KRAJAN III
32150900060024;3215090;3215090006;090;006;0024;RT 024 RW 007 DUSUN SINDANGKARYA
32150900060025;3215090;3215090006;090;006;0025;RT 025 RW 007 DUSUN SINDANGKARYA
32150900060026;3215090;3215090006;090;006;0026;RT 026 RW 007 DUSUN SINDANGKARYA
32150900060027;3215090;3215090006;090;006;0027;RT 027 RW 008 DUSUN SINDANGKARYA
32150900060028;3215090;3215090006;090;006;0028;RT 028 RW 008 DUSUN SINDANGKARYA
32150900060029;3215090;3215090006;090;006;0029;RT 029 RW 008 DUSUN SINDANGKARYA
32150900060030;3215090;3215090006;090;006;0030;RT 030 RW 008 DUSUN SINDANGKARYA
32150900061001;3215090;3215090006;090;006;1001;SAWAH
32150900061002;3215090;3215090006;090;006;1002;SAWAH
32150900061003;3215090;3215090006;090;006;1003;SAWAH
32150900061004;3215090;3215090006;090;006;1004;SAWAH
32150900061005;3215090;3215090006;090;006;1005;SAWAH
32150900070001;3215090;3215090007;090;007;0001;RT 001 RW 001 DUSUN BUAHASEUM I
32150900070002;3215090;3215090007;090;007;0002;RT 002 RW 001 DUSUN BUAHASEUM I
32150900070003;3215090;3215090007;090;007;0003;RT 003 RW 002 DUSUN BUAHASEUM I
32150900070004;3215090;3215090007;090;007;0004;RT 004 RW 002 DUSUN BUAHASEUM I
32150900070005;3215090;3215090007;090;007;0005;RT 003 RW 003 DUSUN BUAHASEUM II
32150900070006;3215090;3215090007;090;007;0006;RT 004 RW 003 DUSUN BUAHASEUM II
32150900070007;3215090;3215090007;090;007;0007;RT 001 RW 004 DUSUN BUAHASEUM II
32150900070008;3215090;3215090007;090;007;0008;RT 002 RW 004 DUSUN BUAHASEUM II
32150900070009;3215090;3215090007;090;007;0009;RT 005 RW 004 DUSUN BUAHASEUM II
32150900070010;3215090;3215090007;090;007;0010;RT 006 RW 004 DUSUN BUAHASEUM II
32150900070011;3215090;3215090007;090;007;0011;RT 001 RW 005 DUSUN MARGASALAM
32150900070012;3215090;3215090007;090;007;0012;RT 002 RW 005 DUSUN MARGASALAM
32150900070013;3215090;3215090007;090;007;0013;RT 003 RW 005 DUSUN MARGASALAM
32150900070014;3215090;3215090007;090;007;0014;RT 004 RW 006 DUSUN MARGASALAM
32150900070015;3215090;3215090007;090;007;0015;RT 005 A RW 006 DUSUN MARGASALAM
32150900070016;3215090;3215090007;090;007;0016;RT 005 B RW 006 DUSUN MARGASALAM
32150900070017;3215090;3215090007;090;007;0017;RT 006 RW 006 DUSUN MARGASALAM
32150900070018;3215090;3215090007;090;007;0018;RT 001 RW 007 DUSUN PEUNDEUY II
32150900070019;3215090;3215090007;090;007;0019;RT 002 RW 007 DUSUN PEUNDEUY II
32150900070020;3215090;3215090007;090;007;0020;RT 003 RW 008 DUSUN PEUNDEUY I
32150900070021;3215090;3215090007;090;007;0021;RT 004 RW 008 DUSUN PEUNDEUY I
32150900071001;3215090;3215090007;090;007;1001;SAWAH
32150900071002;3215090;3215090007;090;007;1002;SAWAH
32150900071003;3215090;3215090007;090;007;1003;SAWAH
32150900080001;3215090;3215090008;090;008;0001;RT 1 RW 1 DUSUN SENTUL 1
32150900080002;3215090;3215090008;090;008;0002;RT 2 RW 1 DUSUN SENTUL 1
32150900080003;3215090;3215090008;090;008;0003;RT 3 RW 1 DUSUN SENTUL 1
32150900080004;3215090;3215090008;090;008;0004;RT 4 RW 1 DUSUN SENTUL 1
32150900080005;3215090;3215090008;090;008;0005;RT 001 RW 002 DUSUN SENTUL 2
32150900080006;3215090;3215090008;090;008;0006;RT 002 RW 002 DUSUN SENTUL 2
32150900080007;3215090;3215090008;090;008;0007;RT 003 RW 002 DUSUN SENTUL 2
32150900080008;3215090;3215090008;090;008;0008;RT 004 RW 002 DUSUN SENTUL 2
32150900080009;3215090;3215090008;090;008;0009;RT 005 RW 002 DUSUN SENTUL 2
32150900080010;3215090;3215090008;090;008;0010;RT 001 RW 003 DUSUN SENTUL 3
32150900080011;3215090;3215090008;090;008;0011;RT 002 RW 003 DUSUN SENTUL 3
32150900080012;3215090;3215090008;090;008;0012;RT 003 RW 003 DUSUN SENTUL 3
32150900080013;3215090;3215090008;090;008;0013;RT 004 RW 003 DUSUN SENTUL 3
32150900080014;3215090;3215090008;090;008;0014;RT 001 RW 004 DUSUN SRIJAYA
32150900080015;3215090;3215090008;090;008;0015;RT 002 RW 004 DUSUN SRIJAYA
32150900080016;3215090;3215090008;090;008;0016;RT 003 RW 004 DUSUN SRIJAYA
32150900080017;3215090;3215090008;090;008;0017;RT 004 RW 004 DUSUN SRIJAYA
32150900080018;3215090;3215090008;090;008;0018;RT 001 RW 005 DUSUN TANJUNG SARI
32150900080019;3215090;3215090008;090;008;0019;RT 002 RW 005 DUSUN TANJUNG SARI
32150900081001;3215090;3215090008;090;008;1001;SAWAH
32150900081002;3215090;3215090008;090;008;1002;SAWAH
32150900090001;3215090;3215090009;090;009;0001;RT 001 RW 001 DUSUN KRAJAN I
32150900090002;3215090;3215090009;090;009;0002;RT 002 RW 001 DUSUN KRAJAN I
32150900090003;3215090;3215090009;090;009;0003;RT 001 RW 002 DUSUN KRAJAN II
32150900090004;3215090;3215090009;090;009;0004;RT 002 RW 002 DUSUN KRAJAN II
32150900090005;3215090;3215090009;090;009;0005;RT 003 RW 002 DUSUN KRAJAN II
32150900090006;3215090;3215090009;090;009;0006;RT 001 RW 003 DUSUN KRAJAN III
32150900090007;3215090;3215090009;090;009;0007;RT 002 RW 003 DUSUN KRAJAN III
32150900090008;3215090;3215090009;090;009;0008;RT 001 RW 004 DUSUN KRAJAN IV
32150900090009;3215090;3215090009;090;009;0009;RT 002 RW 004 DUSUN KRAJAN IV
32150900090010;3215090;3215090009;090;009;0010;RT 001 RW 005 DUSUN BALONGSARI
32150900090011;3215090;3215090009;090;009;0011;RT 002 RW 005 DUSUN BALONGSARI
32150900091001;3215090;3215090009;090;009;1001;SAWAH
32150900091002;3215090;3215090009;090;009;1002;SAWAH
32150900100001;3215090;3215090010;090;010;0001;RT 001 RW 001 DUSUN BABAWANGAN
32150900100002;3215090;3215090010;090;010;0002;RT 002 RW 001 DUSUN BABAWANGAN
32150900100003;3215090;3215090010;090;010;0003;RT 003 RW 002 DUSUN BABAWANGAN
32150900100004;3215090;3215090010;090;010;0004;RT 004 RW 002 DUSUN BABAWANGAN
32150900100005;3215090;3215090010;090;010;0005;RT 005 RW 003 DUSUN GEBANGCARANG
32150900100006;3215090;3215090010;090;010;0006;RT 006 RW 003 DUSUN GEBANGCARANG
32150900100007;3215090;3215090010;090;010;0007;RT 007 RW 004 DUSUN KRAJAN II
32150900100008;3215090;3215090010;090;010;0008;RT 008 RW 004 DUSUN KRAJAN II
32150900100009;3215090;3215090010;090;010;0009;RT 009 RW 005 DUSUN KRAJAN I
32150900100010;3215090;3215090010;090;010;0010;RT 010 RW 005 DUSUN KRAJAN I
32150900100011;3215090;3215090010;090;010;0011;RT 011 RW 006 DUSUN PULOTENGAH
32150900100012;3215090;3215090010;090;010;0012;RT 012 RW 006 DUSUN PULOTENGAH
32150900101001;3215090;3215090010;090;010;1001;SAWAH
32150900101002;3215090;3215090010;090;010;1002;SAWAH
32150900101003;3215090;3215090010;090;010;1003;SAWAH
32150900110001;3215090;3215090011;090;011;0001;RT 001 RW 001 DUSUN TURIMULYA I
32150900110002;3215090;3215090011;090;011;0002;RT 002 RW 001 DUSUN TURIMULYA I
32150900110003;3215090;3215090011;090;011;0003;RT 003 RW 002 DUSUN TURIMULYA II
32150900110004;3215090;3215090011;090;011;0004;RT 004 RW 002 DUSUN TURIMULYA II
32150900110005;3215090;3215090011;090;011;0005;RT 005 RW 003 DUSUN CIBEUREUM
32150900110006;3215090;3215090011;090;011;0006;RT 006 RW 003 DUSUN CIBEUREUM
32150900110007;3215090;3215090011;090;011;0007;RT 007 RW 004 DUSUN PULOHAUR
32150900110008;3215090;3215090011;090;011;0008;RT 008 RW 004 DUSUN PULOHAUR
32150900111001;3215090;3215090011;090;011;1001;SAWAH
32150900111002;3215090;3215090011;090;011;1002;SAWAH
32151000010001;3215100;3215100001;100;001;0001;RT 001 RW 001 DUSUN PASIRTALAGA I
32151000010002;3215100;3215100001;100;001;0002;RT 002 RW 001 DUSUN PASIRTALAGA I
32151000010003;3215100;3215100001;100;001;0003;RT 003 RW 001 DUSUN PASIRTALAGA I
32151000010004;3215100;3215100001;100;001;0004;RT 004 RW 001 DUSUN PASIRTALAGA I
32151000010005;3215100;3215100001;100;001;0005;RT 005 RW 002 DUSUN PASIRTALAGA I
32151000010006;3215100;3215100001;100;001;0006;RT 006 RW 002 DUSUN PASIRTALAGA I
32151000010007;3215100;3215100001;100;001;0007;RT 007 RW 002 DUSUN PASIRTALAGA I
32151000010008;3215100;3215100001;100;001;0008;RT 008 RW 002 DUSUN PASIRTALAGA I
32151000010009;3215100;3215100001;100;001;0009;RT 009 RW 003 DUSUN PASIRTALAGA II
32151000010010;3215100;3215100001;100;001;0010;RT 010 RW 003 DUSUN PASIRTALAGA II
32151000010011;3215100;3215100001;100;001;0011;RT 011 RW 003 DUSUN PASIRTALAGA II
32151000010012;3215100;3215100001;100;001;0012;RT 012 RW 003 DUSUN PASIRTALAGA II
32151000010013;3215100;3215100001;100;001;0013;RT 013 RW 004 DUSUN PASIRTALAGA II
32151000010014;3215100;3215100001;100;001;0014;RT 014 RW 004 DUSUN PASIRTALAGA II
32151000010015;3215100;3215100001;100;001;0015;RT 015 RW 004 DUSUN PASIRTALAGA II
32151000010016;3215100;3215100001;100;001;0016;RT 016 RW 004 DUSUN PASIRTALAGA II
32151000010017;3215100;3215100001;100;001;0017;RT 017 RW 005 DUSUN PASIRTALAGA III
32151000010018;3215100;3215100001;100;001;0018;RT 018 RW 005 DUSUN PASIRTALAGA III
32151000010019;3215100;3215100001;100;001;0019;RT 019 RW 005 DUSUN PASIRTALAGA III
32151000010020;3215100;3215100001;100;001;0020;RT 020 RW 006 DUSUN PASIRTALAGA III
32151000010021;3215100;3215100001;100;001;0021;RT 021 RW 006 DUSUN PASIRTALAGA III
32151000010022;3215100;3215100001;100;001;0022;RT 022 RW 006 DUSUN PASIRTALAGA III
32151000010023;3215100;3215100001;100;001;0023;RT 023 RW 006 DUSUN PASIRTALAGA III
32151000010024;3215100;3215100001;100;001;0024;RT 024 RW 006 DUSUN PASIRTALAGA III
32151000011001;3215100;3215100001;100;001;1001;SAWAH BLOK RAWA DEGOL
32151000011002;3215100;3215100001;100;001;1002;SAWAH BLOK BABAKAN BAH RAKIM
32151000011003;3215100;3215100001;100;001;1003;SAWAH BLOK RAWA BEBEK
32151000011004;3215100;3215100001;100;001;1004;SAWAH BLOK JALAN KERETA
32151000020001;3215100;3215100002;100;002;0001;RT 001 RW 001 DUSUN CITAMIANG
32151000020002;3215100;3215100002;100;002;0002;RT 002 RW 001 DUSUN CITAMIANG
32151000020003;3215100;3215100002;100;002;0003;RT 003 RW 001 DUSUN CITAMIANG
32151000020004;3215100;3215100002;100;002;0004;RT 004 RW 003 DUSUN RAWASARI
32151000020005;3215100;3215100002;100;002;0005;RT 005 RW 003 DUSUN RAWASARI
32151000020006;3215100;3215100002;100;002;0006;RT 006 RW 003 DUSUN RAWASARI
32151000020007;3215100;3215100002;100;002;0007;RT 007 RW 002 DUSUN RAWASARI
32151000020008;3215100;3215100002;100;002;0008;RT 008 RW 002 DUSUN RAWASARI
32151000020009;3215100;3215100002;100;002;0009;RT 009 RW 004 DUSUN MEKARSARI
32151000020010;3215100;3215100002;100;002;0010;RT 010 RW 004 DUSUN MEKARSARI
32151000020011;3215100;3215100002;100;002;0011;RT 011 RW 005 DUSUN MEKARSARI
32151000020012;3215100;3215100002;100;002;0012;RT 012 RW 005 DUSUN MEKARSARI
32151000020013;3215100;3215100002;100;002;0013;RT 013 RW 006 DUSUN RAWASARI
32151000020014;3215100;3215100002;100;002;0014;RT 014 RW 007 PERUM TELAGASARI INDAH
32151000020015;3215100;3215100002;100;002;0015;RT 015 RW 006 PERUM TELAGASARI INDAH
32151000020016;3215100;3215100002;100;002;0016;RT 016 RW 007 DUSUN RAWASARI
32151000021001;3215100;3215100002;100;002;1001;SAWAH MANTRI KANTA
32151000021002;3215100;3215100002;100;002;1002;SAWAH RAWASIKUT-BEKUH
32151000021003;3215100;3215100002;100;002;1003;SAWAH KISEPAT BABAKAN SERAK
32151000030001;3215100;3215100003;100;003;0001;RT 001 RW 001 DUSUN  CARIU I
32151000030002;3215100;3215100003;100;003;0002;RT 002 RW 001 DUSUN  CARIU I
32151000030003;3215100;3215100003;100;003;0003;RT 003 RW 001 DUSUN  CARIU I
32151000030004;3215100;3215100003;100;003;0004;RT 004 RW 002 DUSUN  CARIU I
32151000030005;3215100;3215100003;100;003;0005;RT 005 RW 002 DUSUN CARIU I
32151000030006;3215100;3215100003;100;003;0006;RT 006 RW 003 DUSUN CARIU II
32151000030007;3215100;3215100003;100;003;0007;RT 007 RW 003 DUSUN CARIU II
32151000030008;3215100;3215100003;100;003;0008;RT 008 RW 003 DUSUN CARIU II
32151000030009;3215100;3215100003;100;003;0009;RT 009 RW 004 DUSUN CARIU II
32151000030010;3215100;3215100003;100;003;0010;RT 010 RW 004 DUSUN CARIU II
32151000030011;3215100;3215100003;100;003;0011;RT 011 RW 005 DUSUN CARIU III
32151000030012;3215100;3215100003;100;003;0012;RT 012 RW 005 DUSUN CARIU III
32151000030013;3215100;3215100003;100;003;0013;RT 013 RW 005 DUSUN CARIU III
32151000030014;3215100;3215100003;100;003;0014;RT 014 RW 006 DUSUN CARIU III
32151000030015;3215100;3215100003;100;003;0015;RT 015 RW 006 DUSUN CARIU III
32151000030016;3215100;3215100003;100;003;0016;RT 016 RW 006 DUSUN CARIU III
32151000030017;3215100;3215100003;100;003;0017;RT 017 RW 001 DUSUN CARIU I
32151000031001;3215100;3215100003;100;003;1001;BLOK SAWAH BABAKAN KI ELAH
32151000031002;3215100;3215100003;100;003;1002;BLOK SAWAH RONGGA
32151000031003;3215100;3215100003;100;003;1003;BLOK SAWAH BARAT CARIU
32151000031004;3215100;3215100003;100;003;1004;BLOK SAWAH KEDUNG GALIH
32151000040001;3215100;3215100004;100;004;0001;RT 001 RW 001 DUSUN CILEWO
32151000040002;3215100;3215100004;100;004;0002;RT 002 RW 001 DUSUN CILEWO
32151000040003;3215100;3215100004;100;004;0003;RT 003 RW 001 DUSUN CILEWO
32151000040004;3215100;3215100004;100;004;0004;RT 004 RW 002 DUSUN CILEWO
32151000040005;3215100;3215100004;100;004;0005;RT 005 RW 002 DUSUN CILEWO
32151000040006;3215100;3215100004;100;004;0006;RT 006 RW 003 DUSUN GEDANG MANGGALA
32151000040007;3215100;3215100004;100;004;0007;RT 007 RW 003 DUSUN GEDANG MANGGALA
32151000040008;3215100;3215100004;100;004;0008;RT 008 RW 003 DUSUN GEDANG MANGGALA
32151000040009;3215100;3215100004;100;004;0009;RT 009 RW 004 DUSUN GEDANG MANGGALA
32151000040010;3215100;3215100004;100;004;0010;RT 010 RW 004 DUSUN GEDANG MANGGALA
32151000040011;3215100;3215100004;100;004;0011;RT 011 RW 004 DUSUN GEDANG MANGGALA
32151000040012;3215100;3215100004;100;004;0012;RT 012 RW 005 DUSUN PACOGREG
32151000040013;3215100;3215100004;100;004;0013;RT 013 RW 005 DUSUN PACOGREG
32151000040014;3215100;3215100004;100;004;0014;RT 014 RW 005 DUSUN PACOGREG
32151000040015;3215100;3215100004;100;004;0015;RT 015 RW 005 DUSUN PACOGREG
32151000050001;3215100;3215100005;100;005;0001;RT 001 RW 001 DUSUN 1
32151000050002;3215100;3215100005;100;005;0002;RT 002 RW 001 DUSUN 1
32151000050003;3215100;3215100005;100;005;0003;RT 003 RW 001 DUSUN 1
32151000050004;3215100;3215100005;100;005;0004;RT 004 RW 002 DUSUN 2
32151000050005;3215100;3215100005;100;005;0005;RT 005 RW 002 DUSUN 2
32151000050006;3215100;3215100005;100;005;0006;RT 006 RW 002 DUSUN 2
32151000050007;3215100;3215100005;100;005;0007;RT 007 RW 003 DUSUN 2
32151000050008;3215100;3215100005;100;005;0008;RT 008 RW 003 DUSUN 2
32151000050009;3215100;3215100005;100;005;0009;RT 009 RW 003 DUSUN 2
32151000050010;3215100;3215100005;100;005;0010;RT 010 RW 004 DUSUN 1
32151000050011;3215100;3215100005;100;005;0011;RT 011 RW 004 DUSUN 1
32151000050012;3215100;3215100005;100;005;0012;RT 012 RW 004 DUSUN 1
32151000050013;3215100;3215100005;100;005;0013;RT 013 RW 002 DUSUN 2
32151000051001;3215100;3215100005;100;005;1001;SAWAH BLOK CENGKEH
32151000051002;3215100;3215100005;100;005;1002;SAWAH BLOK KUD
32151000051003;3215100;3215100005;100;005;1003;SAWAH BLOK GOBAG
32151000060001;3215100;3215100006;100;006;0001;RT 001 RW 001 DUSUN KAMPUNG PULOGADUNG 1
32151000060002;3215100;3215100006;100;006;0002;RT 002 RW 001 DUSUN KAMPUNG PULOGADUNG 1
32151000060003;3215100;3215100006;100;006;0003;RT 003 RW 001 DUSUN KAMPUNG PULOGADUNG 1
32151000060004;3215100;3215100006;100;006;0004;RT 004 RW 002 DUSUN KAMPUNG PULOGADUNG 2
32151000060005;3215100;3215100006;100;006;0005;RT 005 RW 002 DUSUN KAMPUNG PULOGADUNG 2
32151000060006;3215100;3215100006;100;006;0006;RT 006 RW 002 DUSUN KAMPUNG PULOGADUNG 2
32151000060007;3215100;3215100006;100;006;0007;RT 007 RW 003 DUSUN KAMPUNG PULOGADUNG 2
32151000060008;3215100;3215100006;100;006;0008;RT 008 RW 003 DUSUN KAMPUNG PULOGADUNG 2
32151000060009;3215100;3215100006;100;006;0009;RT 009 RW 003 DUSUN KAMPUNG PULOGADUNG 2
32151000061001;3215100;3215100006;100;006;1001;BLOK SAWAH SOANG
32151000061002;3215100;3215100006;100;006;1002;BLOK SAWAH LAMPORAN
32151000070001;3215100;3215100007;100;007;0001;RT 001 RW 005 DUSUN POPONCOL 1
32151000070002;3215100;3215100007;100;007;0002;RT 002 RW 005 DUSUN POPONCOL 1
32151000070003;3215100;3215100007;100;007;0003;RT 003 RW 001 DUSUN POPONCOL 1
32151000070004;3215100;3215100007;100;007;0004;RT 004 RW 001 DUSUN POPONCOL 1
32151000070005;3215100;3215100007;100;007;0005;RT 005 RW 002 DUSUN POPONCOL 1
32151000070006;3215100;3215100007;100;007;0006;RT 006 RW 002 DUSUN POPONCOL 1
32151000070007;3215100;3215100007;100;007;0007;RT 007 RW 002 DUSUN POPONCOL 1
32151000070008;3215100;3215100007;100;007;0008;RT 008 RW 003 DUSUN POPONCOL 2
32151000070009;3215100;3215100007;100;007;0009;RT 009 RW 003 DUSUN POPONCOL 2
32151000070010;3215100;3215100007;100;007;0010;RT 010 RW 003 DUSUN POPONCOL 2
32151000070011;3215100;3215100007;100;007;0011;RT 011 RW 004 DUSUN POPONCOL 2
32151000070012;3215100;3215100007;100;007;0012;RT 012 RW 004 DUSUN POPONCOL 2
32151000070013;3215100;3215100007;100;007;0013;RT 013 RW 004 DUSUN POPONCOL 2
32151000071001;3215100;3215100007;100;007;1001;SAWAH BLOK SIWALEM
32151000080001;3215100;3215100008;100;008;0001;RT 001 RW 001 DUSUN 1
32151000080002;3215100;3215100008;100;008;0002;RT 002 RW 001 DUSUN 1
32151000080003;3215100;3215100008;100;008;0003;RT 003 RW 001 DUSUN 1
32151000080004;3215100;3215100008;100;008;0004;RT 004 RW 001 DUSUN 1
32151000080005;3215100;3215100008;100;008;0005;RT 005 RW 001 DUSUN 1
32151000080006;3215100;3215100008;100;008;0006;RT 006 RW 001 DUSUN 1
32151000080007;3215100;3215100008;100;008;0007;RT 001 RW 002 DUSUN 1
32151000080008;3215100;3215100008;100;008;0008;RT 002 RW 002 DUSUN 1
32151000080009;3215100;3215100008;100;008;0009;RT 003 RW 002 DUSUN 1
32151000080010;3215100;3215100008;100;008;0010;RT 004 RW 002 DUSUN 1
32151000080011;3215100;3215100008;100;008;0011;RT 005 RW 002 DUSUN 1
32151000080012;3215100;3215100008;100;008;0012;RT 006 RW 002 DUSUN 1
32151000080013;3215100;3215100008;100;008;0013;RT 001 RW 003 DUSUN 2
32151000080014;3215100;3215100008;100;008;0014;RT 002 RW 003 DUSUN 2
32151000080015;3215100;3215100008;100;008;0015;RT 003 RW 003 DUSUN 2
32151000080016;3215100;3215100008;100;008;0016;RT 004 RW 003 DUSUN 2
32151000080017;3215100;3215100008;100;008;0017;RT 001 RW 004 DUSUN 2
32151000080018;3215100;3215100008;100;008;0018;RT 002 RW 004 DUSUN 2
32151000081001;3215100;3215100008;100;008;1001;SAWAH TEGAL KADEK
32151000081002;3215100;3215100008;100;008;1002;SAWAH SAMPORA
32151000081003;3215100;3215100008;100;008;1003;SAWAH TANJUNG GALUR
32151000081004;3215100;3215100008;100;008;1004;SAWAH BABAKAN MEKAR JAYA
32151000090001;3215100;3215100009;100;009;0001;RT 001 RW 001 DUSUN 1 CICADAS
32151000090002;3215100;3215100009;100;009;0002;RT 002 RW 001 DUSUN 1 CICADAS
32151000090003;3215100;3215100009;100;009;0003;RT 003 RW 001 DUSUN 1 CICADAS
32151000090004;3215100;3215100009;100;009;0004;RT 001 RW 004 DUSUN PANYALIN BANYU
32151000090005;3215100;3215100009;100;009;0005;RT 002 RW 004 DUSUN PANYALIN BANYU
32151000090006;3215100;3215100009;100;009;0006;RT 003 RW 004 DUSUN PANYALIN BANYU
32151000090007;3215100;3215100009;100;009;0007;RT 001 RW 002 DUSUN II CILEWO
32151000090008;3215100;3215100009;100;009;0008;RT 002 RW 002 DUSUN II CILEWO
32151000090009;3215100;3215100009;100;009;0009;RT 003 RW 002 DUSUN II CILEWO
32151000090010;3215100;3215100009;100;009;0010;RT 001 RW 003 DUSUN II CILEWO
32151000090011;3215100;3215100009;100;009;0011;RT 002 RW 003 DUSUN II CILEWO
32151000090012;3215100;3215100009;100;009;0012;RT 003 RW 003 DUSUN II CILEWO
32151000091001;3215100;3215100009;100;009;1001;SAWAH BLOK KALER
32151000091002;3215100;3215100009;100;009;1002;SAWAH BLOK BENGKOK
32151000100001;3215100;3215100010;100;010;0001;RT 001 RW 001 DUSUN 1
32151000100002;3215100;3215100010;100;010;0002;RT 002 RW 001 DUSUN 1
32151000100003;3215100;3215100010;100;010;0003;RT 003 RW 001 DUSUN 1
32151000100004;3215100;3215100010;100;010;0004;RT 004 RW 002 DUSUN 1
32151000100005;3215100;3215100010;100;010;0005;RT 005 RW 002 DUSUN 1
32151000100006;3215100;3215100010;100;010;0006;RT 006 RW 002 DUSUN 1
32151000100007;3215100;3215100010;100;010;0007;RT 007 RW 003 DUSUN II
32151000100008;3215100;3215100010;100;010;0008;RT 008 RW 003 DUSUN II
32151000100009;3215100;3215100010;100;010;0009;RT 009 RW 003 DUSUN II
32151000100010;3215100;3215100010;100;010;0010;RT 010 RW 004 DUSUN II
32151000100011;3215100;3215100010;100;010;0011;RT 011 RW 004 DUSUN II
32151000100012;3215100;3215100010;100;010;0012;RT 012 RW 004 DUSUN II
32151000100013;3215100;3215100010;100;010;0013;RT 013 RW 005 DUSUN III CITAJAYA
32151000100014;3215100;3215100010;100;010;0014;RT 014 RW 005 DUSUN III CITAJAYA
32151000100015;3215100;3215100010;100;010;0015;RT 015 RW 006 DUSUN III CITAJAYA
32151000100016;3215100;3215100010;100;010;0016;RT 016 RW 006 DUSUN III CITAJAYA
32151000101001;3215100;3215100010;100;010;1001;SAWAH BLOK 007
32151000101002;3215100;3215100010;100;010;1002;SAWAH BLOK 002
32151000101003;3215100;3215100010;100;010;1003;SAWAH BLOK 006
32151000101004;3215100;3215100010;100;010;1004;SAWAH BLOK 008
32151000110001;3215100;3215100011;100;011;0001;RT 001 RW 001 DUSUN KRAJAN 1
32151000110002;3215100;3215100011;100;011;0002;RT 002 RW 001 DUSUN KRAJAN 1
32151000110003;3215100;3215100011;100;011;0003;RT 003 RW 001 DUSUN KRAJAN 1
32151000110004;3215100;3215100011;100;011;0004;RT 004 RW 002 DUSUN KRAJAN 1
32151000110005;3215100;3215100011;100;011;0005;RT 005 RW 002 DUSUN KRAJAN 1
32151000110006;3215100;3215100011;100;011;0006;RT 006 RW 002 DUSUN KRAJAN 1
32151000110007;3215100;3215100011;100;011;0007;RT 007 RW 003 DUSUN KRAJAN 1
32151000110008;3215100;3215100011;100;011;0008;RT 008 RW 003 DUSUN KRAJAN 1
32151000110009;3215100;3215100011;100;011;0009;RT 009 RW 003 DUSUN KRAJAN 1
32151000110010;3215100;3215100011;100;011;0010;RT 001 RW 004 DUSUN KRAJAN 2
32151000110011;3215100;3215100011;100;011;0011;RT 002 RW 004 DUSUN KRAJAN 2
32151000110012;3215100;3215100011;100;011;0012;RT 003 RW 004 DUSUN KRAJAN 2
32151000110013;3215100;3215100011;100;011;0013;RT 004 RW 004 DUSUN KRAJAN 2
32151000110014;3215100;3215100011;100;011;0014;RT 005 RW 004 DUSUN KRAJAN 2
32151000110015;3215100;3215100011;100;011;0015;RT 006 RW 005 DUSUN KRAJAN 2
32151000110016;3215100;3215100011;100;011;0016;RT 007 RW 005 DUSUN KRAJAN 2
32151000110017;3215100;3215100011;100;011;0017;RT 008 RW 005 DUSUN KRAJAN 2
32151000110018;3215100;3215100011;100;011;0018;RT 001 RW 006 DUSUN KRAJAN 3
32151000110019;3215100;3215100011;100;011;0019;RT 002 RW 006 DUSUN KRAJAN 3
32151000110020;3215100;3215100011;100;011;0020;RT 003 RW 006 DUSUN KRAJAN 3
32151000110021;3215100;3215100011;100;011;0021;RT 004 RW 007 DUSUN KRAJAN 3
32151000110022;3215100;3215100011;100;011;0022;RT 005 RW 006 DUSUN KRAJAN 3
32151000110023;3215100;3215100011;100;011;0023;RT 006 RW 007 DUSUN KRAJAN 3
32151000110024;3215100;3215100011;100;011;0024;RT 007 RW 007 DUSUN KRAJAN 3
32151000110025;3215100;3215100011;100;011;0025;RT 001 RW 009 DUSUN KRAJAN 4
32151000110026;3215100;3215100011;100;011;0026;RT 002 RW 009 DUSUN KRAJAN 4
32151000110027;3215100;3215100011;100;011;0027;RT 003 RW 009 DUSUN KRAJAN 4
32151000110028;3215100;3215100011;100;011;0028;RT 004 RW 009 DUSUN KRAJAN 4
32151000110029;3215100;3215100011;100;011;0029;RT 005 RW 010 DUSUN KRAJAN 4
32151000110030;3215100;3215100011;100;011;0030;RT 006 RW 010 DUSUN KRAJAN 4
32151000111001;3215100;3215100011;100;011;1001;SAWAH BLOK BABAKAN PASIR BOGOR
32151000111002;3215100;3215100011;100;011;1002;SAWAH BLOK TEGAL KIRINTI
32151000120001;3215100;3215100012;100;012;0001;RT 001 RW 001 DUSUN KRAJAN
32151000120002;3215100;3215100012;100;012;0002;RT 002 RW 001 DUSUN KRAJAN
32151000120003;3215100;3215100012;100;012;0003;RT 003 RW 001 DUSUN KRAJAN
32151000120004;3215100;3215100012;100;012;0004;RT 004 RW 001 DUSUN KRAJAN
32151000120005;3215100;3215100012;100;012;0005;RT 005 RW 002 DUSUN KRAJAN
32151000120006;3215100;3215100012;100;012;0006;RT 006 RW 002 DUSUN KRAJAN
32151000120007;3215100;3215100012;100;012;0007;RT 007 RW 002 DUSUN KRAJAN
32151000120008;3215100;3215100012;100;012;0008;RT 008 RW 002 DUSUN KRAJAN
32151000120009;3215100;3215100012;100;012;0009;RT 009 RW 003 DUSUN SINDANGPALAY I
32151000120010;3215100;3215100012;100;012;0010;RT 010 RW 003 DUSUN SINDANGPALAY I
32151000120011;3215100;3215100012;100;012;0011;RT 011 RW 003 DUSUN SINDANGPALAY I
32151000120012;3215100;3215100012;100;012;0012;RT 012 RW 003 DUSUN SINDANGPALAY I
32151000120013;3215100;3215100012;100;012;0013;RT 013 RW 004 DUSUN SINDANGPALAY II
32151000120014;3215100;3215100012;100;012;0014;RT 014 RW 004 DUSUN SINDANGPALAY II
32151000120015;3215100;3215100012;100;012;0015;RT 015 RW 004 DUSUN SINDANGPALAY II
32151000120016;3215100;3215100012;100;012;0016;RT 016 RW 005 DUSUN SINDANGPALAY II
32151000121001;3215100;3215100012;100;012;1001;SAWAH BLOK PASIRMUKTI
32151000130001;3215100;3215100013;100;013;0001;RT 009 RW 001 DUSUN KRAJAN
32151000130002;3215100;3215100013;100;013;0002;RT 010 RW 001 DUSUN KRAJAN
32151000130003;3215100;3215100013;100;013;0003;RT 011 RW 001 DUSUN KRAJAN
32151000130004;3215100;3215100013;100;013;0004;RT 001 RW 002 DUSUN KRAJAN
32151000130005;3215100;3215100013;100;013;0005;RT 002 RW 002 DUSUN KRAJAN
32151000130006;3215100;3215100013;100;013;0006;RT 003 RW 002 DUSUN KRAJAN
32151000130007;3215100;3215100013;100;013;0007;RT 004 RW 003 DUSUN SALEM
32151000130008;3215100;3215100013;100;013;0008;RT 005 RW 003 DUSUN SALEM
32151000130009;3215100;3215100013;100;013;0009;RT 006 RW 003 DUSUN SALEM
32151000130010;3215100;3215100013;100;013;0010;RT 007 RW 004 DUSUN SALEM
32151000130011;3215100;3215100013;100;013;0011;RT 008 RW 004 DUSUN SALEM
32151000131001;3215100;3215100013;100;013;1001;SAWAH BABAKAN KIMARHANI
32151000140001;3215100;3215100014;100;014;0001;RT 001 RW 001 DUSUN 1
32151000140002;3215100;3215100014;100;014;0002;RT 002 RW 001 DUSUN 1
32151000140003;3215100;3215100014;100;014;0003;RT 003 RW 001 DUSUN 1
32151000140004;3215100;3215100014;100;014;0004;RT 004 RW 002 DUSUN 1
32151000140005;3215100;3215100014;100;014;0005;RT 005 RW 002 DUSUN 1
32151000140006;3215100;3215100014;100;014;0006;RT 006 RW 003 DUSUN 1
32151000140007;3215100;3215100014;100;014;0007;RT 007 RW 003 DUSUN 1
32151000140008;3215100;3215100014;100;014;0008;RT 008 RW 004 DUSUN 2
32151000140009;3215100;3215100014;100;014;0009;RT 009 RW 008 DUSUN 2
32151000140010;3215100;3215100014;100;014;0010;RT 010 RW 008 DUSUN 2
32151000140011;3215100;3215100014;100;014;0011;RT 011 RW 005 DUSUN 3
32151000140012;3215100;3215100014;100;014;0012;RT 012 RW 005 DUSUN 3
32151000140013;3215100;3215100014;100;014;0013;RT 013 RW 005 DUSUN 3
32151000140014;3215100;3215100014;100;014;0014;RT 014 RW 006 DUSUN 3
32151000140015;3215100;3215100014;100;014;0015;RT 015 RW 006 DUSUN 3
32151000140016;3215100;3215100014;100;014;0016;RT 016 RW 006 DUSUN 3
32151000140017;3215100;3215100014;100;014;0017;RT 017 RW 007 DUSUN 4
32151000140018;3215100;3215100014;100;014;0018;RT 018 RW 007 DUSUN 4
32151000140019;3215100;3215100014;100;014;0019;RT 019 RW 009 DUSUN 4
32151000140020;3215100;3215100014;100;014;0020;RT 020 RW 009 DUSUN 4
32151000140021;3215100;3215100014;100;014;0021;RT 021 RW 004 DUSUN 2
32151000141001;3215100;3215100014;100;014;1001;SAWAH BLOK TEGONG
32151000141002;3215100;3215100014;100;014;1002;SAWAH BLOK KAROKROK
32151000141003;3215100;3215100014;100;014;1003;SAWAH BLOK CILANDAK
32151000141004;3215100;3215100014;100;014;1004;SAWAH BLOK PASANGGRAHAN
32151110010001;3215111;3215111001;111;001;0001;RT 001 RW 001 DUSUN 01 BABAKAN CIRANGGON
32151110010002;3215111;3215111001;111;001;0002;RT 002 RW 001 DUSUN 01 BABAKAN CIRANGGON
32151110010003;3215111;3215111001;111;001;0003;RT 003 RW 002 DUSUN 01 BABAKAN CIRANGGON
32151110010004;3215111;3215111001;111;001;0004;RT 004 RW 002 DUSUN 01 BABAKAN CIRANGGON
32151110010005;3215111;3215111001;111;001;0005;RT 005 RW 003 DUSUN 02 CIRANGGON RAYA
32151110010006;3215111;3215111001;111;001;0006;RT 006 RW 003 DUSUN 02 CIRANGGON RAYA
32151110010007;3215111;3215111001;111;001;0007;RT 007 RW 004 DUSUN 02 CIRANGGON RAYA
32151110010008;3215111;3215111001;111;001;0008;RT 008 RW 004 DUSUN 02 CIRANGGON RAYA
32151110010009;3215111;3215111001;111;001;0009;RT 009 RW 005 DUSUN 03 PASIR ELA
32151110010010;3215111;3215111001;111;001;0010;RT 010 RW 005 DUSUN 03 PASIR ELA
32151110010011;3215111;3215111001;111;001;0011;RT 011 RW 005 DUSUN 03 PASIR ELA
32151110010012;3215111;3215111001;111;001;0012;RT 012 RW 006 DUSUN 03 PASIR ELA
32151110010013;3215111;3215111001;111;001;0013;RT 013 RW 006 DUSUN 03 PASIR ELA
32151110010014;3215111;3215111001;111;001;0014;RT 014 RW 006 DUSUN 03 PASIR ELA
32151110010015;3215111;3215111001;111;001;0015;RT 015 RW 007 DUSUN 04 PASIR JENGKOL I
32151110010016;3215111;3215111001;111;001;0016;RT 016 RW 007 DUSUN 04 PASIR JENGKOL I
32151110010017;3215111;3215111001;111;001;0017;RT 017 RW 007 DUSUN 04 PASIR JENGKOL I
32151110010018;3215111;3215111001;111;001;0018;RT 018 RW 008 DUSUN 04 PASIR JENGKOL I
32151110010019;3215111;3215111001;111;001;0019;RT 019 RW 008 DUSUN 04 PASIR JENGKOL I
32151110010020;3215111;3215111001;111;001;0020;RT 020 RW 008 DUSUN 04 PASIR JENGKOL I
32151110010021;3215111;3215111001;111;001;0021;RT 021 RW 009 DUSUN 05 PASIR JENGKOL II
32151110010022;3215111;3215111001;111;001;0022;RT 022 RW 009 DUSUN 05 PASIR JENGKOL II
32151110010023;3215111;3215111001;111;001;0023;RT 023 RW 010 DUSUN 05 PASIR JENGKOL II
32151110010024;3215111;3215111001;111;001;0024;RT 024 RW 010 DUSUN 05 PASIR JENGKOL II
32151110010025;3215111;3215111001;111;001;0025;RT 025 RW 011 PERUM MAP
32151110010026;3215111;3215111001;111;001;0026;RT 026 RW 011 PERUM MAP
32151110010027;3215111;3215111001;111;001;0027;RT 027 RW 011 PERUM PURI RAYA
32151110010028;3215111;3215111001;111;001;0028;RT 028 RW 005 DUSUN 03 PASIR ELA
32151110010029;3215111;3215111001;111;001;0029;RT 029 RW 005 PERUM ALAM INDAH SELARAS
32151110010030;3215111;3215111001;111;001;0030;RT 030 RW 012 PERUM ALAM INDAH SELARAS 
32151110010031;3215111;3215111001;111;001;0031;RT 031 RW 012 PERUM ALAM INDAH SELARAS 
32151110010032;3215111;3215111001;111;001;0032;RT 032 RW 013 PERUM GARDEN HARMONI
32151110010033;3215111;3215111001;111;001;0033;RT 033 RW 013 DUSUN 03 PASIR ELA
32151110010034;3215111;3215111001;111;001;0034;RT 034 RW 013 DUSUN 03 PASIR ELA
32151110010035;3215111;3215111001;111;001;0035;RT 035 RW 013 DUSUN 03 PASIR ELA
32151110010036;3215111;3215111001;111;001;0036;RT 036 RW 007 DUSUN 04 PASIR JENGKOL I
32151110010037;3215111;3215111001;111;001;0037;RT 037 RW 007 DUSUN 04 PASIR JENGKOL I
32151110011001;3215111;3215111001;111;001;1001;SAWAH
32151110011002;3215111;3215111001;111;001;1002;SAWAH
32151110011003;3215111;3215111001;111;001;1003;SAWAH
32151110020001;3215111;3215111002;111;002;0001;RT 001 RW 001 DUSUN KRAJAN I
32151110020002;3215111;3215111002;111;002;0002;RT 002 RW 001 DUSUN KRAJAN I
32151110020003;3215111;3215111002;111;002;0003;RT 003 RW 001 DUSUN KRAJAN I
32151110020004;3215111;3215111002;111;002;0004;RT 004 RW 002 DUSUN KRAJAN II
32151110020005;3215111;3215111002;111;002;0005;RT 005 RW 002 DUSUN KRAJAN II
32151110020006;3215111;3215111002;111;002;0006;RT 006 RW 002 DUSUN KRAJAN II
32151110020007;3215111;3215111002;111;002;0007;RT 007 RW 003 DUSUN KRAJAN III
32151110020008;3215111;3215111002;111;002;0008;RT 008 RW 003 DUSUN KRAJAN III
32151110020009;3215111;3215111002;111;002;0009;RT 009 RW 003 DUSUN KRAJAN III
32151110020010;3215111;3215111002;111;002;0010;RT 010 RW 004 DUSUN KRAJAN IV
32151110020011;3215111;3215111002;111;002;0011;RT 011 RW 004 DUSUN KRAJAN IV
32151110020012;3215111;3215111002;111;002;0012;RT 012 RW 005 DUSUN KRAJAN V
32151110020013;3215111;3215111002;111;002;0013;RT 013 RW 005 DUSUN KRAJAN V
32151110021001;3215111;3215111002;111;002;1001;SAWAH
32151110021002;3215111;3215111002;111;002;1002;SAWAH
32151110021003;3215111;3215111002;111;002;1003;SAWAH
32151110021004;3215111;3215111002;111;002;1004;SAWAH
32151110030001;3215111;3215111003;111;003;0001;RT 001 RW 001 DUSUN CIRANGGON 1
32151110030002;3215111;3215111003;111;003;0002;RT 002 RW 001 DUSUN CIRANGGON 1
32151110030003;3215111;3215111003;111;003;0003;RT 003 RW 001 DUSUN CIRANGGON 1
32151110030004;3215111;3215111003;111;003;0004;RT 004 RW 001 DUSUN CIRANGGON 1
32151110030005;3215111;3215111003;111;003;0005;RT 005 RW 001 DUSUN CIRANGGON 1
32151110030006;3215111;3215111003;111;003;0006;RT 006 RW 002 DUSUN CIRANGGON II
32151110030007;3215111;3215111003;111;003;0007;RT 007 RW 002 DUSUN CIRANGGON II
32151110030008;3215111;3215111003;111;003;0008;RT 008 RW 002 DUSUN CIRANGGON II
32151110030009;3215111;3215111003;111;003;0009;RT 009 RW 002 DUSUN CIRANGGON II
32151110030010;3215111;3215111003;111;003;0010;RT 010 RW 003 DUSUN CIRANGGON III
32151110030011;3215111;3215111003;111;003;0011;RT 011 RW 003 DUSUN CIRANGGON III
32151110030012;3215111;3215111003;111;003;0012;RT 012 RW 003 DUSUN CIRANGGON III
32151110030013;3215111;3215111003;111;003;0013;RT 013 RW 003 DUSUN CIRANGGON III
32151110030014;3215111;3215111003;111;003;0014;RT 014 RW 003 DUSUN CIRANGGON III
32151110030015;3215111;3215111003;111;003;0015;RT 015 RW 003 DUSUN CIRANGGON III
32151110030016;3215111;3215111003;111;003;0016;RT 016 RW 004 DUSUN CIRANGGON IV
32151110030017;3215111;3215111003;111;003;0017;RT 017 RW 004 DUSUN CIRANGGON IV
32151110030018;3215111;3215111003;111;003;0018;RT 018 RW 004 DUSUN CIRANGGON IV
32151110030019;3215111;3215111003;111;003;0019;RT 019 RW 004 DUSUN CIRANGGON IV
32151110030020;3215111;3215111003;111;003;0020;RT 020 RW 004 DUSUN CIRANGGON IV
32151110030021;3215111;3215111003;111;003;0021;RT 021 RW 005 DUSUN CIRANGGON V
32151110030022;3215111;3215111003;111;003;0022;RT 022 RW 005 DUSUN CIRANGGON V
32151110030023;3215111;3215111003;111;003;0023;RT 023 RW 005 DUSUN CIRANGGON V
32151110030024;3215111;3215111003;111;003;0024;RT 024 RW 005 DUSUN CIRANGGON V
32151110031001;3215111;3215111003;111;003;1001;SAWAH
32151110031002;3215111;3215111003;111;003;1002;SAWAH
32151110031003;3215111;3215111003;111;003;1003;SAWAH
32151110031004;3215111;3215111003;111;003;1004;SAWAH
32151110040001;3215111;3215111004;111;004;0001;RT 001 RW 001 DUSUN I WANAJAYA
32151110040002;3215111;3215111004;111;004;0002;RT 002 RW 001 DUSUN I WANAJAYA
32151110040003;3215111;3215111004;111;004;0003;RT 003 RW 001 DUSUN I WANAJAYA
32151110040004;3215111;3215111004;111;004;0004;RT 004 RW 002 DUSUN I WANAJAYA
32151110040005;3215111;3215111004;111;004;0005;RT 005 RW 002 DUSUN I WANAJAYA
32151110040006;3215111;3215111004;111;004;0006;RT 006 RW 002 DUSUN I WANAJAYA
32151110040007;3215111;3215111004;111;004;0007;RT 007 RW 003 DUSUN II RANGGON
32151110040008;3215111;3215111004;111;004;0008;RT 008 RW 003 DUSUN II RANGGON
32151110040009;3215111;3215111004;111;004;0009;RT 009 RW 003 DUSUN II RANGGON
32151110040010;3215111;3215111004;111;004;0010;RT 010 RW 003 DUSUN II RANGGON
32151110040011;3215111;3215111004;111;004;0011;RT 011 RW 004 DUSUN II RANGGON
32151110040012;3215111;3215111004;111;004;0012;RT 012 RW 004 DUSUN II RANGGON
32151110040013;3215111;3215111004;111;004;0013;RT 013 RW 004 DUSUN II RANGGON
32151110040014;3215111;3215111004;111;004;0014;RT 014 RW 004 DUSUN II RANGGON
32151110040015;3215111;3215111004;111;004;0015;RT 015 RW 005 DUSUN III PASIRKONCI
32151110040016;3215111;3215111004;111;004;0016;RT 016 RW 005 DUSUN III PASIRKONCI
32151110040017;3215111;3215111004;111;004;0017;RT 017 RW 006 DUSUN III PASIR KONCI
32151110040018;3215111;3215111004;111;004;0018;RT 018 RW 006 DUSUN III PASIRKONCI
32151110040019;3215111;3215111004;111;004;0019;RT 019 RW 007 DUSUN IV GABEL
32151110040020;3215111;3215111004;111;004;0020;RT 020 RW 007 DUSUN IV GABEL
32151110040021;3215111;3215111004;111;004;0021;RT 021 RW 008 DUSUN IV GABEL
32151110040022;3215111;3215111004;111;004;0022;RT 022 RW 008 DUSUN IV GABEL
32151110041001;3215111;3215111004;111;004;1001;SAWAH
32151110041002;3215111;3215111004;111;004;1002;SAWAH
32151110041003;3215111;3215111004;111;004;1003;SAWAH
32151110041004;3215111;3215111004;111;004;1004;SAWAH
32151110041005;3215111;3215111004;111;004;1005;SAWAH
32151110050001;3215111;3215111005;111;005;0001;RT 001 RW 001 DUSUN KRAJAN I
32151110050002;3215111;3215111005;111;005;0002;RT 002 RW 001 DUSUN KRAJAN I
32151110050003;3215111;3215111005;111;005;0003;RT 003 RW 001 DUSUN KRAJAN I
32151110050004;3215111;3215111005;111;005;0004;RT 004 RW 002 DUSUN KRAJAN II
32151110050005;3215111;3215111005;111;005;0005;RT 005 RW 002 DUSUN KRAJAN II
32151110050006;3215111;3215111005;111;005;0006;RT 006 RW 002 DUSUN KRAJAN II
32151110050007;3215111;3215111005;111;005;0007;RT 007 RW 003 DUSUN BUNIAGA
32151110050008;3215111;3215111005;111;005;0008;RT 008 RW 003 DUSUN BUNIAGA
32151110050009;3215111;3215111005;111;005;0009;RT 009 RW 004 DUSUN WAGIR I
32151110050010;3215111;3215111005;111;005;0010;RT 010 RW 004 DUSUN WAGIR I
32151110050011;3215111;3215111005;111;005;0011;RT 011 RW 005 DUSUN WAGIR II
32151110050012;3215111;3215111005;111;005;0012;RT 012 RW 005 DUSUN WAGIR II
32151110050013;3215111;3215111005;111;005;0013;RT 067 RW 005 DUSUN WAGIR II
32151110050014;3215111;3215111005;111;005;0014;RT 013 RW 006 DUSUN WAGIR II
32151110050015;3215111;3215111005;111;005;0015;RT 014 RW 006 DUSUN WAGIR II
32151110050016;3215111;3215111005;111;005;0016;RT 015 RW 007 DUSUN TAMELANG
32151110050017;3215111;3215111005;111;005;0017;RT 016 RW 007 DUSUN TAMELANG
32151110050018;3215111;3215111005;111;005;0018;RT 017 RW 007 DUSUN TAMELANG
32151110050019;3215111;3215111005;111;005;0019;RT 018 RW 008 DUSUN CKM 07
32151110050020;3215111;3215111005;111;005;0020;RT 019 RW 008 DUSUN CKM 07
32151110050021;3215111;3215111005;111;005;0021;RT 020 RW 008 DUSUN CKM 07
32151110050022;3215111;3215111005;111;005;0022;RT 021 RW 008 DUSUN CKM 07
32151110050023;3215111;3215111005;111;005;0023;RT 022 RW 008 DUSUN CKM 07
32151110050024;3215111;3215111005;111;005;0024;RT 023 RW 008 DUSUN CKM 07
32151110050025;3215111;3215111005;111;005;0025;RT 055 RW 008 DUSUN CKM 07
32151110050026;3215111;3215111005;111;005;0026;RT 064 RW 008 DUSUN CKM 07
32151110050027;3215111;3215111005;111;005;0027;RT 065 RW 008 DUSUN CKM 07
32151110050028;3215111;3215111005;111;005;0028;RT 066 RW 008 DUSUN CKM 07
32151110050029;3215111;3215111005;111;005;0029;RT 024 RW 009 DUSUN CKM 07
32151110050030;3215111;3215111005;111;005;0030;RT 025 RW 009 DUSUN CKM 07
32151110050031;3215111;3215111005;111;005;0031;RT 026 RW 009 DUSUN CKM 07
32151110050032;3215111;3215111005;111;005;0032;RT 027 RW 009 DUSUN CKM 07
32151110050033;3215111;3215111005;111;005;0033;RT 028 RW 009 DUSUN CKM 07
32151110050034;3215111;3215111005;111;005;0034;RT 029 RW 010 DUSUN CKM 07
32151110050035;3215111;3215111005;111;005;0035;RT 030 RW 010 DUSUN CKM 07
32151110050036;3215111;3215111005;111;005;0036;RT 031 RW 010 DUSUN CKM 07
32151110050037;3215111;3215111005;111;005;0037;RT 032 RW 010 DUSUN CKM 07
32151110050038;3215111;3215111005;111;005;0038;RT 033 RW 011 DUSUN CKM 08
32151110050039;3215111;3215111005;111;005;0039;RT 034 RW 011 DUSUN CKM 08
32151110050040;3215111;3215111005;111;005;0040;RT 035 RW 011 DUSUN CKM 08
32151110050041;3215111;3215111005;111;005;0041;RT 036 RW 011 DUSUN CKM 08
32151110050042;3215111;3215111005;111;005;0042;RT 037 RW 011 DUSUN CKM 08
32151110050043;3215111;3215111005;111;005;0043;RT 057 RW 011 DUSUN CKM 08
32151110050044;3215111;3215111005;111;005;0044;RT 058 RW 011 DUSUN CKM 08
32151110050045;3215111;3215111005;111;005;0045;RT 059 RW 011 DUSUN CKM 08
32151110050046;3215111;3215111005;111;005;0046;RT 038 RW 012 DUSUN CKM 08
32151110050047;3215111;3215111005;111;005;0047;RT 039 RW 012 DUSUN CKM 08
32151110050048;3215111;3215111005;111;005;0048;RT 040 RW 012 DUSUN CKM 08
32151110050049;3215111;3215111005;111;005;0049;RT 041 RW 012 DUSUN CKM 08
32151110050050;3215111;3215111005;111;005;0050;RT 042 RW 012 DUSUN CKM 08
32151110050051;3215111;3215111005;111;005;0051;RT 046 RW 012 DUSUN CKM 08
32151110050052;3215111;3215111005;111;005;0052;RT 047 RW 012 DUSUN CKM 08
32151110050053;3215111;3215111005;111;005;0053;RT 060 RW 012 DUSUN CKM 08
32151110050054;3215111;3215111005;111;005;0054;RT 043 RW 014 DUSUN CKM 09
32151110050055;3215111;3215111005;111;005;0055;RT 044 RW 014 DUSUN CKM 09
32151110050056;3215111;3215111005;111;005;0056;RT 045 RW 014 DUSUN CKM 09
32151110050057;3215111;3215111005;111;005;0057;RT 048 RW 014 DUSUN CKM 09
32151110050058;3215111;3215111005;111;005;0058;RT 049 RW 014 DUSUN CKM 09
32151110050059;3215111;3215111005;111;005;0059;RT 050 RW 014 DUSUN CKM 09
32151110050060;3215111;3215111005;111;005;0060;RT 051 RW 014 DUSUN CKM 09
32151110050061;3215111;3215111005;111;005;0061;RT 052 RW 015 DUSUN CKM 09
32151110050062;3215111;3215111005;111;005;0062;RT 053 RW 015 DUSUN CKM 09
32151110050063;3215111;3215111005;111;005;0063;RT 054 RW 015 DUSUN CKM 09
32151110050064;3215111;3215111005;111;005;0064;RT 056 RW 015 DUSUN CKM 09
32151110050065;3215111;3215111005;111;005;0065;RT 061 RW 015 DUSUN CKM 09
32151110050066;3215111;3215111005;111;005;0066;RT 062 RW 015 DUSUN CKM 09
32151110050067;3215111;3215111005;111;005;0067;RT 063 RW 015 DUSUN CKM 09
32151110050068;3215111;3215111005;111;005;0068;RT 068 RW 013 DUSUN KRAJAN II
32151110050069;3215111;3215111005;111;005;0069;RT 069 RW 013 DUSUN KRAJAN II
32151110051001;3215111;3215111005;111;005;1001;SAWAH
32151110053002;3215111;3215111005;111;005;3002;LAHAN TERBUKA
32151110060001;3215111;3215111006;111;006;0001;RT 001 RW 001 DUSUN KARANGMULYA I
32151110060002;3215111;3215111006;111;006;0002;RT 002 RW 001 DUSUN KARANGMULYA I
32151110060003;3215111;3215111006;111;006;0003;RT 003 RW 002 DUSUN KARANGMULYA I
32151110060004;3215111;3215111006;111;006;0004;RT 004 RW 002 DUSUN KARANGMULYA I
32151110060005;3215111;3215111006;111;006;0005;RT 005 RW 002 DUSUN KARANGMULYA I
32151110060006;3215111;3215111006;111;006;0006;RT 006 RW 003 DUSUN KARANGMULYA II
32151110060007;3215111;3215111006;111;006;0007;RT 007 RW 003 DUSUN KARANGMULYA II
32151110060008;3215111;3215111006;111;006;0008;RT 008 RW 004 DUSUN KARANGMULYA II
32151110060009;3215111;3215111006;111;006;0009;RT 009 RW 004 DUSUN KARANGMULYA II
32151110060010;3215111;3215111006;111;006;0010;RT 010 RW 004 DUSUN KARANGMULYA II
32151110060011;3215111;3215111006;111;006;0011;RT 011 RW 005 DUSUN CIMIDER
32151110060012;3215111;3215111006;111;006;0012;RT 012 RW 005 DUSUN CIMIDER
32151110060013;3215111;3215111006;111;006;0013;RT 013 RW 005 DUSUN CIMIDER
32151110060014;3215111;3215111006;111;006;0014;RT 014 RW 006 DUSUN BELENDUNG
32151110060015;3215111;3215111006;111;006;0015;RT 015 RW 006 DUSUN BELENDUNG
32151110060016;3215111;3215111006;111;006;0016;RT 016 RW 007 DUSUN BELENDUNG
32151110060017;3215111;3215111006;111;006;0017;RT 017 RW 007 DUSUN BELENDUNG
32151110060018;3215111;3215111006;111;006;0018;RT 018 RW 008 DUSUN BABAKAN TAMIANG
32151110060019;3215111;3215111006;111;006;0019;RT 019 RW 009 PERUM SERASI INDAH
32151110060020;3215111;3215111006;111;006;0020;RT 020 RW 009 PERUM SERASI INDAH
32151110060021;3215111;3215111006;111;006;0021;RT 021 RW 009 PERUM SERASI INDAH
32151110060022;3215111;3215111006;111;006;0022;RT 022 RW 009 PERUM SERASI INDAH
32151110060023;3215111;3215111006;111;006;0023;RT 023 RW 009 PERUM SERASI INDAH
32151110060024;3215111;3215111006;111;006;0024;RT 024 RW 009 PERUM SERASI INDAH
32151110060025;3215111;3215111006;111;006;0025;RT 025 RW 009 PERUM SERASI INDAH
32151110060026;3215111;3215111006;111;006;0026;RT 026 RW 003 PERUM FRUIT GARDEN
32151110060027;3215111;3215111006;111;006;0027;RT 027 RW 007 DUSUN BELENDUNG
32151110060028;3215111;3215111006;111;006;0028;RT 028 RW 008 DUSUN BABAKAN TAMIANG
32151110060029;3215111;3215111006;111;006;0029;RT 029 RW 008 DUSUN BABAKAN TAMIANG
32151110060030;3215111;3215111006;111;006;0030;RT 030 RW 008 DUSUN BABAKAN TAMIANG
32151110060031;3215111;3215111006;111;006;0031;RT 031 RW 008 DUSUN BABAKAN TAMIANG
32151110060032;3215111;3215111006;111;006;0032;RT 032 RW 008 DUSUN BABAKAN TAMIANG
32151110060033;3215111;3215111006;111;006;0033;RT 033 RW 003 DUSUN KARANGMULYA 2
32151110060034;3215111;3215111006;111;006;0034;RT 034 RW 003 DUSUN KARANGMULYA 2
32151110061002;3215111;3215111006;111;006;1002;SAWAH
32151110061003;3215111;3215111006;111;006;1003;SAWAH
32151110070001;3215111;3215111007;111;007;0001;RT 001 RW 001 DUSUN KALIMULYA
32151110070002;3215111;3215111007;111;007;0002;RT 002 RW 001 DUSUN KALIMULYA
32151110070003;3215111;3215111007;111;007;0003;RT 003 RW 002 DUSUN KALIMULYA
32151110070004;3215111;3215111007;111;007;0004;RT 004 RW 002 DUSUN KALIMULYA
32151110070005;3215111;3215111007;111;007;0005;RT 005 RW 003 DUSUN KALIAREN
32151110070006;3215111;3215111007;111;007;0006;RT 006 RW 003 DUSUN KALIAREN
32151110070007;3215111;3215111007;111;007;0007;RT 007 RW 004 DUSUN KALIAREN
32151110070008;3215111;3215111007;111;007;0008;RT 008 RW 004 DUSUN KALIAREN
32151110070009;3215111;3215111007;111;007;0009;RT 009 RW 005 DUSUN CIMIDER
32151110070010;3215111;3215111007;111;007;0010;RT 010 RW 005 DUSUN CIMIDER
32151110070011;3215111;3215111007;111;007;0011;RT 011 RW 006 DUSUN CIMIDER
32151110070012;3215111;3215111007;111;007;0012;RT 012 RW 006 DUSUN CIMIDER
32151110070013;3215111;3215111007;111;007;0013;RT 013 RW 007 DUSUN PASIR BUAH
32151110070014;3215111;3215111007;111;007;0014;RT 014 RW 007 DUSUN PASIR BUAH
32151110070015;3215111;3215111007;111;007;0015;RT 015 RW 008 DUSUN PASIR BUAH
32151110070016;3215111;3215111007;111;007;0016;RT 016 RW 008 DUSUN PASIR BUAH
32151110071001;3215111;3215111007;111;007;1001;SAWAH
32151110071002;3215111;3215111007;111;007;1002;SAWAH
32151110071003;3215111;3215111007;111;007;1003;SAWAH
32151110071004;3215111;3215111007;111;007;1004;SAWAH
32151110071005;3215111;3215111007;111;007;1005;SAWAH
32151110071006;3215111;3215111007;111;007;1006;SAWAH
32151110071007;3215111;3215111007;111;007;1007;SAWAH
32151120010001;3215112;3215112001;112;001;0001;RT 001 RW 001
32151120010002;3215112;3215112001;112;001;0002;RT 002 RW 001
32151120010003;3215112;3215112001;112;001;0003;RT 001 RW 002
32151120010004;3215112;3215112001;112;001;0004;RT 002 RW 002
32151120010005;3215112;3215112001;112;001;0005;RT 001 RW 003
32151120010006;3215112;3215112001;112;001;0006;RT 002 RW 003
32151120010007;3215112;3215112001;112;001;0007;RT 003 RW 003
32151120010008;3215112;3215112001;112;001;0008;RT 004 RW 003
32151120010009;3215112;3215112001;112;001;0009;RT 001 RW 004
32151120010010;3215112;3215112001;112;001;0010;RT 002 RW 004
32151120010011;3215112;3215112001;112;001;0011;RT 003 RW 004
32151120010012;3215112;3215112001;112;001;0012;RT 001 RW 005
32151120010013;3215112;3215112001;112;001;0013;RT 002 RW 005
32151120010014;3215112;3215112001;112;001;0014;RT 003 RW 005
32151120010015;3215112;3215112001;112;001;0015;RT 001 RW 006
32151120010016;3215112;3215112001;112;001;0016;RT 002 RW 006
32151120010017;3215112;3215112001;112;001;0017;RT 003 RW 006
32151120010018;3215112;3215112001;112;001;0018;RT 001 RW 007
32151120010019;3215112;3215112001;112;001;0019;RT 002 RW 007
32151120010020;3215112;3215112001;112;001;0020;RT 003 RW 007
32151120010021;3215112;3215112001;112;001;0021;RT 001 RW 008
32151120010022;3215112;3215112001;112;001;0022;RT 002 RW 008
32151120010023;3215112;3215112001;112;001;0023;RT 001 RW 009
32151120010024;3215112;3215112001;112;001;0024;RT 002 RW 009
32151120010025;3215112;3215112001;112;001;0025;RT 003 RW 009
32151120010026;3215112;3215112001;112;001;0026;RT 004 RW 009
32151120010027;3215112;3215112001;112;001;0027;RT 001 RW 010
32151120010028;3215112;3215112001;112;001;0028;RT 002 RW 010
32151120010029;3215112;3215112001;112;001;0029;RT 003 RW 010
32151120010030;3215112;3215112001;112;001;0030;RT 001 RW 011
32151120010031;3215112;3215112001;112;001;0031;RT 002 RW 011
32151120010032;3215112;3215112001;112;001;0032;RT 003 RW 011
32151120010033;3215112;3215112001;112;001;0033;RT 001 RW 012
32151120010034;3215112;3215112001;112;001;0034;RT 002 RW 012
32151120010035;3215112;3215112001;112;001;0035;RT 003 RW 012
32151120010036;3215112;3215112001;112;001;0036;RT 004 RW 012
32151120010037;3215112;3215112001;112;001;0037;RT 001 RW 013
32151120010038;3215112;3215112001;112;001;0038;RT 002 RW 013
32151120010039;3215112;3215112001;112;001;0039;RT 003 RW 013
32151120010040;3215112;3215112001;112;001;0040;RT 004 RW 013
32151120010041;3215112;3215112001;112;001;0041;RT 005 RW 013
32151120010042;3215112;3215112001;112;001;0042;RT 006 RW 013
32151120010043;3215112;3215112001;112;001;0043;RT 001 RW 014 PERUM BUMI ADIARSA INDAH
32151120010044;3215112;3215112001;112;001;0044;RT 002 RW 014
32151120010045;3215112;3215112001;112;001;0045;RT 003 RW 014
32151120010046;3215112;3215112001;112;001;0046;RT 001 RW 015
32151120010047;3215112;3215112001;112;001;0047;RT 002 RW 015
32151120010048;3215112;3215112001;112;001;0048;RT 004 RW 014 PERUM BUMI ADIARSA INDAH
32151120020001;3215112;3215112002;112;002;0001;RT 001 RW 001
32151120020002;3215112;3215112002;112;002;0002;RT 002 RW 001
32151120020003;3215112;3215112002;112;002;0003;RT 003 RW 001
32151120020004;3215112;3215112002;112;002;0004;RT 004 RW 002
32151120020005;3215112;3215112002;112;002;0005;RT 005 RW 002
32151120020006;3215112;3215112002;112;002;0006;RT 006 RW 002
32151120020007;3215112;3215112002;112;002;0007;RT 007 RW 002
32151120020008;3215112;3215112002;112;002;0008;RT 008 RW 002
32151120020009;3215112;3215112002;112;002;0009;RT 009 RW 002
32151120020010;3215112;3215112002;112;002;0010;RT 010 RW 003
32151120020011;3215112;3215112002;112;002;0011;RT 011 RW 003
32151120020012;3215112;3215112002;112;002;0012;RT 012 RW 003
32151120020013;3215112;3215112002;112;002;0013;RT 013 RW 003
32151120020014;3215112;3215112002;112;002;0014;RT 014 RW 004
32151120020015;3215112;3215112002;112;002;0015;RT 015 RW 004
32151120020016;3215112;3215112002;112;002;0016;RT 016 RW 004
32151120020017;3215112;3215112002;112;002;0017;RT 017 RW 004
32151120020018;3215112;3215112002;112;002;0018;RT 018 RW 005
32151120020019;3215112;3215112002;112;002;0019;RT 019 RW 005
32151120020020;3215112;3215112002;112;002;0020;RT 020 RW 005
32151120020021;3215112;3215112002;112;002;0021;RT 021 RW 005
32151120020022;3215112;3215112002;112;002;0022;RT 022 RW 005
32151120020023;3215112;3215112002;112;002;0023;RT 023 RW 006
32151120020024;3215112;3215112002;112;002;0024;RT 024 RW 006
32151120020025;3215112;3215112002;112;002;0025;RT 025 RW 006
32151120020026;3215112;3215112002;112;002;0026;RT 026 RW 006
32151120020027;3215112;3215112002;112;002;0027;RT 027 RW 006
32151120020028;3215112;3215112002;112;002;0028;RT 028 RW 001
32151120020029;3215112;3215112002;112;002;0029;RT 029 RW 001
32151120020030;3215112;3215112002;112;002;0030;RT 030 RW 001
32151120020031;3215112;3215112002;112;002;0031;RT 031 RW 001
32151120020032;3215112;3215112002;112;002;0032;RT 032 RW 001
32151120020033;3215112;3215112002;112;002;0033;RT 033 RW 001
32151120020034;3215112;3215112002;112;002;0034;RT 034 RW 003
32151120020035;3215112;3215112002;112;002;0035;RT 035 RW 003
32151120030001;3215112;3215112003;112;003;0001;RT 001 RW 001
32151120030002;3215112;3215112003;112;003;0002;RT 002 RW 001
32151120030003;3215112;3215112003;112;003;0003;RT 003 RW 002
32151120030004;3215112;3215112003;112;003;0004;RT 004 RW 002
32151120030005;3215112;3215112003;112;003;0005;RT 005 RW 002
32151120030006;3215112;3215112003;112;003;0006;RT 006 RW 003
32151120030007;3215112;3215112003;112;003;0007;RT 007 RW 003
32151120030008;3215112;3215112003;112;003;0008;RT 008 RW 004
32151120030009;3215112;3215112003;112;003;0009;RT 009 RW 004
32151120030010;3215112;3215112003;112;003;0010;RT 010 RW 004
32151120030011;3215112;3215112003;112;003;0011;RT 011 RW 005
32151120030012;3215112;3215112003;112;003;0012;RT 012 RW 005
32151120030013;3215112;3215112003;112;003;0013;RT 013 RW 006
32151120030014;3215112;3215112003;112;003;0014;RT 014 RW 006
32151120030015;3215112;3215112003;112;003;0015;RT 015 RW 007
32151120030016;3215112;3215112003;112;003;0016;RT 016 RW 007
32151120030017;3215112;3215112003;112;003;0017;RT 017 RW 007
32151120030018;3215112;3215112003;112;003;0018;RT 018 RW 007
32151120030019;3215112;3215112003;112;003;0019;RT 019 RW 007
32151120030020;3215112;3215112003;112;003;0020;RT 020 RW 007
32151120030021;3215112;3215112003;112;003;0021;RT 021 RW 007
32151120030022;3215112;3215112003;112;003;0022;RT 022 RW 008
32151120030023;3215112;3215112003;112;003;0023;RT 023 RW 008
32151120030024;3215112;3215112003;112;003;0024;RT 024 RW 008
32151120030025;3215112;3215112003;112;003;0025;RT 025 RW 010
32151120030026;3215112;3215112003;112;003;0026;RT 026 RW 010
32151120030027;3215112;3215112003;112;003;0027;RT 027 RW 010
32151120030028;3215112;3215112003;112;003;0028;RT 028 RW 007
32151120030029;3215112;3215112003;112;003;0029;RT 029 RW 009
32151120030030;3215112;3215112003;112;003;0030;RT 030 RW 006
32151120030031;3215112;3215112003;112;003;0031;RT 031 RW 007
32151120030032;3215112;3215112003;112;003;0032;RT 032 RW 011
32151120030033;3215112;3215112003;112;003;0033;RT 033 RW 011
32151120030034;3215112;3215112003;112;003;0034;RT 034 RW 009
32151120030035;3215112;3215112003;112;003;0035;RT 035 RW 009
32151120030036;3215112;3215112003;112;003;0036;RT 036 RW 007
32151120030037;3215112;3215112003;112;003;0037;RT 037 RW 006
32151120030038;3215112;3215112003;112;003;0038;RT 038 RW 009
32151120030039;3215112;3215112003;112;003;0039;RT 039 RW 009
32151120030040;3215112;3215112003;112;003;0040;RT 040 RW 007
32151120030041;3215112;3215112003;112;003;0041;RT 041 RW 012
32151120030042;3215112;3215112003;112;003;0042;RT 042 RW 013
32151120030043;3215112;3215112003;112;003;0043;RT 043 RW 013
32151120030044;3215112;3215112003;112;003;0044;RT 044 RW 013
32151120030045;3215112;3215112003;112;003;0045;RT 045 RW 013
32151120030046;3215112;3215112003;112;003;0046;RT 046 RW 009
32151120030047;3215112;3215112003;112;003;0047;RT 047 RW 009
32151120030048;3215112;3215112003;112;003;0048;RT 048 RW 006
32151120030049;3215112;3215112003;112;003;0049;RT 049 RW 012
32151120030050;3215112;3215112003;112;003;0050;RT 050 RW 012
32151120030051;3215112;3215112003;112;003;0051;RT 051 RW 013
32151120030052;3215112;3215112003;112;003;0052;RT 052 RW 009
32151120030053;3215112;3215112003;112;003;0053;RT 053 RW 009
32151120030054;3215112;3215112003;112;003;0054;RT 054 RW 006
32151120030055;3215112;3215112003;112;003;0055;RT 055 RW 008
32151120030056;3215112;3215112003;112;003;0056;RT 056 RW 013
32151120030057;3215112;3215112003;112;003;0057;RT 057 RW 006
32151120030058;3215112;3215112003;112;003;0058;RT 058 RW 009
32151120030059;3215112;3215112003;112;003;0059;RT 059 RW 009
32151120030060;3215112;3215112003;112;003;0060;RT 060 RW 009
32151120030061;3215112;3215112003;112;003;0061;RT 062 RW 014
32151120030062;3215112;3215112003;112;003;0062;RT 063 RW 001
32151120030063;3215112;3215112003;112;003;0063;RT 064 RW 001
32151120030064;3215112;3215112003;112;003;0064;RT 065 RW 001
32151120030065;3215112;3215112003;112;003;0065;RT 066 RW 014
32151120030066;3215112;3215112003;112;003;0066;RT 067 RW 005
32151120030067;3215112;3215112003;112;003;0067;RT 068 RW 005
32151120030068;3215112;3215112003;112;003;0068;RT 069 RW 005
32151120030069;3215112;3215112003;112;003;0069;RT 061 RW 014
32151120030070;3215112;3215112003;112;003;0070;RT 070 RW 006
32151120030071;3215112;3215112003;112;003;0071;RT071 RW 005 BUMI ADIARSA INDAH
32151120030072;3215112;3215112003;112;003;0072;RT 072 RW 014 PERUM BUANA TAMANSARI RAYA 2
32151120030073;3215112;3215112003;112;003;0073;RT 073 RW 006 SAUNG RIUNG
32151120030074;3215112;3215112003;112;003;0074;RT 074 RW 006 SAUNG RIUNG
32151120030075;3215112;3215112003;112;003;0075;RT 075 RW 006
32151120040001;3215112;3215112004;112;004;0001;RT 001 RW 001
32151120040002;3215112;3215112004;112;004;0002;RT 002 RW 001
32151120040003;3215112;3215112004;112;004;0003;RT 003 RW 001
32151120040004;3215112;3215112004;112;004;0004;RT 004 RW 001
32151120040005;3215112;3215112004;112;004;0005;RT 005 RW 001
32151120040006;3215112;3215112004;112;004;0006;RT 006 RW 002
32151120040007;3215112;3215112004;112;004;0007;RT 007 RW 002
32151120040008;3215112;3215112004;112;004;0008;RT 008 RW 002
32151120040009;3215112;3215112004;112;004;0009;RT 009 RW 002
32151120040010;3215112;3215112004;112;004;0010;RT 010 RW 002
32151120040011;3215112;3215112004;112;004;0011;RT 011 RW 003
32151120040012;3215112;3215112004;112;004;0012;RT 012 RW 003
32151120040013;3215112;3215112004;112;004;0013;RT 013 RW 003
32151120040014;3215112;3215112004;112;004;0014;RT 014 RW 003
32151120040015;3215112;3215112004;112;004;0015;RT 015 RW 003
32151120040016;3215112;3215112004;112;004;0016;RT 016 RW 004
32151120040017;3215112;3215112004;112;004;0017;RT 017 RW 004
32151120040018;3215112;3215112004;112;004;0018;RT 018 RW 004
32151120040019;3215112;3215112004;112;004;0019;RT 019 RW 004
32151120040020;3215112;3215112004;112;004;0020;RT 020 RW 004
32151120040021;3215112;3215112004;112;004;0021;RT 021 RW 005
32151120040022;3215112;3215112004;112;004;0022;RT 022 RW 005
32151120040023;3215112;3215112004;112;004;0023;RT 023 RW 005
32151120040024;3215112;3215112004;112;004;0024;RT 024 RW 005
32151120040025;3215112;3215112004;112;004;0025;RT 025 RW 006
32151120040026;3215112;3215112004;112;004;0026;RT 026 RW 006
32151120040027;3215112;3215112004;112;004;0027;RT 027 RW 006
32151120040028;3215112;3215112004;112;004;0028;RT 028 RW 003
32151120040029;3215112;3215112004;112;004;0029;RT 029 RW 003
32151120040030;3215112;3215112004;112;004;0030;RT 030 RW 003
32151120040031;3215112;3215112004;112;004;0031;RT 031 RW 003
32151120040032;3215112;3215112004;112;004;0032;RT 032 RW 003
32151120040033;3215112;3215112004;112;004;0033;RT 033 RW 003
32151120040034;3215112;3215112004;112;004;0034;RT 034 RW 003
32151120040035;3215112;3215112004;112;004;0035;RT 035 RW 003
32151120040036;3215112;3215112004;112;004;0036;RT 36 RW 006
32151120040037;3215112;3215112004;112;004;0037;RT 037 RW 006
32151120040038;3215112;3215112004;112;004;0038;RT 038 RW 006
32151120041001;3215112;3215112004;112;004;1001;SAWAH
32151120041002;3215112;3215112004;112;004;1002;SAWAH
32151120041003;3215112;3215112004;112;004;1003;SAWAH
32151120041004;3215112;3215112004;112;004;1004;SAWAH
32151120041005;3215112;3215112004;112;004;1005;SAWAH
32151120041006;3215112;3215112004;112;004;1006;SAWAH
32151120041007;3215112;3215112004;112;004;1007;SAWAH
32151120041008;3215112;3215112004;112;004;1008;SAWAH
32151120050001;3215112;3215112005;112;005;0001;RT 001 RW 001
32151120050002;3215112;3215112005;112;005;0002;RT 002 RW 001
32151120050003;3215112;3215112005;112;005;0003;RT 001 RW 002
32151120050004;3215112;3215112005;112;005;0004;RT 002 RW 002
32151120050005;3215112;3215112005;112;005;0005;RT 003 RW 002
32151120050006;3215112;3215112005;112;005;0006;RT 004 RW 002
32151120050007;3215112;3215112005;112;005;0007;RT 001 RW 003
32151120050008;3215112;3215112005;112;005;0008;RT 002 RW 003
32151120050009;3215112;3215112005;112;005;0009;RT 003 RW 003
32151120050010;3215112;3215112005;112;005;0010;RT 001 RW 004
32151120050011;3215112;3215112005;112;005;0011;RT 002 RW 004
32151120050012;3215112;3215112005;112;005;0012;RT 003 RW 004
32151120050013;3215112;3215112005;112;005;0013;RT 002 RW 005
32151120050014;3215112;3215112005;112;005;0014;RT 003 RW 005
32151120050015;3215112;3215112005;112;005;0015;RT 004 RW 005
32151120050016;3215112;3215112005;112;005;0016;RT 001 RW 006
32151120050017;3215112;3215112005;112;005;0017;RT 003 RW 006
32151120050018;3215112;3215112005;112;005;0018;RT 004 RW 006
32151120050020;3215112;3215112005;112;005;0020;RT 001 RW 007
32151120050021;3215112;3215112005;112;005;0021;RT 002 RW 007
32151120050022;3215112;3215112005;112;005;0022;RT 003 RW 007
32151120050023;3215112;3215112005;112;005;0023;RT 004 RW 007
32151120050024;3215112;3215112005;112;005;0024;RT 001 RW 008
32151120050025;3215112;3215112005;112;005;0025;RT 002 RW 008
32151120050026;3215112;3215112005;112;005;0026;RT 003 RW 008
32151120050027;3215112;3215112005;112;005;0027;RT 001 RW 009
32151120050028;3215112;3215112005;112;005;0028;RT 002 RW 009
32151120050029;3215112;3215112005;112;005;0029;RT 003 RW 009
32151120050030;3215112;3215112005;112;005;0030;RT 001 RW 010
32151120050031;3215112;3215112005;112;005;0031;RT 002 RW 010
32151120050032;3215112;3215112005;112;005;0032;RT 003 RW 010
32151120050033;3215112;3215112005;112;005;0033;RT 001 RW 011
32151120050034;3215112;3215112005;112;005;0034;RT 002 RW 011
32151120050035;3215112;3215112005;112;005;0035;RT 003 RW 011
32151120050036;3215112;3215112005;112;005;0036;RT 001 RW 012
32151120050037;3215112;3215112005;112;005;0037;RT 007 RW 012
32151120050038;3215112;3215112005;112;005;0038;RT 008 RW 012
32151120050039;3215112;3215112005;112;005;0039;RT 002 RW 013
32151120050040;3215112;3215112005;112;005;0040;RT 003 RW 013
32151120050041;3215112;3215112005;112;005;0041;RT 004 RW 013
32151120050042;3215112;3215112005;112;005;0042;RT 001 RW 014
32151120050043;3215112;3215112005;112;005;0043;RT 002 RW 014
32151120050044;3215112;3215112005;112;005;0044;RT 003 RW 014
32151120050045;3215112;3215112005;112;005;0045;RT 001 RW 015
32151120050046;3215112;3215112005;112;005;0046;RT 002 RW 015
32151120050047;3215112;3215112005;112;005;0047;RT 003 RW 015
32151120050048;3215112;3215112005;112;005;0048;RT 004 RW 015
32151120050049;3215112;3215112005;112;005;0049;RT 002 RW 016
32151120050050;3215112;3215112005;112;005;0050;RT 003 RW 016
32151120050051;3215112;3215112005;112;005;0051;RT 004 RW 016
32151120050052;3215112;3215112005;112;005;0052;RT 005 RW 016
32151120050053;3215112;3215112005;112;005;0053;RT 001 RW 017
32151120050054;3215112;3215112005;112;005;0054;RT 002 RW 017
32151120050055;3215112;3215112005;112;005;0055;RT 003 RW 017
32151120050056;3215112;3215112005;112;005;0056;RT 005 RW 017
32151120050057;3215112;3215112005;112;005;0057;RT 001 RW 018
32151120050058;3215112;3215112005;112;005;0058;RT 002 RW 018
32151120050059;3215112;3215112005;112;005;0059;RT 003 RW 018
32151120050060;3215112;3215112005;112;005;0060;RT 004 RW 018
32151120050061;3215112;3215112005;112;005;0061;RT 005 RW 018
32151120050062;3215112;3215112005;112;005;0062;RT 006 RW 018
32151120050063;3215112;3215112005;112;005;0063;RT 001 RW 019
32151120050064;3215112;3215112005;112;005;0064;RT 002 RW 019
32151120050065;3215112;3215112005;112;005;0065;RT 003 RW 019
32151120050066;3215112;3215112005;112;005;0066;RT 004 RW 019
32151120050067;3215112;3215112005;112;005;0067;RT 005 RW 019
32151120050068;3215112;3215112005;112;005;0068;RT 001 RW 020
32151120050069;3215112;3215112005;112;005;0069;RT 002 RW 020
32151120050070;3215112;3215112005;112;005;0070;RT 003 RW 020
32151120050071;3215112;3215112005;112;005;0071;RT 004 RW 020
32151120050072;3215112;3215112005;112;005;0072;RT 005 RW 020
32151120050073;3215112;3215112005;112;005;0073;RT 006 RW 020
32151120050074;3215112;3215112005;112;005;0074;RT 001 RW 021
32151120050075;3215112;3215112005;112;005;0075;RT 002 RW 021
32151120050076;3215112;3215112005;112;005;0076;RT 003 RW 021
32151120050077;3215112;3215112005;112;005;0077;RT 001 RW 022
32151120050078;3215112;3215112005;112;005;0078;RT 002 RW 022
32151120050079;3215112;3215112005;112;005;0079;RT 004 RW 022
32151120050080;3215112;3215112005;112;005;0080;RT 002 RW 023
32151120050081;3215112;3215112005;112;005;0081;RT 003 RW 023
32151120050082;3215112;3215112005;112;005;0082;RT 004 RW 023
32151120050083;3215112;3215112005;112;005;0083;RT 005 RW 023
32151120050084;3215112;3215112005;112;005;0084;RT 006 RW 023
32151120050085;3215112;3215112005;112;005;0085;RT 001 RW 024
32151120050086;3215112;3215112005;112;005;0086;RT 003 RW 024
32151120050087;3215112;3215112005;112;005;0087;RT 004 RW 024
32151120050088;3215112;3215112005;112;005;0088;RT 001 RW 025
32151120050089;3215112;3215112005;112;005;0089;RT 002 RW 025
32151120050090;3215112;3215112005;112;005;0090;RT 003 RW 025
32151120050091;3215112;3215112005;112;005;0091;RT 004 RW 025
32151120050092;3215112;3215112005;112;005;0092;RT 001 RW 026
32151120050093;3215112;3215112005;112;005;0093;RT 002 RW 026
32151120050094;3215112;3215112005;112;005;0094;RT 003 RW 026
32151120050095;3215112;3215112005;112;005;0095;RT 004 RW 026
32151120050096;3215112;3215112005;112;005;0096;RT 005 RW 026
32151120050097;3215112;3215112005;112;005;0097;RT 001 RW 027
32151120050098;3215112;3215112005;112;005;0098;RT 002 RW 027
32151120050099;3215112;3215112005;112;005;0099;RT 003 RW 027
32151120050100;3215112;3215112005;112;005;0100;RT 004 RW 027
32151120050101;3215112;3215112005;112;005;0101;RT 001 RW 028
32151120050102;3215112;3215112005;112;005;0102;RT 002 RW 028
32151120050103;3215112;3215112005;112;005;0103;RT 003 RW 028
32151120050104;3215112;3215112005;112;005;0104;RT 004 RW 028
32151120050105;3215112;3215112005;112;005;0105;RT 005 RW 028
32151120050106;3215112;3215112005;112;005;0106;RT 001 RW 029
32151120050107;3215112;3215112005;112;005;0107;RT 002 RW 029
32151120050108;3215112;3215112005;112;005;0108;RT 003 RW 029
32151120050109;3215112;3215112005;112;005;0109;RT 004 RW 029
32151120050110;3215112;3215112005;112;005;0110;RT 005 RW 029
32151120050111;3215112;3215112005;112;005;0111;RT 006 RW 029
32151120050112;3215112;3215112005;112;005;0112;RT 001 RW 030
32151120050113;3215112;3215112005;112;005;0113;RT 002 RW 030
32151120050114;3215112;3215112005;112;005;0114;RT 003 RW 030
32151120050115;3215112;3215112005;112;005;0115;RT 001 RW 031
32151120050116;3215112;3215112005;112;005;0116;RT 002 RW 031
32151120050117;3215112;3215112005;112;005;0117;RT 003 RW 031
32151120050118;3215112;3215112005;112;005;0118;RT 004 RW 031
32151120050119;3215112;3215112005;112;005;0119;RT 001 RW 032
32151120050120;3215112;3215112005;112;005;0120;RT 002 RW 032
32151120050121;3215112;3215112005;112;005;0121;RT 004 RW 017
32151120050122;3215112;3215112005;112;005;0122;RT 004 RW 014
32151120050123;3215112;3215112005;112;005;0123;RT 005 RW 014
32151120050124;3215112;3215112005;112;005;0124;RT 001 RW 016 JOHAR
32151120050125;3215112;3215112005;112;005;0125;RT 007 RW 020 PERUM ARSA RESIDENT
32151120060001;3215112;3215112006;112;006;0001;RT 001 RW 001 LINGKUNGAN PUNDONG
32151120060002;3215112;3215112006;112;006;0002;RT 002 RW 001 LINGKUNGAN PUNDONG
32151120060003;3215112;3215112006;112;006;0003;RT 003 RW 001 LINGKUNGAN PUNDONG
32151120060004;3215112;3215112006;112;006;0004;RT 001 RW 002 LINGKUNGAN PUNDONG
32151120060005;3215112;3215112006;112;006;0005;RT 002 RW 002 LINGKUNGAN PUNDONG
32151120060006;3215112;3215112006;112;006;0006;RT 003 RW 002 LINGKUNGAN PUNDONG
32151120060007;3215112;3215112006;112;006;0007;RT 001 RW 003 LINGKUNGAN PUNDONG
32151120060008;3215112;3215112006;112;006;0008;RT 002 RW 003 LINGKUNGAN PUNDONG
32151120060009;3215112;3215112006;112;006;0009;RT 003 RW 003 LINGKUNGAN PUNDONG
32151120060010;3215112;3215112006;112;006;0010;RT 004 RW 003 LINGKUNGAN PUNDONG
32151120060011;3215112;3215112006;112;006;0011;RT 001 RW 004 LINGKUNGAN LAMARAN
32151120060012;3215112;3215112006;112;006;0012;RT 002 RW 004 LINGKUNGAN LAMARAN
32151120060013;3215112;3215112006;112;006;0013;RT 003 RW 004 LINGKUNGAN LAMARAN
32151120060014;3215112;3215112006;112;006;0014;RT 004 RW 004 LINGKUNGAN LAMARAN
32151120060015;3215112;3215112006;112;006;0015;RT 001 RW 005 LINGKUNGAN LAMARAN
32151120060016;3215112;3215112006;112;006;0016;RT 002 RW 005 LINGKUNGAN LAMARAN
32151120060017;3215112;3215112006;112;006;0017;RT 003 RW 005 LINGKUNGAN LAMARAN
32151120060018;3215112;3215112006;112;006;0018;RT 004 RW 005 LINGKUNGAN LAMARAN
32151120060019;3215112;3215112006;112;006;0019;RT 001 RW 006 LINGKUNGAN LAMARAN
32151120060020;3215112;3215112006;112;006;0020;RT 002 RW 006 LINGKUNGAN LAMARAN
32151120060021;3215112;3215112006;112;006;0021;RT 003 RW 006 LINGKUNGAN LAMARAN
32151120060022;3215112;3215112006;112;006;0022;RT 004 RW 006 LINGKUNGAN LAMARAN
32151120060023;3215112;3215112006;112;006;0023;RT 001 RW 007 LINGKUNGAN KRAJAN
32151120060024;3215112;3215112006;112;006;0024;RT 002 RW 007 LINGKUNGAN KRAJAN
32151120060025;3215112;3215112006;112;006;0025;RT 003 RW 007 LINGKUNGAN KRAJAN
32151120060026;3215112;3215112006;112;006;0026;RT 001 RW 008 LINGKUNGAN KRAJAN
32151120060027;3215112;3215112006;112;006;0027;RT 002 RW 008 LINGKUNGAN KRAJAN
32151120060028;3215112;3215112006;112;006;0028;RT 003 RW 008 LINGKUNGAN KRAJAN
32151120060029;3215112;3215112006;112;006;0029;RT 001 RW 009 LINGKUNGAN KRAJAN
32151120060030;3215112;3215112006;112;006;0030;RT 002 RW 009 LINGKUNGAN KRAJAN
32151120060031;3215112;3215112006;112;006;0031;RT 003 RW 009 LINGKUNGAN KRAJAN
32151120060032;3215112;3215112006;112;006;0032;RT 004 RW 009 LINGKUNGAN KRAJAN
32151120060033;3215112;3215112006;112;006;0033;RT 001 RW 010 LINGKUNGAN KAREES
32151120060034;3215112;3215112006;112;006;0034;RT 002 RW 010 LINGKUNGAN KAREES
32151120060035;3215112;3215112006;112;006;0035;RT 003 RW 010 LINGKUNGAN KAREES
32151120060036;3215112;3215112006;112;006;0036;RT 001 RW 011 LINGKUNGAN KAREES
32151120060037;3215112;3215112006;112;006;0037;RT 002 RW 011 LINGKUNGAN KAREES
32151120060038;3215112;3215112006;112;006;0038;RT 003 RW 011 LINGKUNGAN KAREES
32151120060039;3215112;3215112006;112;006;0039;RT 001 RW 012 LINGKUNGAN KAREES
32151120060040;3215112;3215112006;112;006;0040;RT 002 RW 012 LINGKUNGAN KAREES
32151120060041;3215112;3215112006;112;006;0041;RT 003 RW 012 LINGKUNGAN KAREES
32151120060042;3215112;3215112006;112;006;0042;RT 001 RW 013
32151120060043;3215112;3215112006;112;006;0043;RT 002 RW 013 LINGKUNGAN
32151120060044;3215112;3215112006;112;006;0044;RT 003 RW 013 LINGKUNGAN
32151120060045;3215112;3215112006;112;006;0045;RT 001 RW 014 LINGKUNGAN
32151120060046;3215112;3215112006;112;006;0046;RT 002 RW 014 LINGKUNGAN
32151120060047;3215112;3215112006;112;006;0047;RT 003 RW 014 LINGKUNGAN
32151120060048;3215112;3215112006;112;006;0048;RT 004 RW 014 LINGKUNGAN
32151120060049;3215112;3215112006;112;006;0049;RT 001 RW 015 LINGKUNGAN RAWABAGI
32151120060050;3215112;3215112006;112;006;0050;RT 002 RW 015 LINGKUNGAN RAWABAGI
32151120060051;3215112;3215112006;112;006;0051;RT 003 RW 015 LINGKUNGAN RAWABAGI
32151120060052;3215112;3215112006;112;006;0052;RT 004 RW 015 LINGKUNGAN RAWABAGI
32151120060053;3215112;3215112006;112;006;0053;RT 001 RW 016 LINGKUNGAN RAWABAGI
32151120060054;3215112;3215112006;112;006;0054;RT 002 RW 016 LINGKUNGAN RAWABAGI
32151120060055;3215112;3215112006;112;006;0055;RT 003 RW 016 LINGKUNGAN RAWABAGI
32151120060056;3215112;3215112006;112;006;0056;RT 004 RW 016 LINGKUNGAN RAWABAGI
32151120060057;3215112;3215112006;112;006;0057;RT 001 RW 017 LINGKUNGAN PERUM BUANA ASRI
32151120060058;3215112;3215112006;112;006;0058;RT 002 RW 017 LINGKUNGAN PERUM BUANA ASRI
32151120060059;3215112;3215112006;112;006;0059;RT 003 RW 017 LINGKUNGAN PERUM BUANA ASRI
32151120060060;3215112;3215112006;112;006;0060;RT 004 RW 017 LINGKUNGAN PERUM BUANA ASRI
32151120060061;3215112;3215112006;112;006;0061;RT 005 RW 017 LINGKUNGAN PERUM BUANA ASRI
32151120060062;3215112;3215112006;112;006;0062;RT 006 RW 017 LINGKUNGAN PERUM BUANA ASRI
32151120060063;3215112;3215112006;112;006;0063;RT 007 RW 017 LINGKUNGAN PERUM BUANA ASRI
32151120060064;3215112;3215112006;112;006;0064;RT 008 RW 017 LINGKUNGAN PERUM BUANA ASRI
32151120060065;3215112;3215112006;112;006;0065;RT 009 RW 017 LINGKUNGAN PERUM BUANA ASRI
32151120060066;3215112;3215112006;112;006;0066;RT 010 RW 017 LINGKUNGAN PERUM BUANA ASRI
32151120060067;3215112;3215112006;112;006;0067;RT 001 RW 018 LINGKUNGAN PRM PALUMBONSARI ASRI
32151120060068;3215112;3215112006;112;006;0068;RT 002 RW 018 LINGKUNGAN PRM PALUMBONSARI ASRI
32151120060069;3215112;3215112006;112;006;0069;RT 003 RW 018 LINGKUNGAN PRM PALUMBONSARI ASRI
32151120060070;3215112;3215112006;112;006;0070;RT 001 RW 019 LINGKUNGAN PRM GRAND PERMATA
32151120060071;3215112;3215112006;112;006;0071;RT 002 RW 019 LINGKUNGAN PRM GRAND PERMATA
32151120060072;3215112;3215112006;112;006;0072;RT 003 RW 019 LINGKUNGAN PRM GRAND PERMATA
32151120060073;3215112;3215112006;112;006;0073;RT 004 RW 019 LINGKUNGAN PRM GRAND PERMATA
32151120060074;3215112;3215112006;112;006;0074;RT 005 RW 019 LINGKUNGAN PRM GRAND PERMATA
32151120060075;3215112;3215112006;112;006;0075;RT 006 RW 019 LINGKUNGAN PRM GRAND PERMATA
32151120060076;3215112;3215112006;112;006;0076;RT 007 RW 019 LINGKUNGAN PRM GRAND PERMATA
32151120060077;3215112;3215112006;112;006;0077;RT 008 RW 019 LINGKUNGAN PRM GRAND PERMATA
32151120060078;3215112;3215112006;112;006;0078;RT 009 RW 019 LINGKUNGAN PRM GRAND PERMATA
32151120060079;3215112;3215112006;112;006;0079;RT 001 RW 020 LINGKUNGAN PRM CLUSSTER MUTIARA
32151120060080;3215112;3215112006;112;006;0080;RT 002 RW 020 LINGKUNGAN PRM CLUSSTER MUTIARA
32151120060081;3215112;3215112006;112;006;0081;RT 003 RW 020 LINGKUNGAN PRM CLUSSTER MUTIARA
32151120060082;3215112;3215112006;112;006;0082;RT 004 RW 020 LINGKUNGAN PRM CLUSSTER MUTIARA
32151120060083;3215112;3215112006;112;006;0083;RT 005 RW 020 LINGKUNGAN PRM CLUSSTER MUTIARA
32151120060084;3215112;3215112006;112;006;0084;RT 006 RW 020 LINGKUNGAN PRM CLUSSTER MUTIARA
32151120060085;3215112;3215112006;112;006;0085;RT 007 RW 020 LINGKUNGAN PRM CLUSSTER MUTIARA
32151120060086;3215112;3215112006;112;006;0086;RT 008 RW 020 LINGKUNGAN PRM CLUSSTER MUTIARA
32151120060087;3215112;3215112006;112;006;0087;RT 001 RW 021 LINGKUNGAN PRM SARI INDAH
32151120060088;3215112;3215112006;112;006;0088;RT 002 RW 021 LINGKUNGAN PRM SARI INDAH
32151120060089;3215112;3215112006;112;006;0089;RT 003 RW 021 LINGKUNGAN PRM SARI INDAH
32151120060090;3215112;3215112006;112;006;0090;RT 001 RW 022 LINGKUNGAN PRM PERMATASARI INDAH
32151120060091;3215112;3215112006;112;006;0091;RT 002 RW 022 LINGKUNGAN PRM PERMATASARI INDAH
32151120060092;3215112;3215112006;112;006;0092;RT 003 RW 022 LINGKUNGAN PRM PERMATASARI INDAH
32151120060093;3215112;3215112006;112;006;0093;RT 004 RW 022 LINGKUNGAN PRM PERMATASARI INDAH
32151120060094;3215112;3215112006;112;006;0094;RT 005 RW 022 LINGKUNGAN PRM PERMATASARI INDAH
32151120060095;3215112;3215112006;112;006;0095;RT 006 RW 022 LINGKUNGAN PRM PERMATASARI INDAH
32151120060096;3215112;3215112006;112;006;0096;RT 001 RW 023 LINGKUNGAN PRM SARI INDAH
32151120060097;3215112;3215112006;112;006;0097;RT 002 RW 023 LINGKUNGAN PRM SARI INDAH
32151120060098;3215112;3215112006;112;006;0098;RT 003 RW 023 LINGKUNGAN PRM SARI INDAH
32151120060099;3215112;3215112006;112;006;0099;RT 001 RW 024 LINGKUNGAN PRM TAMAN PALUMBON ASRI
32151120060100;3215112;3215112006;112;006;0100;RT 002 RW 024 LINGKUNGAN PRM TAMAN PALUMBON ASRI
32151120060101;3215112;3215112006;112;006;0101;RT 003 RW 024 LINGKUNGAN PRM TAMAN PALUMBON ASRI
32151120060102;3215112;3215112006;112;006;0102;RT 004 RW 024 LINGKUNGAN PRM TAMAN PALUMBON ASRI
32151120060103;3215112;3215112006;112;006;0103;RT 005 RW 024 LINGKUNGAN PRM TAMAN PALUMBON ASRI
32151120060104;3215112;3215112006;112;006;0104;RT 006 RW 024 LINGKUNGAN PRM TAMAN PALUMBON ASRI
32151120060105;3215112;3215112006;112;006;0105;RT 007 RW 024 LINGKUNGAN PRM TAMAN PALUMBON ASRI
32151120060106;3215112;3215112006;112;006;0106;RT 001 RW 025 LINGKUNGAN PRM GREEN SIDE
32151120060107;3215112;3215112006;112;006;0107;RT 002 RW 025 LINGKUNGAN PRM GREEN SIDE
32151120060108;3215112;3215112006;112;006;0108;RT 003 RW 025 LINGKUNGAN PRM GREEN SIDE
32151120060109;3215112;3215112006;112;006;0109;RT 004 RW 025 LINGKUNGAN PRM GREEN SIDE
32151120060110;3215112;3215112006;112;006;0110;RT 005 RW 025 LINGKUNGAN PRM GREEN SIDE
32151120060111;3215112;3215112006;112;006;0111;RT 001 RW 026 LINGKUNGAN PRM NIERRA RESIDENCE
32151120060112;3215112;3215112006;112;006;0112;RT 002 RW 026 LINGKUNGAN PRM NIERRA RESIDENCE
32151120060113;3215112;3215112006;112;006;0113;RT 003 RW 026 LINGKUNGAN PRM NIERRA RESIDENCE
32151120060114;3215112;3215112006;112;006;0114;RT 005 RW 005 LINGKUNGAN PRM SHAFIRA RESIDENCE
32151120060115;3215112;3215112006;112;006;0115;RT 004 RW 012 LINGKUNGAN PRM D PALUMBON
32151120060116;3215112;3215112006;112;006;0116;RT 005 RW 014 LINGKUNGAN PRM PESONA PARAHYANGAN
32151120060117;3215112;3215112006;112;006;0117;RT 006 RW 014 LINGKUNGAN PRM PESONA PARAHYANGAN
32151120060118;3215112;3215112006;112;006;0118;RT 005 RW 016 LINGKUNGAN PERUM RATU CLUSTER
32151120060119;3215112;3215112006;112;006;0119;RT 005 RW 012 LINGKUNGAN TAMAN CEMARA ASRI
32151120061001;3215112;3215112006;112;006;1001;SAWAH
32151120061002;3215112;3215112006;112;006;1002;SAWAH
32151120070001;3215112;3215112007;112;007;0001;RT 001 RW 001
32151120070002;3215112;3215112007;112;007;0002;RT 002 RW 001
32151120070003;3215112;3215112007;112;007;0003;RT 003 RW 001
32151120070004;3215112;3215112007;112;007;0004;RT 004 RW 001
32151120070005;3215112;3215112007;112;007;0005;RT 005 RW 001
32151120070006;3215112;3215112007;112;007;0006;RT 006 RW 002
32151120070007;3215112;3215112007;112;007;0007;RT 007 RW 002
32151120070008;3215112;3215112007;112;007;0008;RT 008 RW 002
32151120070009;3215112;3215112007;112;007;0009;RT 009 RW 002
32151120070010;3215112;3215112007;112;007;0010;RT 010 RW 002
32151120070011;3215112;3215112007;112;007;0011;RT 011 RW 003
32151120070012;3215112;3215112007;112;007;0012;RT 012 RW 003
32151120070013;3215112;3215112007;112;007;0013;RT 013 RW 003
32151120070014;3215112;3215112007;112;007;0014;RT 014 RW 003
32151120070015;3215112;3215112007;112;007;0015;RT 015 RW 004
32151120070016;3215112;3215112007;112;007;0016;RT 016 RW 004
32151120070017;3215112;3215112007;112;007;0017;RT 017 RW 004
32151120070018;3215112;3215112007;112;007;0018;RT 018 RW 004
32151120070019;3215112;3215112007;112;007;0019;RT 019 RW 005
32151120070020;3215112;3215112007;112;007;0020;RT 020 RW 005
32151120070021;3215112;3215112007;112;007;0021;RT 021 RW 005
32151120070022;3215112;3215112007;112;007;0022;RT 022 RW 005
32151120070023;3215112;3215112007;112;007;0023;RT 023 RW 006
32151120070024;3215112;3215112007;112;007;0024;RT 024 RW 006
32151120070025;3215112;3215112007;112;007;0025;RT 025 RW 006
32151120070026;3215112;3215112007;112;007;0026;RT 026 RW 006
32151120070027;3215112;3215112007;112;007;0027;RT 027 RW 007
32151120070028;3215112;3215112007;112;007;0028;RT 028 RW 007
32151120070029;3215112;3215112007;112;007;0029;RT 029 RW 007
32151120070030;3215112;3215112007;112;007;0030;RT 030 RW 007
32151120070031;3215112;3215112007;112;007;0031;RT 031 RW 008
32151120070032;3215112;3215112007;112;007;0032;RT 032 RW 008
32151120070033;3215112;3215112007;112;007;0033;RT 033 RW 008
32151120070034;3215112;3215112007;112;007;0034;RT 034 RW 008
32151120070035;3215112;3215112007;112;007;0035;RT 035 RW 008
32151120070036;3215112;3215112007;112;007;0036;RT 036 RW 009
32151120070037;3215112;3215112007;112;007;0037;RT 037 RW 009
32151120070038;3215112;3215112007;112;007;0038;RT 038 RW 009
32151120070039;3215112;3215112007;112;007;0039;RT 039 RW 009
32151120071003;3215112;3215112007;112;007;1003;SAWAH
32151120071004;3215112;3215112007;112;007;1004;SAWAH
32151120071005;3215112;3215112007;112;007;1005;SAWAH
32151120071006;3215112;3215112007;112;007;1006;SAWAH
32151120071007;3215112;3215112007;112;007;1007;SAWAH
32151120071008;3215112;3215112007;112;007;1008;SAWAH
32151120080001;3215112;3215112008;112;008;0001;RT 001 RW 001 LINGKUNGAN KRAJAN 1
32151120080002;3215112;3215112008;112;008;0002;RT 002 RW 001 LINGKUNGAN KRAJAN 1
32151120080003;3215112;3215112008;112;008;0003;RT 003 RW 001 LINGKUNGAN KRAJAN 1
32151120080004;3215112;3215112008;112;008;0004;RT 004 RW 001 LINGKUNGAN KRAJAN 1
32151120080005;3215112;3215112008;112;008;0005;RT 001 RW 002 LINGKUNGAN KRAJAN II
32151120080006;3215112;3215112008;112;008;0006;RT 002 RW 002 LINGKUNGAN KRAJAN II
32151120080007;3215112;3215112008;112;008;0007;RT 003 RW 002 LINGKUNGAN KRAJAN II
32151120080008;3215112;3215112008;112;008;0008;RT 004 RW 002 LINGKUNGAN KRAJAN II
32151120080009;3215112;3215112008;112;008;0009;RT 001 RW 003 LINGKUNGAN KRAJAN III
32151120080010;3215112;3215112008;112;008;0010;RT 002 RW 003 LINGKUNGAN TANEUH BEUREUM
32151120080011;3215112;3215112008;112;008;0011;RT 003 RW 003 LINGKUNGAN TANEUH BEUREUM
32151120080012;3215112;3215112008;112;008;0012;RT 001 RW 004 LINGKUNGAN BOJONG LOA
32151120080013;3215112;3215112008;112;008;0013;RT 002 RW 004 LINGKUNGAN BOJONG LOA
32151120080014;3215112;3215112008;112;008;0014;RT 003 RW 004 LINGKUNGAN BOJONG LOA
32151120080015;3215112;3215112008;112;008;0015;RT 004 RW 004 LINGKUNGAN
32151120080016;3215112;3215112008;112;008;0016;RT 001 RW 005 LINGKUNGAN PERUM TEGAL MUTIARA
32151120080017;3215112;3215112008;112;008;0017;RT 002 RW 005 LINGKUNGAN PERUM TEGAL MUITIARA
32151120080018;3215112;3215112008;112;008;0018;RT 001 RW 006 LINGKUNGAN PERUM INDO ALAM
32151120080019;3215112;3215112008;112;008;0019;RT 002 RW 006 LINGKUNGAN PERUM INDO ALAM
32151120080020;3215112;3215112008;112;008;0020;RT 003 RW 006 LINGKUNGAN PERUM INDO ALAM
32151120080021;3215112;3215112008;112;008;0021;RT 001 RW 007 LINGKUNGAN PERUM TAMAN MANUNGGAL
32151120080022;3215112;3215112008;112;008;0022;RT 001 RW 008 LINGKUNGAN PERUM PALUMBON TESSA
32151120080023;3215112;3215112008;112;008;0023;RT 002 RW 008 LINGKUNGAN PERUM PALUMBON TESSA
32151120080024;3215112;3215112008;112;008;0024;RT 003 RW 008 LINGKUNGAN PERUM PALUMBON TESSA
32151120080025;3215112;3215112008;112;008;0025;RT 004 RW 008 LINGKUNGAN PERU MPALUMBON TESSA
32151120080026;3215112;3215112008;112;008;0026;RT 001 RW 009 LINGKUNGAN
32151120080027;3215112;3215112008;112;008;0027;RT 002 RW 007 LINGKUNGAN PERUM TAMAN MANUNGGAL
32151120080028;3215112;3215112008;112;008;0028;RT 05 RW 01 PERUMAHAN INDIRA RESIDENCE
32151120080029;3215112;3215112008;112;008;0029;RT 003 RW 007 PERUM GRIYA MANUNGGAL
32151120081001;3215112;3215112008;112;008;1001;WILAYAH PERTANIAN (SAWAH)
32151120081002;3215112;3215112008;112;008;1002;WILAYAH PERTANIAN (SAWAH)
32151120081003;3215112;3215112008;112;008;1003;WILAYAH PERTANIAN (SAWAH)
32151120081004;3215112;3215112008;112;008;1004;WILAYAH PERTANIAN (SAWAH)
32151120081005;3215112;3215112008;112;008;1005;WILAYAH PERTANIAN (SAWAH)
32151120081006;3215112;3215112008;112;008;1006;WILAYAH PERTANIAN (SAWAH)
32151120081007;3215112;3215112008;112;008;1007;WILAYAH PERTANIAN (SAWAH)
32151120081008;3215112;3215112008;112;008;1008;WILAYAH PERTANIAN (SAWAH)
32151120081009;3215112;3215112008;112;008;1009;WILAYAH PERTANIAN (SAWAH)
32151120081010;3215112;3215112008;112;008;1010;SAWAH
32151120081011;3215112;3215112008;112;008;1011;SAWAH
32151130010001;3215113;3215113001;113;001;0001;RT 001 RW 001
32151130010002;3215113;3215113001;113;001;0002;RT 002 RW 001
32151130010003;3215113;3215113001;113;001;0003;RT 003 RW 001
32151130010004;3215113;3215113001;113;001;0004;RT 001 RW 002
32151130010005;3215113;3215113001;113;001;0005;RT 002 RW 002
32151130010006;3215113;3215113001;113;001;0006;RT 003 RW 002
32151130010007;3215113;3215113001;113;001;0007;RT 001 RW 003
32151130010008;3215113;3215113001;113;001;0008;RT 002 RW 003
32151130010009;3215113;3215113001;113;001;0009;RT 003 RW 003
32151130010010;3215113;3215113001;113;001;0010;RT 001 RW 004
32151130010011;3215113;3215113001;113;001;0011;RT 002 RW 004
32151130010012;3215113;3215113001;113;001;0012;RT 003 RW 004
32151130010013;3215113;3215113001;113;001;0013;RT 001 RW 005
32151130010014;3215113;3215113001;113;001;0014;RT 002 RW 005
32151130010015;3215113;3215113001;113;001;0015;RT 001 RW 006
32151130010016;3215113;3215113001;113;001;0016;RT 002 RW 006
32151130010017;3215113;3215113001;113;001;0017;RT 003 RW 006
32151130010018;3215113;3215113001;113;001;0018;RT 004 RW 006
32151130010019;3215113;3215113001;113;001;0019;RT 001 RW 007
32151130010020;3215113;3215113001;113;001;0020;RT 002 RW 007
32151130010021;3215113;3215113001;113;001;0021;RT 003 RW 007
32151130010022;3215113;3215113001;113;001;0022;RT 004 RW 007
32151130010023;3215113;3215113001;113;001;0023;RT 001 RW 008
32151130010024;3215113;3215113001;113;001;0024;RT 002 RW 008
32151130010025;3215113;3215113001;113;001;0025;RT 003 RW 008
32151130010026;3215113;3215113001;113;001;0026;RT 004 RW 008
32151130010027;3215113;3215113001;113;001;0027;RT 001 RW 009
32151130010028;3215113;3215113001;113;001;0028;RT 002 RW 009
32151130010029;3215113;3215113001;113;001;0029;RT 003 RW 009
32151130010030;3215113;3215113001;113;001;0030;RT 001 RW 010
32151130010031;3215113;3215113001;113;001;0031;RT 002 RW 010
32151130010032;3215113;3215113001;113;001;0032;RT 003 RW 010
32151130010033;3215113;3215113001;113;001;0033;RT 004 RW 010
32151130010034;3215113;3215113001;113;001;0034;RT 005 RW 010
32151130010035;3215113;3215113001;113;001;0035;RT 001 RW 011
32151130010036;3215113;3215113001;113;001;0036;RT 002 RW 011
32151130010037;3215113;3215113001;113;001;0037;RT 003 RW 011
32151130010038;3215113;3215113001;113;001;0038;RT 004 RW 011
32151130010039;3215113;3215113001;113;001;0039;RT 001 RW 012
32151130010040;3215113;3215113001;113;001;0040;RT 002 RW 012
32151130010041;3215113;3215113001;113;001;0041;RT 003 RW 012
32151130010042;3215113;3215113001;113;001;0042;RT 004 RW 012
32151130010043;3215113;3215113001;113;001;0043;RT 001 RW 013
32151130010044;3215113;3215113001;113;001;0044;RT 002 RW 013
32151130010045;3215113;3215113001;113;001;0045;RT 001 RW 014
32151130010046;3215113;3215113001;113;001;0046;RT 003 RW 014
32151130010047;3215113;3215113001;113;001;0047;RT 001 RW 015
32151130010048;3215113;3215113001;113;001;0048;RT 002 RW 015
32151130010049;3215113;3215113001;113;001;0049;RT 003 RW 015
32151130010050;3215113;3215113001;113;001;0050;RT 001 RW 016
32151130010051;3215113;3215113001;113;001;0051;RT 002 RW 016
32151130010052;3215113;3215113001;113;001;0052;RT 003 RW 016
32151130010053;3215113;3215113001;113;001;0053;RT 001 RW 017
32151130010054;3215113;3215113001;113;001;0054;RT 002 RW 017
32151130010055;3215113;3215113001;113;001;0055;RT 003 RW 017
32151130010056;3215113;3215113001;113;001;0056;RT 001 RW 018
32151130010057;3215113;3215113001;113;001;0057;RT 002 RW 018
32151130010058;3215113;3215113001;113;001;0058;RT 003 RW 018
32151130010059;3215113;3215113001;113;001;0059;RT 001 RW 019
32151130010060;3215113;3215113001;113;001;0060;RT 002 RW 019
32151130010061;3215113;3215113001;113;001;0061;RT 003 RW 019
32151130010062;3215113;3215113001;113;001;0062;RT 001 RW 020
32151130010063;3215113;3215113001;113;001;0063;RT 002 RW 020
32151130010064;3215113;3215113001;113;001;0064;RT 003 RW 020
32151130010065;3215113;3215113001;113;001;0065;RT 001 RW 021
32151130010066;3215113;3215113001;113;001;0066;RT 002 RW 021
32151130010067;3215113;3215113001;113;001;0067;RT 004 RW 009
32151130020001;3215113;3215113002;113;002;0001;RT 001 RW 001
32151130020002;3215113;3215113002;113;002;0002;RT 002 RW 001
32151130020003;3215113;3215113002;113;002;0003;RT 003 RW 001
32151130020004;3215113;3215113002;113;002;0004;RT 001 RW 002
32151130020005;3215113;3215113002;113;002;0005;RT 002 RW 002
32151130020006;3215113;3215113002;113;002;0006;RT 003 RW 002
32151130020007;3215113;3215113002;113;002;0007;RT 001 RW 003
32151130020008;3215113;3215113002;113;002;0008;RT 002 RW 003
32151130020009;3215113;3215113002;113;002;0009;RT 003 RW 003
32151130020010;3215113;3215113002;113;002;0010;RT 001 RW 004
32151130020011;3215113;3215113002;113;002;0011;RT 002 RW 004
32151130020012;3215113;3215113002;113;002;0012;RT 003 RW 004
32151130020013;3215113;3215113002;113;002;0013;RT 001 RW 005
32151130020014;3215113;3215113002;113;002;0014;RT 002 RW 005
32151130020015;3215113;3215113002;113;002;0015;RT 001 RW 006
32151130020016;3215113;3215113002;113;002;0016;RT 002 RW 006
32151130020017;3215113;3215113002;113;002;0017;RT 003 RW 006
32151130020018;3215113;3215113002;113;002;0018;RT 004 RW 006
32151130020019;3215113;3215113002;113;002;0019;RT 005 RW 006
32151130020020;3215113;3215113002;113;002;0020;RT 006 RW 006
32151130020021;3215113;3215113002;113;002;0021;RT 001 RW 007
32151130020022;3215113;3215113002;113;002;0022;RT 002 RW 007
32151130020023;3215113;3215113002;113;002;0023;RT 003 RW 007
32151130020024;3215113;3215113002;113;002;0024;RT 001 RW 008
32151130020025;3215113;3215113002;113;002;0025;RT 002 RW 008
32151130020026;3215113;3215113002;113;002;0026;RT 003 RW 008
32151130020027;3215113;3215113002;113;002;0027;RT 001 RW 009
32151130020028;3215113;3215113002;113;002;0028;RT 002 RW 009
32151130020029;3215113;3215113002;113;002;0029;RT 003 RW 009
32151130020030;3215113;3215113002;113;002;0030;RT 001 RW 010
32151130020031;3215113;3215113002;113;002;0031;RT 002 RW 010
32151130020032;3215113;3215113002;113;002;0032;RT 003 RW 010
32151130020033;3215113;3215113002;113;002;0033;RT 004 RW 010
32151130020034;3215113;3215113002;113;002;0034;RT 001 RW 011
32151130020035;3215113;3215113002;113;002;0035;RT 002 RW 011
32151130020036;3215113;3215113002;113;002;0036;RT 003 RW 011
32151130020037;3215113;3215113002;113;002;0037;RT 004 RW 011
32151130020038;3215113;3215113002;113;002;0038;RT 005 RW 011
32151130020039;3215113;3215113002;113;002;0039;RT 006 RW 011
32151130020040;3215113;3215113002;113;002;0040;RT 001 RW 012
32151130020041;3215113;3215113002;113;002;0041;RT 002 RW 012
32151130020042;3215113;3215113002;113;002;0042;RT 003 RW 012
32151130020043;3215113;3215113002;113;002;0043;RT 004 RW 012
32151130020044;3215113;3215113002;113;002;0044;RT 005 RW 012
32151130020045;3215113;3215113002;113;002;0045;RT 001 RW 013
32151130020046;3215113;3215113002;113;002;0046;RT 002 RW 013
32151130020047;3215113;3215113002;113;002;0047;RT 003 RW 013
32151130020048;3215113;3215113002;113;002;0048;RT 001 RW 014
32151130020049;3215113;3215113002;113;002;0049;RT 002 RW 014
32151130020050;3215113;3215113002;113;002;0050;RT 003 RW 014
32151130020051;3215113;3215113002;113;002;0051;RT 001 RW 015
32151130020052;3215113;3215113002;113;002;0052;RT 003 RW 016
32151130020053;3215113;3215113002;113;002;0053;RT 002 RW 016
32151130020054;3215113;3215113002;113;002;0054;RT 001 RW 017
32151130020055;3215113;3215113002;113;002;0055;RT 002 RW 017
32151130020056;3215113;3215113002;113;002;0056;RT 003 RW 017
32151130020057;3215113;3215113002;113;002;0057;RT 001 RW 018
32151130020058;3215113;3215113002;113;002;0058;RT 002 RW 018
32151130020059;3215113;3215113002;113;002;0059;RT 001 RW 019
32151130020060;3215113;3215113002;113;002;0060;RT 002 RW 019
32151130020061;3215113;3215113002;113;002;0061;RT 001 RW 020
32151130020062;3215113;3215113002;113;002;0062;RT 002 RW 020
32151130020063;3215113;3215113002;113;002;0063;RT 003 RW 020
32151130020064;3215113;3215113002;113;002;0064;RT 001 RW 021
32151130020065;3215113;3215113002;113;002;0065;RT 002 RW 021
32151130020066;3215113;3215113002;113;002;0066;RT 003 RW 021
32151130020067;3215113;3215113002;113;002;0067;RT 001 RW 022
32151130020068;3215113;3215113002;113;002;0068;RT 002 RW 022
32151130020069;3215113;3215113002;113;002;0069;RT 003 RW 022
32151130020070;3215113;3215113002;113;002;0070;RT 001 RW 023
32151130020071;3215113;3215113002;113;002;0071;RT 002 RW 023
32151130020072;3215113;3215113002;113;002;0072;RT 003 RW 023
32151130020073;3215113;3215113002;113;002;0073;RT 001 RW 024
32151130020074;3215113;3215113002;113;002;0074;RT 002 RW 024
32151130020075;3215113;3215113002;113;002;0075;RT 003 RW 024
32151130020076;3215113;3215113002;113;002;0076;RT 001 RW 025
32151130020077;3215113;3215113002;113;002;0077;RT 002 RW 025
32151130020078;3215113;3215113002;113;002;0078;RT 003 RW 025
32151130020079;3215113;3215113002;113;002;0079;RT 001 RW 026
32151130020080;3215113;3215113002;113;002;0080;RT 002 RW 026
32151130020081;3215113;3215113002;113;002;0081;RT 003 RW 026
32151130020082;3215113;3215113002;113;002;0082;RT 001 RW 027
32151130020083;3215113;3215113002;113;002;0083;RT 002 RW 027
32151130020084;3215113;3215113002;113;002;0084;RT 003 RW 027
32151130020085;3215113;3215113002;113;002;0085;RT 001 RW 028
32151130020086;3215113;3215113002;113;002;0086;RT 002 RW 028
32151130020087;3215113;3215113002;113;002;0087;RT 003 RW 028
32151130020088;3215113;3215113002;113;002;0088;RT 001 RW 029
32151130020089;3215113;3215113002;113;002;0089;RT 002 RW 029
32151130020090;3215113;3215113002;113;002;0090;RT 003 RW 029
32151130020091;3215113;3215113002;113;002;0091;RT 001 RW 030
32151130020092;3215113;3215113002;113;002;0092;RT 002 RW 030
32151130020093;3215113;3215113002;113;002;0093;RT 003 RW 030
32151130020094;3215113;3215113002;113;002;0094;RT 001 RW 031
32151130020095;3215113;3215113002;113;002;0095;RT 002 RW 031
32151130020096;3215113;3215113002;113;002;0096;RT 003 RW 031
32151130020097;3215113;3215113002;113;002;0097;RT 001 RW 032
32151130020098;3215113;3215113002;113;002;0098;RT 002 RW 032
32151130020099;3215113;3215113002;113;002;0099;RT 003 RW 032
32151130020100;3215113;3215113002;113;002;0100;RT 001 RW 033
32151130020101;3215113;3215113002;113;002;0101;RT 002 RW 033
32151130020102;3215113;3215113002;113;002;0102;RT 001 RW 034
32151130020103;3215113;3215113002;113;002;0103;RT 002 RW 034
32151130020104;3215113;3215113002;113;002;0104;RT 003 RW 034
32151130020105;3215113;3215113002;113;002;0105;RT 001 RW 035
32151130020106;3215113;3215113002;113;002;0106;RT 002 RW 035
32151130020107;3215113;3215113002;113;002;0107;RT 001 RW 036
32151130020108;3215113;3215113002;113;002;0108;RT 002 RW 036
32151130020109;3215113;3215113002;113;002;0109;RT 003 RW 036
32151130020110;3215113;3215113002;113;002;0110;RT 004 RW 036
32151130020111;3215113;3215113002;113;002;0111;RT 005 RW 036
32151130020112;3215113;3215113002;113;002;0112;RT 001 RW 037
32151130020113;3215113;3215113002;113;002;0113;RT 002 RW 037
32151130020114;3215113;3215113002;113;002;0114;RT 003 RW 037
32151130030001;3215113;3215113003;113;003;0001;RT 001 RW 001
32151130030002;3215113;3215113003;113;003;0002;RT 002 RW 001
32151130030003;3215113;3215113003;113;003;0003;RT 003 RW 001
32151130030004;3215113;3215113003;113;003;0004;RT 004 RW 002
32151130030005;3215113;3215113003;113;003;0005;RT 005 RW 002
32151130030006;3215113;3215113003;113;003;0006;RT 006 RW 002
32151130030007;3215113;3215113003;113;003;0007;RT 007 RW 002
32151130030008;3215113;3215113003;113;003;0008;RT 008 RW 003
32151130030009;3215113;3215113003;113;003;0009;RT 009 RW 003
32151130030010;3215113;3215113003;113;003;0010;RT 001 RW 004
32151130030011;3215113;3215113003;113;003;0011;RT 002 RW 004
32151130030012;3215113;3215113003;113;003;0012;RT 003 RW 004
32151130030013;3215113;3215113003;113;003;0013;RT 004 RW 004
32151130030014;3215113;3215113003;113;003;0014;RT 005 RW 005
32151130030015;3215113;3215113003;113;003;0015;RT 006 RW 005
32151130030016;3215113;3215113003;113;003;0016;RT 007 RW 005
32151130030017;3215113;3215113003;113;003;0017;RT 008 RW 005
32151130030018;3215113;3215113003;113;003;0018;RT 001 RW 006
32151130030019;3215113;3215113003;113;003;0019;RT 002 RW 006
32151130030020;3215113;3215113003;113;003;0020;RT 003 RW 006
32151130030021;3215113;3215113003;113;003;0021;RT 004 RW 006
32151130030022;3215113;3215113003;113;003;0022;RT 005 RW 006
32151130030023;3215113;3215113003;113;003;0023;RT 006 RW 007
32151130030024;3215113;3215113003;113;003;0024;RT 007 RW 007
32151130030025;3215113;3215113003;113;003;0025;RT 008 RW 007
32151130030026;3215113;3215113003;113;003;0026;RT 009 RW 007
32151130030027;3215113;3215113003;113;003;0027;RT 010 RW 007
32151130030028;3215113;3215113003;113;003;0028;RT 011 RW 007
32151130030029;3215113;3215113003;113;003;0029;RT 012 RW 007
32151130030030;3215113;3215113003;113;003;0030;RT 001 RW 008
32151130030031;3215113;3215113003;113;003;0031;RT 002 RW 008
32151130030032;3215113;3215113003;113;003;0032;RT 003 RW 008
32151130030033;3215113;3215113003;113;003;0033;RT 004 RW 008
32151130030034;3215113;3215113003;113;003;0034;RT 005 RW 009
32151130030035;3215113;3215113003;113;003;0035;RT 006 RW 009
32151130030036;3215113;3215113003;113;003;0036;RT 007 RW 009
32151130030037;3215113;3215113003;113;003;0037;RT 008 RW 009
32151130030038;3215113;3215113003;113;003;0038;RT 009 RW 010
32151130030039;3215113;3215113003;113;003;0039;RT 010 RW 010
32151130030040;3215113;3215113003;113;003;0040;RT 011 RW 010
32151130030041;3215113;3215113003;113;003;0041;RT 012 RW 010
32151130030042;3215113;3215113003;113;003;0042;RT 013 RW 010
32151130030043;3215113;3215113003;113;003;0043;RT 001 RW 011
32151130030044;3215113;3215113003;113;003;0044;RT 002 RW 011
32151130030045;3215113;3215113003;113;003;0045;RT 003 RW 011
32151130030046;3215113;3215113003;113;003;0046;RT 004 RW 011
32151130030047;3215113;3215113003;113;003;0047;RT 005 RW 011
32151130030048;3215113;3215113003;113;003;0048;RT 005 RW 012
32151130030049;3215113;3215113003;113;003;0049;RT 006 RW 012
32151130030050;3215113;3215113003;113;003;0050;RT 007 RW 012
32151130030051;3215113;3215113003;113;003;0051;RT 008 RW 013
32151130030052;3215113;3215113003;113;003;0052;RT 009 RW 013
32151130030053;3215113;3215113003;113;003;0053;RT 010 RW 013
32151130030054;3215113;3215113003;113;003;0054;RT 011 RW 013
32151130030055;3215113;3215113003;113;003;0055;RT 012 RW 013
32151130030056;3215113;3215113003;113;003;0056;RT 013 RW 014
32151130030057;3215113;3215113003;113;003;0057;RT 014 RW 014
32151130030058;3215113;3215113003;113;003;0058;RT 015 RW 014
32151130030059;3215113;3215113003;113;003;0059;RT 001 RW 015
32151130030060;3215113;3215113003;113;003;0060;RT 002 RW 015
32151130030061;3215113;3215113003;113;003;0061;RT 003 RW 015
32151130030062;3215113;3215113003;113;003;0062;RT 004 RW 016
32151130030063;3215113;3215113003;113;003;0063;RT 005 RW 016
32151130030064;3215113;3215113003;113;003;0064;RT 006 RW 016
32151130030065;3215113;3215113003;113;003;0065;RT 007 RW 017
32151130030066;3215113;3215113003;113;003;0066;RT 008 RW 017
32151130030067;3215113;3215113003;113;003;0067;RT 009 RW 017
32151130030068;3215113;3215113003;113;003;0068;RT 010 RW 018
32151130030069;3215113;3215113003;113;003;0069;RT 011 RW 018
32151130030070;3215113;3215113003;113;003;0070;RT 012 RW 018
32151130030071;3215113;3215113003;113;003;0071;RT 013 RW 019
32151130030072;3215113;3215113003;113;003;0072;RT 014 RW 019
32151130030073;3215113;3215113003;113;003;0073;RT 015 RW 019
32151130030074;3215113;3215113003;113;003;0074;RT 016 RW 020
32151130030075;3215113;3215113003;113;003;0075;RT 017 RW 020
32151130030076;3215113;3215113003;113;003;0076;RT 018 RW 020
32151130030077;3215113;3215113003;113;003;0077;RT 019 RW 020
32151130030078;3215113;3215113003;113;003;0078;RT 001 RW 021
32151130030079;3215113;3215113003;113;003;0079;RT 002 RW 021
32151130030080;3215113;3215113003;113;003;0080;RT 003 RW 021
32151130030081;3215113;3215113003;113;003;0081;RT 004 RW 022
32151130030082;3215113;3215113003;113;003;0082;RT 005 RW 022
32151130030083;3215113;3215113003;113;003;0083;RT 006 RW 022
32151130031001;3215113;3215113003;113;003;1001;KAWASAN PESAWAHAN
32151130040001;3215113;3215113004;113;004;0001;RT 001 RW 001
32151130040002;3215113;3215113004;113;004;0002;RT 002 RW 001
32151130040003;3215113;3215113004;113;004;0003;RT 003 RW 001
32151130040004;3215113;3215113004;113;004;0004;RT 004 RW 002
32151130040005;3215113;3215113004;113;004;0005;RT 005 RW 002
32151130040006;3215113;3215113004;113;004;0006;RT 006 RW 002
32151130040007;3215113;3215113004;113;004;0007;RT 007 RW 003
32151130040008;3215113;3215113004;113;004;0008;RT 008 RW 003
32151130040009;3215113;3215113004;113;004;0009;RT 009 RW 003
32151130040010;3215113;3215113004;113;004;0010;RT 010 RW 003
32151130040011;3215113;3215113004;113;004;0011;RT 011 RW 003
32151130040012;3215113;3215113004;113;004;0012;RT 001 RW 004
32151130040013;3215113;3215113004;113;004;0013;RT 002 RW 004
32151130040014;3215113;3215113004;113;004;0014;RT 003 RW 004
32151130040015;3215113;3215113004;113;004;0015;RT 004 RW 005
32151130040016;3215113;3215113004;113;004;0016;RT 005 RW 005
32151130040017;3215113;3215113004;113;004;0017;RT 006 RW 005
32151130040018;3215113;3215113004;113;004;0018;RT 007 RW 006
32151130040019;3215113;3215113004;113;004;0019;RT 008 RW 006
32151130040020;3215113;3215113004;113;004;0020;RT 009 RW 006
32151130040021;3215113;3215113004;113;004;0021;RT 001 RW 007
32151130040022;3215113;3215113004;113;004;0022;RT 002 RW 007
32151130040023;3215113;3215113004;113;004;0023;RT 003 RW 007
32151130040024;3215113;3215113004;113;004;0024;RT 004 RW 008
32151130040025;3215113;3215113004;113;004;0025;RT 005 RW 008
32151130040026;3215113;3215113004;113;004;0026;RT 006 RW 008
32151130040027;3215113;3215113004;113;004;0027;RT 007 RW 009
32151130040028;3215113;3215113004;113;004;0028;RT 008 RW 009
32151130040029;3215113;3215113004;113;004;0029;RT 009 RW 009
32151130040030;3215113;3215113004;113;004;0030;RT 010 RW 010
32151130040031;3215113;3215113004;113;004;0031;RT 011 RW 010
32151130040032;3215113;3215113004;113;004;0032;RT 012 RW 010
32151130040033;3215113;3215113004;113;004;0033;RT 013 RW 010
32151130040034;3215113;3215113004;113;004;0034;RT 001 RW 011
32151130040035;3215113;3215113004;113;004;0035;RT 002 RW 011
32151130040036;3215113;3215113004;113;004;0036;RT 003 RW 011
32151130040037;3215113;3215113004;113;004;0037;RT 004 RW 011
32151130040038;3215113;3215113004;113;004;0038;RT 004 RW 012
32151130040039;3215113;3215113004;113;004;0039;RT 005 RW 012
32151130040040;3215113;3215113004;113;004;0040;RT 006 RW 012
32151130040041;3215113;3215113004;113;004;0041;RT 007 RW 013
32151130040042;3215113;3215113004;113;004;0042;RT 008 RW 013
32151130040043;3215113;3215113004;113;004;0043;RT 009 RW 013
32151130040044;3215113;3215113004;113;004;0044;RT 011 RW 014
32151130040045;3215113;3215113004;113;004;0045;RT 001 RW 014
32151130040046;3215113;3215113004;113;004;0046;RT 002 RW 014
32151130040047;3215113;3215113004;113;004;0047;RT 003 RW 014
32151130040048;3215113;3215113004;113;004;0048;RT 004 RW 014
32151130040049;3215113;3215113004;113;004;0049;RT 005 RW 015
32151130040050;3215113;3215113004;113;004;0050;RT 006 RW 015
32151130040051;3215113;3215113004;113;004;0051;RT 007 RW 015
32151130040052;3215113;3215113004;113;004;0052;RT 008 RW 016
32151130040053;3215113;3215113004;113;004;0053;RT 009 RW 016
32151130040054;3215113;3215113004;113;004;0054;RT 010 RW 016
32151130040055;3215113;3215113004;113;004;0055;RT 001 RW 017
32151130040056;3215113;3215113004;113;004;0056;RT 002 RW 017
32151130041001;3215113;3215113004;113;004;1001;SAWAH
32151130050001;3215113;3215113005;113;005;0001;RT 001 RW 001
32151130050002;3215113;3215113005;113;005;0002;RT 002 RW 001
32151130050003;3215113;3215113005;113;005;0003;RT 003 RW 001
32151130050004;3215113;3215113005;113;005;0004;RT 004 RW 002
32151130050005;3215113;3215113005;113;005;0005;RT 005 RW 002
32151130050006;3215113;3215113005;113;005;0006;RT 006 RW 002
32151130050007;3215113;3215113005;113;005;0007;RT 007 RW 002
32151130050008;3215113;3215113005;113;005;0008;RT 008 RW 003
32151130050009;3215113;3215113005;113;005;0009;RT 009 RW 003
32151130050010;3215113;3215113005;113;005;0010;RT 010 RW 003
32151130050011;3215113;3215113005;113;005;0011;RT 001 RW 004
32151130050012;3215113;3215113005;113;005;0012;RT 002 RW 004
32151130050013;3215113;3215113005;113;005;0013;RT 003 RW 004
32151130050014;3215113;3215113005;113;005;0014;RT 004 RW 004
32151130050015;3215113;3215113005;113;005;0015;RT 005 RW 005
32151130050016;3215113;3215113005;113;005;0016;RT 006 RW 005
32151130050017;3215113;3215113005;113;005;0017;RT 007 RW 005
32151130050018;3215113;3215113005;113;005;0018;RT 008 RW 006
32151130050019;3215113;3215113005;113;005;0019;RT 009 RW 006
32151130050020;3215113;3215113005;113;005;0020;RT 010 RW 006
32151130050021;3215113;3215113005;113;005;0021;RT 011 RW 006
32151130050022;3215113;3215113005;113;005;0022;RT 001 RW 007
32151130050023;3215113;3215113005;113;005;0023;RT 002 RW 007
32151130050024;3215113;3215113005;113;005;0024;RT 003 RW 007
32151130050025;3215113;3215113005;113;005;0025;RT 004 RW 008
32151130050026;3215113;3215113005;113;005;0026;RT 005 RW 008
32151130050027;3215113;3215113005;113;005;0027;RT 006 RW 008
32151130050028;3215113;3215113005;113;005;0028;RT 007 RW 009
32151130050029;3215113;3215113005;113;005;0029;RT 008 RW 009
32151130050030;3215113;3215113005;113;005;0030;RT 001 RW 010
32151130050031;3215113;3215113005;113;005;0031;RT 002 RW 010
32151130050032;3215113;3215113005;113;005;0032;RT 003 RW 010
32151130050033;3215113;3215113005;113;005;0033;RT 004 RW 011
32151130050034;3215113;3215113005;113;005;0034;RT 005 RW 011
32151130050035;3215113;3215113005;113;005;0035;RT 006 RW 012
32151130050036;3215113;3215113005;113;005;0036;RT 007 RW 012
32151130050037;3215113;3215113005;113;005;0037;RT 001 RW 013
32151130050038;3215113;3215113005;113;005;0038;RT 002 RW 013
32151130050039;3215113;3215113005;113;005;0039;RT 003 RW 013
32151130050040;3215113;3215113005;113;005;0040;RT 004 RW 014
32151130050041;3215113;3215113005;113;005;0041;RT 005 RW 014
32151130050042;3215113;3215113005;113;005;0042;RT 006 RW 014
32151130050043;3215113;3215113005;113;005;0043;RT 007 RW 015
32151130050044;3215113;3215113005;113;005;0044;RT 008 RW 015
32151130050045;3215113;3215113005;113;005;0045;RT 009 RW 015
32151130060001;3215113;3215113006;113;006;0001;RT 001 RW 001
32151130060002;3215113;3215113006;113;006;0002;RT 002 RW 001
32151130060003;3215113;3215113006;113;006;0003;RT 003 RW 001
32151130060004;3215113;3215113006;113;006;0004;RT 004 RW 001
32151130060005;3215113;3215113006;113;006;0005;RT 001 RW 002
32151130060006;3215113;3215113006;113;006;0006;RT 002 RW 002
32151130060007;3215113;3215113006;113;006;0007;RT 003 RW 002
32151130060008;3215113;3215113006;113;006;0008;RT 004 RW 002
32151130060009;3215113;3215113006;113;006;0009;RT 001 RW 003
32151130060010;3215113;3215113006;113;006;0010;RT 002 RW 003
32151130060011;3215113;3215113006;113;006;0011;RT 003 RW 003
32151130060012;3215113;3215113006;113;006;0012;RT 004 RW 003
32151130060013;3215113;3215113006;113;006;0013;RT 005 RW 003
32151130060014;3215113;3215113006;113;006;0014;RT 002 RW 004
32151130060015;3215113;3215113006;113;006;0015;RT 003 RW 004
32151130060016;3215113;3215113006;113;006;0016;RT 001 RW 005
32151130060017;3215113;3215113006;113;006;0017;RT 002 RW 005
32151130060018;3215113;3215113006;113;006;0018;RT 003 RW 005
32151130060019;3215113;3215113006;113;006;0019;RT 001 RW 006
32151130060020;3215113;3215113006;113;006;0020;RT 002 RW 006
32151130060021;3215113;3215113006;113;006;0021;RT 003 RW 006
32151130060022;3215113;3215113006;113;006;0022;RT 001 RW 007
32151130060023;3215113;3215113006;113;006;0023;RT 002 RW 007
32151130060024;3215113;3215113006;113;006;0024;RT 003 RW 007
32151130060025;3215113;3215113006;113;006;0025;RT 001 RW 008
32151130060026;3215113;3215113006;113;006;0026;RT 002 RW 008
32151130060027;3215113;3215113006;113;006;0027;RT 001 RW 009
32151130060028;3215113;3215113006;113;006;0028;RT 002 RW 009
32151130060029;3215113;3215113006;113;006;0029;RT 003 RW 009
32151130060030;3215113;3215113006;113;006;0030;RT 004 RW 009
32151130060031;3215113;3215113006;113;006;0031;RT 001 RW 010
32151130060032;3215113;3215113006;113;006;0032;RT 002 RW 010
32151130060033;3215113;3215113006;113;006;0033;RT 003 RW 010
32151130060034;3215113;3215113006;113;006;0034;RT 004 RW 010
32151130060035;3215113;3215113006;113;006;0035;RT 001 RW 011
32151130060036;3215113;3215113006;113;006;0036;RT 002 RW 011
32151130060037;3215113;3215113006;113;006;0037;RT 003 RW 011
32151130060038;3215113;3215113006;113;006;0038;RT 001 RW 012
32151130060039;3215113;3215113006;113;006;0039;RT 002 RW 012
32151130060040;3215113;3215113006;113;006;0040;RT 003 RW 012
32151130060041;3215113;3215113006;113;006;0041;RT 004 RW 012
32151130060042;3215113;3215113006;113;006;0042;RT 005 RW 012
32151130060043;3215113;3215113006;113;006;0043;RT 001 RW 013
32151130060044;3215113;3215113006;113;006;0044;RT 002 RW 013
32151130060045;3215113;3215113006;113;006;0045;RT 003 RW 013
32151130060046;3215113;3215113006;113;006;0046;RT 004 RW 013
32151130060047;3215113;3215113006;113;006;0047;RT 005 RW 013
32151130060048;3215113;3215113006;113;006;0048;RT 006 RW 013
32151130060049;3215113;3215113006;113;006;0049;RT 007 RW 013
32151130060050;3215113;3215113006;113;006;0050;RT 001 RW 014
32151130060051;3215113;3215113006;113;006;0051;RT 002 RW 014
32151130060052;3215113;3215113006;113;006;0052;RT 003 RW 014
32151130060053;3215113;3215113006;113;006;0053;RT 004 RW 014
32151130060054;3215113;3215113006;113;006;0054;RT 001 RW 015
32151130060055;3215113;3215113006;113;006;0055;RT 002 RW 015
32151130060056;3215113;3215113006;113;006;0056;RT 003 RW 015
32151130060057;3215113;3215113006;113;006;0057;RT 004 RW 015
32151130060058;3215113;3215113006;113;006;0058;RT 005 RW 015
32151130060059;3215113;3215113006;113;006;0059;RT 001 RW 016
32151130060060;3215113;3215113006;113;006;0060;RT 002 RW 016
32151130060061;3215113;3215113006;113;006;0061;RT 003 RW 016
32151130060062;3215113;3215113006;113;006;0062;RT 001 RW 017
32151130060063;3215113;3215113006;113;006;0063;RT 002 RW 017
32151130060064;3215113;3215113006;113;006;0064;RT 003 RW 017
32151130060065;3215113;3215113006;113;006;0065;RT 004 RW 017
32151130060066;3215113;3215113006;113;006;0066;RT 001 RW 018
32151130060067;3215113;3215113006;113;006;0067;RT 002 RW 018
32151130060068;3215113;3215113006;113;006;0068;RT 001 RW 019
32151130060069;3215113;3215113006;113;006;0069;RT 002 RW 019
32151130060070;3215113;3215113006;113;006;0070;RT 003 RW 019
32151130060071;3215113;3215113006;113;006;0071;RT 001 RW 020
32151130060072;3215113;3215113006;113;006;0072;RT 002 RW 020
32151130060073;3215113;3215113006;113;006;0073;RT 003 RW 020
32151130060074;3215113;3215113006;113;006;0074;RT 001 RW 021
32151130060075;3215113;3215113006;113;006;0075;RT 002 RW 021
32151130060076;3215113;3215113006;113;006;0076;RT 001 RW 022
32151130060077;3215113;3215113006;113;006;0077;RT 002 RW 022
32151130060078;3215113;3215113006;113;006;0078;RT 001 RW 023
32151130060079;3215113;3215113006;113;006;0079;RT 002 RW 023
32151130060080;3215113;3215113006;113;006;0080;RT 001 RW 024
32151130060081;3215113;3215113006;113;006;0081;RT 002 RW 024
32151130060082;3215113;3215113006;113;006;0082;RT 001 RW 025
32151130060083;3215113;3215113006;113;006;0083;RT 002 RW 025
32151130060084;3215113;3215113006;113;006;0084;RT 003 RW 025
32151130060085;3215113;3215113006;113;006;0085;RT 001 RT 026
32151130060086;3215113;3215113006;113;006;0086;RT 002 RW 026
32151130061002;3215113;3215113006;113;006;1002;SAWAH
32151130061003;3215113;3215113006;113;006;1003;SAWAH
32151130061004;3215113;3215113006;113;006;1004;SAWAH
32151130064001;3215113;3215113006;113;006;4001;PEMUKIMAN DI TANAH PENGAIRAN
32151130070001;3215113;3215113007;113;007;0001;RT 001 RW 001
32151130070002;3215113;3215113007;113;007;0002;RT 002 RW 001
32151130070003;3215113;3215113007;113;007;0003;RT 003 RW 001
32151130070004;3215113;3215113007;113;007;0004;RT 001 RW 002
32151130070005;3215113;3215113007;113;007;0005;RT 002 RW 002
32151130070006;3215113;3215113007;113;007;0006;RT 001 RW 003
32151130070007;3215113;3215113007;113;007;0007;RT 002 RW 003
32151130070008;3215113;3215113007;113;007;0008;RT 003 RW 003
32151130070009;3215113;3215113007;113;007;0009;RT 001 RW 004
32151130070010;3215113;3215113007;113;007;0010;RT 002 RW 004
32151130070011;3215113;3215113007;113;007;0011;RT 003 RW 004
32151130070012;3215113;3215113007;113;007;0012;RT 001 RW 005
32151130070013;3215113;3215113007;113;007;0013;RT 002 RW 005
32151130070014;3215113;3215113007;113;007;0014;RT 003 RW 005
32151130070015;3215113;3215113007;113;007;0015;RT 004 RW 005
32151130070016;3215113;3215113007;113;007;0016;RT 001 RW 006
32151130070017;3215113;3215113007;113;007;0017;RT 002 RW 006
32151130070018;3215113;3215113007;113;007;0018;RT 003 RW 006
32151130070019;3215113;3215113007;113;007;0019;RT 004 RW 006
32151130070020;3215113;3215113007;113;007;0020;RT 001 RW 007
32151130070021;3215113;3215113007;113;007;0021;RT 002 RW 007
32151130070022;3215113;3215113007;113;007;0022;RT 003 RW 007
32151130070023;3215113;3215113007;113;007;0023;RT 004 RW 007
32151130070024;3215113;3215113007;113;007;0024;RT 001 RW 008
32151130070025;3215113;3215113007;113;007;0025;RT 002 RW 008
32151130070026;3215113;3215113007;113;007;0026;RT 003 RW 008
32151130070027;3215113;3215113007;113;007;0027;RT 004 RW 008
32151130070028;3215113;3215113007;113;007;0028;RT 001 RW 009
32151130070029;3215113;3215113007;113;007;0029;RT 002 RW 009
32151130070030;3215113;3215113007;113;007;0030;RT 003 RW 009
32151130070031;3215113;3215113007;113;007;0031;RT 004 RW 009
32151130070032;3215113;3215113007;113;007;0032;RT 001 RW 010
32151130070033;3215113;3215113007;113;007;0033;RT 002 RW 010
32151130070034;3215113;3215113007;113;007;0034;RT 003 RW 010
32151130070035;3215113;3215113007;113;007;0035;RT 004 RW 010
32151130070036;3215113;3215113007;113;007;0036;RT 001 RW 011
32151130070037;3215113;3215113007;113;007;0037;RT 002 RW 011
32151130070038;3215113;3215113007;113;007;0038;RT 003 RW 011
32151130070039;3215113;3215113007;113;007;0039;RT 004 RW 011
32151130070040;3215113;3215113007;113;007;0040;RT 001 RW 012
32151130070041;3215113;3215113007;113;007;0041;RT 002 RW 012
32151130070042;3215113;3215113007;113;007;0042;RT 003 RW 012
32151130070043;3215113;3215113007;113;007;0043;RT 004 RW 012
32151130070044;3215113;3215113007;113;007;0044;RT 001 RW 013
32151130070045;3215113;3215113007;113;007;0045;RT 002 RW 013
32151130071001;3215113;3215113007;113;007;1001;SAWAH ( NON SLS )
32151130071002;3215113;3215113007;113;007;1002;SAWAH ( NON SLS )
32151130071003;3215113;3215113007;113;007;1003;SAWAH ( NON SLS )
32151130080001;3215113;3215113008;113;008;0001;RT 001 RW 001
32151130080002;3215113;3215113008;113;008;0002;RT 002 RW 001
32151130080003;3215113;3215113008;113;008;0003;RT 003 RW 001
32151130080004;3215113;3215113008;113;008;0004;RT 004 RW 001
32151130080005;3215113;3215113008;113;008;0005;RT 005 RW 001
32151130080006;3215113;3215113008;113;008;0006;RT 001 RW 002
32151130080007;3215113;3215113008;113;008;0007;RT 002 RW 002
32151130080008;3215113;3215113008;113;008;0008;RT 003 RW 002
32151130080009;3215113;3215113008;113;008;0009;RT 004 RW 002
32151130080010;3215113;3215113008;113;008;0010;RT 005 RW 002
32151130080011;3215113;3215113008;113;008;0011;RT 001 RW 003
32151130080012;3215113;3215113008;113;008;0012;RT 002 RW 003
32151130080013;3215113;3215113008;113;008;0013;RT 003 RW 003
32151130080014;3215113;3215113008;113;008;0014;RT 004 RW 003
32151130080015;3215113;3215113008;113;008;0015;RT 001 RW 004
32151130080016;3215113;3215113008;113;008;0016;RT 002 RW 004
32151130080017;3215113;3215113008;113;008;0017;RT 003 RW 004
32151130080018;3215113;3215113008;113;008;0018;RT 004 RW 004
32151130080019;3215113;3215113008;113;008;0019;RT 001 RW 005
32151130080020;3215113;3215113008;113;008;0020;RT 002 RW 005
32151130080021;3215113;3215113008;113;008;0021;RT 003 RW 005
32151130080022;3215113;3215113008;113;008;0022;RT 004 RW 005
32151130080023;3215113;3215113008;113;008;0023;RT 001 RW 006
32151130080024;3215113;3215113008;113;008;0024;RT 002 RW 006
32151130080025;3215113;3215113008;113;008;0025;RT 003 RW 006
32151130080026;3215113;3215113008;113;008;0026;RT 004 RW 006
32151130080027;3215113;3215113008;113;008;0027;RT 001 RW 007
32151130080028;3215113;3215113008;113;008;0028;RT 002 RW 007
32151130080029;3215113;3215113008;113;008;0029;RT 003 RW 007
32151130080030;3215113;3215113008;113;008;0030;RT 004 RW 007
32151130080031;3215113;3215113008;113;008;0031;RT 005 RW 007
32151130080032;3215113;3215113008;113;008;0032;RT 001 RW 008
32151130080033;3215113;3215113008;113;008;0033;RT 002 RW 008
32151130080034;3215113;3215113008;113;008;0034;RT 003 RW 008
32151130080035;3215113;3215113008;113;008;0035;RT 004 RW 008
32151130080036;3215113;3215113008;113;008;0036;RT 005 RW 008
32151130080037;3215113;3215113008;113;008;0037;RT 001 RW 009
32151130080038;3215113;3215113008;113;008;0038;RT 002 RW 009
32151130080039;3215113;3215113008;113;008;0039;RT 003 RW 009
32151130080040;3215113;3215113008;113;008;0040;RT 004 RW 009
32151130080041;3215113;3215113008;113;008;0041;RT 001 RW 010
32151130080042;3215113;3215113008;113;008;0042;RT 002 RW 010
32151130080043;3215113;3215113008;113;008;0043;RT 003 RW 010
32151130080044;3215113;3215113008;113;008;0044;RT 004 RW 010
32151130080045;3215113;3215113008;113;008;0045;RT 005 RW 010
32151130080046;3215113;3215113008;113;008;0046;RT 001 RW 011
32151130080047;3215113;3215113008;113;008;0047;RT 002 RW 011
32151130080048;3215113;3215113008;113;008;0048;RT 003 RW 011
32151130080049;3215113;3215113008;113;008;0049;RT 004 RW 011
32151130080050;3215113;3215113008;113;008;0050;RT 001 RW 012
32151130080051;3215113;3215113008;113;008;0051;RT 002 RW 012
32151130080052;3215113;3215113008;113;008;0052;RT 003 RW 012
32151130080053;3215113;3215113008;113;008;0053;RT 004 RW 012
32151130080054;3215113;3215113008;113;008;0054;RT 001 RW 013
32151130080055;3215113;3215113008;113;008;0055;RT 002 RW 013
32151130080056;3215113;3215113008;113;008;0056;RT 003 RW 013
32151130080057;3215113;3215113008;113;008;0057;RT 004 RW 013
32151130080058;3215113;3215113008;113;008;0058;RT 005 RW 013
32151130080059;3215113;3215113008;113;008;0059;RT 001 RW 014
32151130080060;3215113;3215113008;113;008;0060;RT 002 RW 014
32151130080061;3215113;3215113008;113;008;0061;RT 003 RW 014
32151130080062;3215113;3215113008;113;008;0062;RT 004 RW 014
32151130080063;3215113;3215113008;113;008;0063;RT 001 RW 015
32151130080064;3215113;3215113008;113;008;0064;RT 002 RW 015
32151130080065;3215113;3215113008;113;008;0065;RT 003 RW 015
32151200010001;3215120;3215120001;120;001;0001;RT 001 RW 001 DUSUN KRAJAN
32151200010002;3215120;3215120001;120;001;0002;RT 002 RW 001 DUSUN KRAJAN
32151200010003;3215120;3215120001;120;001;0003;RT 003 RW 001 DUSUN KRAJAN
32151200010004;3215120;3215120001;120;001;0004;RT 004 RW 001 DUSUN KRAJAN
32151200010005;3215120;3215120001;120;001;0005;RT 005 RW 001 DUSUN KRAJAN
32151200010006;3215120;3215120001;120;001;0006;RT 006 RW 002 DUSUN KRAJAN
32151200010007;3215120;3215120001;120;001;0007;RT 007 RW 002 DUSUN KRAJAN
32151200010008;3215120;3215120001;120;001;0008;RT 008 RW 002 DUSUN KRAJAN
32151200010009;3215120;3215120001;120;001;0009;RT 009 RW 002 DUSUN KRAJAN
32151200010010;3215120;3215120001;120;001;0010;RT 010 RW 002 DUSUN KRAJAN
32151200010011;3215120;3215120001;120;001;0011;RT 011 RW 003 DUSUN SEMPUR
32151200010012;3215120;3215120001;120;001;0012;RT 012 RW 003 DUSUN SEMPUR
32151200010013;3215120;3215120001;120;001;0013;RT 013 RW 003 DUSUN SEMPUR
32151200010014;3215120;3215120001;120;001;0014;RT 014 RW 004 DUSUN SEMPUR
32151200010015;3215120;3215120001;120;001;0015;RT 015 RW 004 DUSUN SEMPUIR
32151200010016;3215120;3215120001;120;001;0016;RT 016 RW 004 DUSUN SEMPUR
32151200010017;3215120;3215120001;120;001;0017;RT 017 RW 005 DUSUN GABEL
32151200010018;3215120;3215120001;120;001;0018;RT 018 RW 005 DUSUN GABEL
32151200010019;3215120;3215120001;120;001;0019;RT 019 RW 005 DUSUN GABEL
32151200010020;3215120;3215120001;120;001;0020;RT 020 RW 006 DUSUN GABEL
32151200010021;3215120;3215120001;120;001;0021;RT 021 RW 006 DUSUN GABEL
32151200010022;3215120;3215120001;120;001;0022;RT 022 RW 006 DUSUN GABEL
32151200010023;3215120;3215120001;120;001;0023;RT 023 RW 007 DUSUN KEDUNG MULYA
32151200010024;3215120;3215120001;120;001;0024;RT 024 RW 007 DUSUN KEDUNG MULYA
32151200010025;3215120;3215120001;120;001;0025;RT 025 RW 007 DUSUN KEDUNG MULYA
32151200010026;3215120;3215120001;120;001;0026;RT 026 RW 008 DUSUN KEDUNG MULYA
32151200010027;3215120;3215120001;120;001;0027;RT 027 RW 008 DUSUN KEDUNG MULYA
32151200010028;3215120;3215120001;120;001;0028;RT 028 RW 008 DUSUN KEDUNG MULYA
32151200011001;3215120;3215120001;120;001;1001;AREAL PERSAWAHAN
32151200011002;3215120;3215120001;120;001;1002;AREAL PERSAWAHAN
32151200011003;3215120;3215120001;120;001;1003;AREAL PERSAWAHAN BLOK 3
32151200011004;3215120;3215120001;120;001;1004;SAWAH
32151200011005;3215120;3215120001;120;001;1005;SAWAH
32151200011006;3215120;3215120001;120;001;1006;SAWAH
32151200020001;3215120;3215120002;120;002;0001;RT 001 RW 001 DUSUN SUKAMAKMUR
32151200020002;3215120;3215120002;120;002;0002;RT 002 RW 001 DUSUN SUKAMAKMUR
32151200020003;3215120;3215120002;120;002;0003;RT 003 RW 002 DUSUN SUKAWANGI
32151200020004;3215120;3215120002;120;002;0004;RT 004 RW 002 DUSUN SUKAWANGI
32151200020005;3215120;3215120002;120;002;0005;RT 005 RW 003 DUSUN SUKAMANAH
32151200020006;3215120;3215120002;120;002;0006;RT 006 RW 003 DUSUN SUKAMANAH
32151200020007;3215120;3215120002;120;002;0007;RT 007 RW 004 DUSUN KUTAJAYA
32151200020008;3215120;3215120002;120;002;0008;RT 008 RW 004 DUSUN KUTAJAYA
32151200020009;3215120;3215120002;120;002;0009;RT 009 RW 004 DUSUN KUTAJAYA
32151200021001;3215120;3215120002;120;002;1001;AREAL PERSAWAHAN KULUNG BUNTU
32151200021002;3215120;3215120002;120;002;1002;AREAL PERSAWAHAN
32151200021003;3215120;3215120002;120;002;1003;AREAL PERSAWAHAN CIHUNI
32151200021005;3215120;3215120002;120;002;1005;SAWAH BLOK KUNTUL
32151200021006;3215120;3215120002;120;002;1006;SAWAH BLOK KUTAJAYA KULON
32151200021007;3215120;3215120002;120;002;1007;SAWAH BLOK KUTAJAYA
32151200030001;3215120;3215120003;120;003;0001;RT 001 RW 001 DUSUN KRAJAN
32151200030002;3215120;3215120003;120;003;0002;RT 002 RW 001 DUSUN KRAJAN
32151200030003;3215120;3215120003;120;003;0003;RT 003 RW 002 DUSUN KRAJAN
32151200030004;3215120;3215120003;120;003;0004;RT 004 RW 002 DUSUN KRAJAN
32151200030005;3215120;3215120003;120;003;0005;RT 005 RW 003 DUSUN SUKASARI
32151200030006;3215120;3215120003;120;003;0006;RT 006 RW 003 DUSUN SUKASARI
32151200030007;3215120;3215120003;120;003;0007;RT 007 RW 003 DUSUN SUKASARI
32151200030008;3215120;3215120003;120;003;0008;RT 008 RW 004 DUSUN SUKASARI
32151200030009;3215120;3215120003;120;003;0009;RT 009 RW 004 DUSUN SUKASARI
32151200030010;3215120;3215120003;120;003;0010;RT 010 RW 005 DUSUN KAWISTA
32151200030011;3215120;3215120003;120;003;0011;RT 011 RW 005 DUSUN KAWISTA
32151200030012;3215120;3215120003;120;003;0012;RT 012 RW 006 DUSUN KAWISTA
32151200030013;3215120;3215120003;120;003;0013;RT 013 RW 006 DUSUN KAWISTA
32151200031001;3215120;3215120003;120;003;1001;AREAL PERSAWAHAN
32151200031002;3215120;3215120003;120;003;1002;AREAL PERSAWAHAN
32151200031003;3215120;3215120003;120;003;1003;AREAL PERSAWAHAN
32151200031004;3215120;3215120003;120;003;1004;SAWAH
32151200031005;3215120;3215120003;120;003;1005;SAWAH
32151200040001;3215120;3215120004;120;004;0001;RT 001 RW 001 DUSUN SUMURBATU
32151200040002;3215120;3215120004;120;004;0002;RT 002 RW 001 DUSUN SUMURBATU
32151200040003;3215120;3215120004;120;004;0003;RT 003 RW 002 DUSUN SUMURBATU
32151200040004;3215120;3215120004;120;004;0004;RT 004 RW 002 DUSUN SUMURBATU
32151200040005;3215120;3215120004;120;004;0005;RT 005 RW 003 DUSUN KRAJAN I
32151200040006;3215120;3215120004;120;004;0006;RT 006 RW 003 DUSUN KRAJAN I
32151200040007;3215120;3215120004;120;004;0007;RT 007 RW 004 DUSUN KRAJAN I
32151200040008;3215120;3215120004;120;004;0008;RT 008 RW 004 DUSUN KRAJAN I
32151200040009;3215120;3215120004;120;004;0009;RT 009 RW 005 DUSUN KRAJAN II
32151200040010;3215120;3215120004;120;004;0010;RT 010 RW 005 DUSUN KRAJAN II
32151200040011;3215120;3215120004;120;004;0011;RT 011 RW 006 DUSUN KRAJAN II
32151200040012;3215120;3215120004;120;004;0012;RT 012 RW 006 DUSUN KRAJAN II
32151200040013;3215120;3215120004;120;004;0013;RT 013 RW 007 DUSUN NEGLASARI
32151200040014;3215120;3215120004;120;004;0014;RT 014 RW 007 DUSUN NEGLASARI
32151200041001;3215120;3215120004;120;004;1001;SAWAH
32151200041002;3215120;3215120004;120;004;1002;SAWAH
32151200041003;3215120;3215120004;120;004;1003;SAWAH
32151200041004;3215120;3215120004;120;004;1004;SAWAH
32151200041005;3215120;3215120004;120;004;1005;SAWAH
32151200041006;3215120;3215120004;120;004;1006;SAWAH
32151200050001;3215120;3215120005;120;005;0001;RT 001 RW 001 DUSUN KRAJAN 1
32151200050002;3215120;3215120005;120;005;0002;RT 002 RW 001 DUSUN KRAJAN 1
32151200050003;3215120;3215120005;120;005;0003;RT 003 RW 001 DUSUN KRAJAN 1
32151200050004;3215120;3215120005;120;005;0004;RT 004 RW 001 DUSUN KRAJAN 1
32151200050005;3215120;3215120005;120;005;0005;RT 005 RW 001 DUSUN KRAJAN 1
32151200050006;3215120;3215120005;120;005;0006;RT 006 RW 001 DUSUN KRAJAN 1
32151200050007;3215120;3215120005;120;005;0007;RT 007 RW 001 DUSUN KRAJAN 1
32151200050008;3215120;3215120005;120;005;0008;RT 008 RW 001 DUSUN KRAJAN 1
32151200050009;3215120;3215120005;120;005;0009;RT 009 RW 002 DUSUN  SUMUR BANDUNG
32151200050010;3215120;3215120005;120;005;0010;RT 010 RW 002 DUSUN  SUMUR BANDUNG
32151200050011;3215120;3215120005;120;005;0011;RT 011 RW 002 DUSUN SUMUR BANDUNG
32151200050012;3215120;3215120005;120;005;0012;RT 012 RW 002 DUSUN SUMUR BANDUNG
32151200050013;3215120;3215120005;120;005;0013;RT 013 RW 002 DUSUN SUMUR BANDUNG
32151200050014;3215120;3215120005;120;005;0014;RT 014 RW 003 DUSUN MARGASALAM
32151200050015;3215120;3215120005;120;005;0015;RT 015 RW 003 DUSUN MARGASALAM
32151200051001;3215120;3215120005;120;005;1001;SAWAH
32151200051005;3215120;3215120005;120;005;1005;SAWAH
32151200051006;3215120;3215120005;120;005;1006;SAWAH
32151200052002;3215120;3215120005;120;005;2002;SAWAH
32151200053003;3215120;3215120005;120;005;3003;SAWAH
32151200053004;3215120;3215120005;120;005;3004;SAWAH
32151200060001;3215120;3215120006;120;006;0001;RT 001 RW 001 DUSUN RAWAGEDE I
32151200060002;3215120;3215120006;120;006;0002;RT 002 RW 001 DUSUN RAWAGEDE I
32151200060003;3215120;3215120006;120;006;0003;RT 003 RW 001 DUSUN RAWAGEDE I
32151200060004;3215120;3215120006;120;006;0004;RT 004 RW 002 DUSUN RAWAGEDE I
32151200060005;3215120;3215120006;120;006;0005;RT 005 RW 002 DUSUN RAWAGEDE I
32151200060006;3215120;3215120006;120;006;0006;RT 006 RW 002 DUSUN RAWAGEDE I
32151200060007;3215120;3215120006;120;006;0007;RT 007 RW 003 DUSUN RAWAGEDE II
32151200060008;3215120;3215120006;120;006;0008;RT 008 RW 003 DUSUN RAWAGEDE II
32151200060009;3215120;3215120006;120;006;0009;RT 009 RW 003 DUSUN RAWAGEDE II
32151200060010;3215120;3215120006;120;006;0010;RT 010 RW 004 DUSUN RAWAGEDE II
32151200060011;3215120;3215120006;120;006;0011;RT 011 RW 004 DUSUN RAWAGEDE II
32151200060012;3215120;3215120006;120;006;0012;RT 012 RW 004 DUSUN RAWAGEDE II
32151200061001;3215120;3215120006;120;006;1001;SAWAH
32151200061002;3215120;3215120006;120;006;1002;SAWAH
32151200061003;3215120;3215120006;120;006;1003;SAWAH
32151200061004;3215120;3215120006;120;006;1004;SAWAH
32151200070001;3215120;3215120007;120;007;0001;RT 001 RW 001 DUSUN KRAJAN
32151200070002;3215120;3215120007;120;007;0002;RT 002 RW 001 DUSUN KRAJAN
32151200070003;3215120;3215120007;120;007;0003;RT 003 RW 001 DUSUN KRAJAN
32151200070004;3215120;3215120007;120;007;0004;RT 004 RW 002 DUSUN TAMIANG
32151200070005;3215120;3215120007;120;007;0005;RT 005 RW 002 DUSUN TAMIANG
32151200070006;3215120;3215120007;120;007;0006;RT 006 RW 002 DUSUN TAMIANG
32151200070007;3215120;3215120007;120;007;0007;RT 007 RW 003 DUSUN CILEMPUK
32151200070008;3215120;3215120007;120;007;0008;RT 008 RW 003 DUSUN CILEMPUK
32151200070009;3215120;3215120007;120;007;0009;RT 009 RW 003 DUSUN CILEMPUK
32151200071001;3215120;3215120007;120;007;1001;SAWAH
32151200071002;3215120;3215120007;120;007;1002;SAWAH
32151200071003;3215120;3215120007;120;007;1003;SAWAH
32151200071004;3215120;3215120007;120;007;1004;SAWAH
32151200080001;3215120;3215120008;120;008;0001;RT 001 RW 001 DUSUN KRAJAN
32151200080002;3215120;3215120008;120;008;0002;RT 002 RW 001 DUSUN KRAJAN
32151200080003;3215120;3215120008;120;008;0003;RT 003 RW 001 DUSUN KRAJAN
32151200080004;3215120;3215120008;120;008;0004;RT 004 RW 001 DUSUN KRAJAN
32151200080005;3215120;3215120008;120;008;0005;RT 005 RW 002 DUSUN TEGAL PANJANG
32151200080006;3215120;3215120008;120;008;0006;RT 006 RW 002 DUSUN TEGAL PANJANG
32151200080007;3215120;3215120008;120;008;0007;RT 007 RW 002 DUSUN TEGAL PANJANG
32151200080008;3215120;3215120008;120;008;0008;RT 008 RW 003 DUSUN JAMANTRI
32151200080009;3215120;3215120008;120;008;0009;RT 009 RW 003 DUSUN JAMANTRI
32151200080010;3215120;3215120008;120;008;0010;RT 010 RW 003 DUSUN JAMANTRI
32151200081001;3215120;3215120008;120;008;1001;SAWAH
32151200081002;3215120;3215120008;120;008;1002;SAWAH
32151200081003;3215120;3215120008;120;008;1003;SAWAH
32151200081004;3215120;3215120008;120;008;1004;SAWAH
32151200090001;3215120;3215120009;120;009;0001;RT 001 RW 001 DUSUN KRAJAN
32151200090002;3215120;3215120009;120;009;0002;RT 002 RW 001 DUSUN KRAJAN
32151200090003;3215120;3215120009;120;009;0003;RT 003 RW 001 DUSUN KRAJAN
32151200090004;3215120;3215120009;120;009;0004;RT 004 RW 001 DUSUN KRAJAN
32151200090005;3215120;3215120009;120;009;0005;RT 005 RW 001 DUSUN KRAJAN
32151200090006;3215120;3215120009;120;009;0006;RT 001 RW 002 DUSUN PATENGONG
32151200090007;3215120;3215120009;120;009;0007;RT 002 RW 002 DUSUN PATENGONG
32151200090008;3215120;3215120009;120;009;0008;RT 003 RW 002 DUSUN PATENGONG
32151200090009;3215120;3215120009;120;009;0009;RT 004 RW 002 DUSUN PATENGONG
32151200090010;3215120;3215120009;120;009;0010;RT 001 RW 003 DUSUN CILELE
32151200090011;3215120;3215120009;120;009;0011;RT 002 RW 003 DUSUN CILELE
32151200091001;3215120;3215120009;120;009;1001;SAWAH
32151200091002;3215120;3215120009;120;009;1002;SAWAH
32151200091003;3215120;3215120009;120;009;1003;SAWAH
32151200100001;3215120;3215120010;120;010;0001;RT 001 RW 001 DUSUN I
32151200100002;3215120;3215120010;120;010;0002;RT 002 RW 001 DUSUN I
32151200100003;3215120;3215120010;120;010;0003;RT 003 RW 001 DUSUN I
32151200100004;3215120;3215120010;120;010;0004;RT 004 RW 001 DUSUN I
32151200100005;3215120;3215120010;120;010;0005;RT 005 RW 001 DUSUN I
32151200100006;3215120;3215120010;120;010;0006;RT 006 RW 002 DUSUN II
32151200100007;3215120;3215120010;120;010;0007;RT 007 RW 002 DUSUN II
32151200100008;3215120;3215120010;120;010;0008;RT 008 RW 002 DUSUN II
32151200100009;3215120;3215120010;120;010;0009;RT 009 RW 002 DUSUN II
32151200100010;3215120;3215120010;120;010;0010;RT 010 RW 002 DUSUN II
32151200100011;3215120;3215120010;120;010;0011;RT 011 RW 003 DUSUN KAMURANGJATI
32151200100012;3215120;3215120010;120;010;0012;RT 012 RW 003 DUSUN KAMURANGJATI
32151200100013;3215120;3215120010;120;010;0013;RT 013 RW 003 DUSUN KAMURANGJATI
32151200100014;3215120;3215120010;120;010;0014;RT 014 RW 004 DUSUN CIWELUT
32151200100015;3215120;3215120010;120;010;0015;RT 015 RW 004 DUSUN CIWELUT
32151200100016;3215120;3215120010;120;010;0016;RT 016 RW 004 DUSUN CIWELUT
32151200101001;3215120;3215120010;120;010;1001;SAWAH BLOK RAWACABE
32151200101003;3215120;3215120010;120;010;1003;SAWAH BLOK SUMUR KACANG
32151200101004;3215120;3215120010;120;010;1004;SAWAH BLOK CIPALAWAD
32151200101005;3215120;3215120010;120;010;1005;SAWAH BLOK CIPALAWAD
32151200101006;3215120;3215120010;120;010;1006;SAWAH BLOK CIGELENDENG
32151200101007;3215120;3215120010;120;010;1007;SAWAH BLOK CIMENDONG
32151200101008;3215120;3215120010;120;010;1008;SAWAH BLOK CIKURU
32151200101009;3215120;3215120010;120;010;1009;SAWAH BLOK H. SUWANTA
32151200101010;3215120;3215120010;120;010;1010;SAWAH BLOK GEMPOL
32151200101011;3215120;3215120010;120;010;1011;SAWAH BLOK SENJATA
32151200101012;3215120;3215120010;120;010;1012;SAWAH BLOK GEMPOL
32151200101013;3215120;3215120010;120;010;1013;SAWAH BLOK KOBAK KITOKO
32151200101014;3215120;3215120010;120;010;1014;SAWAH BLOK SIL
32151200102002;3215120;3215120010;120;010;2002;SEMAK BELUKAR KARIMIC
32151200110001;3215120;3215120011;120;011;0001;RT 001 RW 001 DUSUN KRAJAN
32151200110002;3215120;3215120011;120;011;0002;RT 002 RW 001 DUSUN KRAJAN
32151200110003;3215120;3215120011;120;011;0003;RT 003 RW 001 DUSUN KRAJAN
32151200110004;3215120;3215120011;120;011;0004;RT 004 RW 001 DUSUN KRAJAN
32151200110005;3215120;3215120011;120;011;0005;RT 005 RW 002 DUSUN SAMPORA 1
32151200110006;3215120;3215120011;120;011;0006;RT 006 RW 002 DUSUN SAMPORA 1
32151200110007;3215120;3215120011;120;011;0007;RT 007 RW 002 DUSUN SAMPORA 1
32151200110008;3215120;3215120011;120;011;0008;RT 008 RW 003 DUSUN SAMPORA 2
32151200110009;3215120;3215120011;120;011;0009;RT 009 RW 003 DUSUN SAMPORA 2
32151200110010;3215120;3215120011;120;011;0010;RT 010 RW 003 DUSUN SAMPORA 2
32151200110011;3215120;3215120011;120;011;0011;RT 011 RW 004 DUSUN RAWAJATI
32151200110012;3215120;3215120011;120;011;0012;RT 012 RW 004 DUSUN RAWAJATI
32151200110013;3215120;3215120011;120;011;0013;RT 013 RW 004 DUSUN RAWAJATI
32151200110014;3215120;3215120011;120;011;0014;RT 014 RW 004 DUSUN RAWAJATI
32151200111001;3215120;3215120011;120;011;1001;SAWAH BLOK RAWACABE
32151200111002;3215120;3215120011;120;011;1002;SAWAH BLOK KANDANG SAPI
32151200111003;3215120;3215120011;120;011;1003;SAWAH BLOK KANDANG SAPI
32151200111004;3215120;3215120011;120;011;1004;SAWAH BLOK KAPLING
32151200111005;3215120;3215120011;120;011;1005;SAWAH BLOK KIDUL
32151200111006;3215120;3215120011;120;011;1006;SAWAH BLOK PASANTREN
32151200111007;3215120;3215120011;120;011;1007;SAWAH BLOK PASIRGUNTING
32151200111008;3215120;3215120011;120;011;1008;SAWAH BLOK RAWAJATI
32151200111009;3215120;3215120011;120;011;1009;SAWAH BLOK KALER
32151200111010;3215120;3215120011;120;011;1010;SAWAH BLOK SIL
32151200120001;3215120;3215120012;120;012;0001;RT 001 RW 001 DUSUN GOMBONG
32151200120002;3215120;3215120012;120;012;0002;RT 002 RW 001 DUSUN GOMBONG
32151200120003;3215120;3215120012;120;012;0003;RT 003 RW 002 DUSUN GARDUJAYA
32151200120004;3215120;3215120012;120;012;0004;RT 004 RW 002 DUSUN GARDUJAYA
32151200120005;3215120;3215120012;120;012;0005;RT 005 RW 004 DUSUN SUKAMAJU
32151200120006;3215120;3215120012;120;012;0006;RT 006 RW 004 DUSUN SUKAMAJU
32151200120007;3215120;3215120012;120;012;0007;RT 007 RW 003 DUSUN RAWASARI
32151200120008;3215120;3215120012;120;012;0008;RT 008 RW 003 DUSUN RAWASARI
32151200121001;3215120;3215120012;120;012;1001;SAWAH BLOK CIUNG
32151200121002;3215120;3215120012;120;012;1002;SAWAH BLOK CIUNG
32151200121003;3215120;3215120012;120;012;1003;SAWAH BLOK KOBAK KARAMAT
32151200121004;3215120;3215120012;120;012;1004;SAWAH BLOK GOMBONG
32151200121005;3215120;3215120012;120;012;1005;SAWAH BLOK KOBAK
32151200121006;3215120;3215120012;120;012;1006;SAWAH BLOK RAWADUTI
32151200121007;3215120;3215120012;120;012;1007;SAWAH BLOK SAWAH BUAH
32151200121009;3215120;3215120012;120;012;1009;SAWAH BLOK RAWADUTI
32151200121010;3215120;3215120012;120;012;1010;SAWAH BLOK GALIAN PASIR
32151200121011;3215120;3215120012;120;012;1011;SAWAH BLOK RAWAKUDA
32151200121012;3215120;3215120012;120;012;1012;SAWAH BLOK GALIAN PASIR
32151200121013;3215120;3215120012;120;012;1013;SAWAH BLOK BEDEMAN
32151200121014;3215120;3215120012;120;012;1014;SAWAH BLOK RAWAKUDA
32151200122008;3215120;3215120012;120;012;2008;SEMAK BELUKAR TPU
32151200130001;3215120;3215120013;120;013;0001;RT 001 RW 001 DUSUN KRAJAN
32151200130002;3215120;3215120013;120;013;0002;RT 002 RW 001 DUSUN KRAJAN
32151200130003;3215120;3215120013;120;013;0003;RT 003 RW 001 DUSUN KRAJAN
32151200130004;3215120;3215120013;120;013;0004;RT 004 RW 002 DUSUN TEGAL KONENG
32151200130005;3215120;3215120013;120;013;0005;RT 005 RW 002 DUSUN TEGAL KONENG
32151200130006;3215120;3215120013;120;013;0006;RT 006 RW 002 DUSUN TEGAL KONENG
32151200130007;3215120;3215120013;120;013;0007;RT 007 RW 003 DUSUN CILENGKA
32151200130008;3215120;3215120013;120;013;0008;RT 008 RW 003 DUSUN CILENGKA
32151200130009;3215120;3215120013;120;013;0009;RT 009 RW 002 DUSUN TEGAL KONENG
32151200131001;3215120;3215120013;120;013;1001;AREAL SAWAH BLOK CILENGKA
32151200131002;3215120;3215120013;120;013;1002;AREAL SAWAH BLOK CILENGKA
32151200131003;3215120;3215120013;120;013;1003;AREAL SAWAH BLOK TEGAL KONENG
32151200131004;3215120;3215120013;120;013;1004;SAWAH
32151300010001;3215130;3215130001;130;001;0001;RT 001 RW 001 DUSUN SUKAMAKMUR
32151300010002;3215130;3215130001;130;001;0002;RT 002 RW 001 DUSUN SUKAMAKMUR
32151300010003;3215130;3215130001;130;001;0003;RT 003 RW 002 DUSUN SUKAMAKMUR
32151300010004;3215130;3215130001;130;001;0004;RT 004 RW 002 DUSUN SUKAMAKMUR
32151300010005;3215130;3215130001;130;001;0005;RT 005 RW 003 DUSUN BURANDUL
32151300010006;3215130;3215130001;130;001;0006;RT 006 RW 003 DUSUN BURANDUL
32151300010007;3215130;3215130001;130;001;0007;RT 007 RW 004 DUSUN BURANDUL
32151300010008;3215130;3215130001;130;001;0008;RT 008 RW 004 DUSUN BURANDUL
32151300010009;3215130;3215130001;130;001;0009;RT 009 RW 005 DUSUN PAGELARAN
32151300010010;3215130;3215130001;130;001;0010;RT 010 RW 005 DUSUN PAGELARAN
32151300010011;3215130;3215130001;130;001;0011;RT 011 RW 006 DUSUN PAGELARAN
32151300010012;3215130;3215130001;130;001;0012;RT 012 RW 006 DUSUN PAGELARAN
32151300010013;3215130;3215130001;130;001;0013;RT 013 RW 007 DUSUN BENDUNGAN
32151300010014;3215130;3215130001;130;001;0014;RT 014 RW 007 DUSUN BENDUNGAN
32151300010015;3215130;3215130001;130;001;0015;RT 015 RW 008 DUSUN BENDUNGAN
32151300010016;3215130;3215130001;130;001;0016;RT 016 RW 008 DUSUN BENDUNGAN
32151300010017;3215130;3215130001;130;001;0017;RT 017 RW 009 DUSUN SUKAJAYA
32151300010018;3215130;3215130001;130;001;0018;RT 018 RW 009 DUSUN SUKAJAYA
32151300010019;3215130;3215130001;130;001;0019;RT 019 RW 010 DUSUN SUKAJAYA
32151300010020;3215130;3215130001;130;001;0020;RT 020 RW 010 DUSUN SUKAJAYA
32151300010021;3215130;3215130001;130;001;0021;RT 021 RW 011 DUSUN KANDAYAKAN
32151300010022;3215130;3215130001;130;001;0022;RT 022 RW 011 DUSUN KANDAYAKAN
32151300010023;3215130;3215130001;130;001;0023;RT 023 RW 012 DUSUN KANDAYAKAN
32151300010024;3215130;3215130001;130;001;0024;RT 024 RW 012 DUSUN KANDAYAKAN
32151300011001;3215130;3215130001;130;001;1001;PESAWAHAN
32151300011002;3215130;3215130001;130;001;1002;PESAWAHAN
32151300011003;3215130;3215130001;130;001;1003;PESAWAHAN
32151300020001;3215130;3215130002;130;002;0001;RT 001 RW 001 DUSUN CAPLEK
32151300020002;3215130;3215130002;130;002;0002;RT 002 RW 001 DUSUN CAPLEK
32151300020003;3215130;3215130002;130;002;0003;RT 001 RW 002 DUSUN CAPLEK
32151300020004;3215130;3215130002;130;002;0004;RT 002 RW 002 DUSUN CAPLEK
32151300020005;3215130;3215130002;130;002;0005;RT 001 RW 003 DUSUN WAGIRJENGKOL
32151300020006;3215130;3215130002;130;002;0006;RT 002 RW 003 DUSUN WAGIRJENGKOL
32151300020007;3215130;3215130002;130;002;0007;RT 001 RW 004 DUSUN WAGIRJENGKOL
32151300020008;3215130;3215130002;130;002;0008;RT 002 RW 004 DUSUN WAGIRJENGKLO
32151300020009;3215130;3215130002;130;002;0009;RT 001 RW 005 DUSUN JABON
32151300020010;3215130;3215130002;130;002;0010;RT 002 RW 005 DUSUN JABON
32151300020011;3215130;3215130002;130;002;0011;RT 001 RW 006 DUSUN CIGOONG
32151300020012;3215130;3215130002;130;002;0012;RT 002 RW 006 DUSUN CIGOONG
32151300020013;3215130;3215130002;130;002;0013;RT 001 RW 007 DUSUN KAUNGUCIP
32151300020014;3215130;3215130002;130;002;0014;RT 002 RW 007 DUSUN KAUNGUCIP
32151300020015;3215130;3215130002;130;002;0015;RT 001 RW 008 DUSUN KAUNGUCIP
32151300020016;3215130;3215130002;130;002;0016;RT 002 RW 008 DUSUN KAUNGUCIP
32151300020017;3215130;3215130002;130;002;0017;RT 003 RW 009 DUSUN GOWOKGLATIK
32151300021001;3215130;3215130002;130;002;1001;PESAWAHAN
32151300021002;3215130;3215130002;130;002;1002;PESAWAHAN
32151300021003;3215130;3215130002;130;002;1003;PESAWAHAN
32151300021004;3215130;3215130002;130;002;1004;PESAWAHAN
32151300030001;3215130;3215130003;130;003;0001;RT 001 RW 001 DUSUN JARAKAH 01
32151300030002;3215130;3215130003;130;003;0002;RT 002 RW 001 DUSUN JARAKAH 01
32151300030003;3215130;3215130003;130;003;0003;RT 003 RW 001 DUSUN JARAKAH 01
32151300030004;3215130;3215130003;130;003;0004;RT 004 RW 001 DUSUN JARAKAH 01
32151300030005;3215130;3215130003;130;003;0005;RT 005 RW 002 DUSUN JARAKAH 02
32151300030006;3215130;3215130003;130;003;0006;RT 006 RW 002 DUSUN JARAKAH 02
32151300030007;3215130;3215130003;130;003;0007;RT 007 RW 002 DUSUN JARAKAH 02
32151300030008;3215130;3215130003;130;003;0008;RT 008 RW 002 DUSUN JARAKAN 02
32151300030009;3215130;3215130003;130;003;0009;RT 009 RW 003 DUSUN BAYUR 02
32151300030010;3215130;3215130003;130;003;0010;RT 010 RW 003 DUSUN BAYUR 02
32151300030011;3215130;3215130003;130;003;0011;RT 011 RW 003 DUSUN BAYUR 01
32151300030012;3215130;3215130003;130;003;0012;RT 012 RW 003 DUSUN BAYUR 01
32151300030013;3215130;3215130003;130;003;0013;RT 013 RW 004 DUSUN LEMAH DUHUR
32151300030014;3215130;3215130003;130;003;0014;RT 014 RW 004 DUSUN LEMAH DUHUR
32151300030015;3215130;3215130003;130;003;0015;RT 015 RW 004 DUSUN LEMAH DUHUR
32151300030016;3215130;3215130003;130;003;0016;RT 016 RW 005 DUSUN NEGLA SARI
32151300030017;3215130;3215130003;130;003;0017;RT 017 RW 005 DUSUN NEGLA SARI
32151300030018;3215130;3215130003;130;003;0018;RT 018 RW 005 DUSUN NEGLA SARI
32151300031001;3215130;3215130003;130;003;1001;SAWAH
32151300031002;3215130;3215130003;130;003;1002;SAWAH
32151300031003;3215130;3215130003;130;003;1003;SAWAH
32151300040001;3215130;3215130004;130;004;0001;RT 001 RW 001 DUSUN PONDOK BALES
32151300040002;3215130;3215130004;130;004;0002;RT 002 RW 001 DUSUN PONDOK BALES
32151300040003;3215130;3215130004;130;004;0003;RT 003 RW 002 DUSUN PASIR MALANG
32151300040004;3215130;3215130004;130;004;0004;RT 004 RW 002 DUSUN PASIR MALANG
32151300040005;3215130;3215130004;130;004;0005;RT 005 RW 003 DUSUN PASIR MALANG
32151300040006;3215130;3215130004;130;004;0006;RT 006 RW 003 DUSUN PASIR MALANG
32151300040007;3215130;3215130004;130;004;0007;RT 007 RW 004 DUSUN SUAGAR
32151300040008;3215130;3215130004;130;004;0008;RT 008 RW 004 DUSUN SUAGAR
32151300040009;3215130;3215130004;130;004;0009;RT 009 RW 005 DUSUN SUAGAR
32151300040010;3215130;3215130004;130;004;0010;RT 010 RW 005 DUSUN SUAGAR
32151300040011;3215130;3215130004;130;004;0011;RT 011 RW 006 DUSUN PADATI MULYA
32151300040012;3215130;3215130004;130;004;0012;RT 012 RW 006 DUSUN PADATI MULYA
32151300040013;3215130;3215130004;130;004;0013;RT 013 RW 007 DUSUN PADATI MULYA
32151300040014;3215130;3215130004;130;004;0014;RT 014 RW 007 DUSUN PADATI MULYA
32151300041001;3215130;3215130004;130;004;1001;SAWAH
32151300050001;3215130;3215130005;130;005;0001;RT 001 RW 001 DUSUN PASIRKONCI 01
32151300050002;3215130;3215130005;130;005;0002;RT 002 RW 001 DUSUN PASIRKONCI 01
32151300050003;3215130;3215130005;130;005;0003;RT 003 RW 001 DUSUN PASIRKONCI 01
32151300050004;3215130;3215130005;130;005;0004;RT 001 RW 002 DUSUN PASIRKONCI 02
32151300050005;3215130;3215130005;130;005;0005;RT 002 RW 002 DUSUN PASIRKONCI 02
32151300050006;3215130;3215130005;130;005;0006;RT 003 RW 002 DUSUN PASIRKONCI 02
32151300050007;3215130;3215130005;130;005;0007;RT 001 RW 003 DUSUN WAGIR SERUT
32151300050008;3215130;3215130005;130;005;0008;RT 002 RW 003 DUSUN WAGIR SERUT
32151300050009;3215130;3215130005;130;005;0009;RT 001 RW 004 DUSUN WAGIR TERONG
32151300050010;3215130;3215130005;130;005;0010;RT 002 RW 004 DUSUN WAGIR TERONG
32151300050011;3215130;3215130005;130;005;0011;RT 001 RW 005 DUSUN GEMPOL
32151300050012;3215130;3215130005;130;005;0012;RT 002 RW 005 DUSUN GEMPOL
32151300050013;3215130;3215130005;130;005;0013;RT 001 RW 006 DUSUN BABAKAN HOE
32151300050014;3215130;3215130005;130;005;0014;RT 002 RW 006 DUSUN BABAKAN HOE
32151300050015;3215130;3215130005;130;005;0015;RT 003 RW 006 DUSUN BABAKAN HOE
32151300051001;3215130;3215130005;130;005;1001;SAWAH
32151300051002;3215130;3215130005;130;005;1002;SAWAH
32151300060001;3215130;3215130006;130;006;0001;RT 001 RW 001 DUSUN PAGADUNGAN
32151300060002;3215130;3215130006;130;006;0002;RT 002 RW 001 DUSUN PAGADUNGAN
32151300060003;3215130;3215130006;130;006;0003;RT 003 RW 002 DUSUN PAGADUNGAN
32151300060004;3215130;3215130006;130;006;0004;RT 004 RW 002 DUSUN PAGADUNGAN
32151300060005;3215130;3215130006;130;006;0005;RT 005 RW 003 DUSUN KALEN ASEM
32151300060006;3215130;3215130006;130;006;0006;RT 006 RW 003 DUSUN KALEN ASEM
32151300060007;3215130;3215130006;130;006;0007;RT 007 RW 004 DUSUN KALEN ASEM
32151300060008;3215130;3215130006;130;006;0008;RT 008 RW 004 DUSUN KALAN ASEM
32151300060009;3215130;3215130006;130;006;0009;RT 009 RW 005 DUSUN PANGARITAN
32151300060010;3215130;3215130006;130;006;0010;RT 010 RW 005 DUSUN PANGARITAN
32151300060011;3215130;3215130006;130;006;0011;RT 011 RW 006 DUSUN WAGIR SERUT
32151300060012;3215130;3215130006;130;006;0012;RT 012 RW 007 DUSUN CIGUHA
32151300061001;3215130;3215130006;130;006;1001;SAWAH BABAWANGAN
32151300062002;3215130;3215130006;130;006;2002;SAWAH BRA
32151300070001;3215130;3215130007;130;007;0001;RT 001 RW 001 DUSUN WAGIRLUMBUNG
32151300070002;3215130;3215130007;130;007;0002;RT 002 RW 001 DUSUN WAGIRLUMBUNG
32151300070003;3215130;3215130007;130;007;0003;RT 001 RW 002 DUSUN PULOGEBANG
32151300070004;3215130;3215130007;130;007;0004;RT 002 RW 002 DUSUN PULOGEBANG
32151300070005;3215130;3215130007;130;007;0005;RT 003 RW 002 DUSUN PULOGEBANG
32151300070006;3215130;3215130007;130;007;0006;RT 004 RW 002 DUSUN PULOGEBANG
32151300070007;3215130;3215130007;130;007;0007;RT 001 RW 003 DUSUN SUDAH
32151300070008;3215130;3215130007;130;007;0008;RT 002 RW 003 DUSUN SUDAH
32151300070009;3215130;3215130007;130;007;0009;RT 001 RW 004 DUSUN BANIR
32151300070010;3215130;3215130007;130;007;0010;RT 002 RW 004 DUSUN BANIR
32151300070011;3215130;3215130007;130;007;0011;RT 003 RW 004 DUSUN BANIR
32151300070012;3215130;3215130007;130;007;0012;RT 004 RW 004 DUSUN BANIR
32151300071001;3215130;3215130007;130;007;1001;SAWAH BLOK CIPERAK
32151300080001;3215130;3215130008;130;008;0001;RT 001 RW 001 DUSUN PULOHAUR
32151300080002;3215130;3215130008;130;008;0002;RT 002 RW 001 DUSUN PULOHAUR
32151300080003;3215130;3215130008;130;008;0003;RT 003 RW 002 DUSUN PULOWIDENG
32151300080004;3215130;3215130008;130;008;0004;RT 004 RW 002 DUSUN PULOWIDENG
32151300080005;3215130;3215130008;130;008;0005;RT 005 RW 003 DUSUN PULOMAS
32151300080006;3215130;3215130008;130;008;0006;RT 006 RW 003 DUSUN PULOMAS
32151300080007;3215130;3215130008;130;008;0007;RT 007 RW 004 DUSUN CIKETENG
32151300080008;3215130;3215130008;130;008;0008;RT 008 RW 004 DUSUN CIKETENG
32151300081001;3215130;3215130008;130;008;1001;SAWAH BLOK KOBAK JARAH
32151300090001;3215130;3215130009;130;009;0001;RT 001 RW 001 DUSUN TEMPURAN 01
32151300090002;3215130;3215130009;130;009;0002;RT 002 RW 001 DUSUN TEMPURAN 01
32151300090003;3215130;3215130009;130;009;0003;RT 003 RW 001 DUSUN TEMPURAN 01
32151300090004;3215130;3215130009;130;009;0004;RT 004 RW 001 DUSUN TEMPURAN 01
32151300090005;3215130;3215130009;130;009;0005;RT 005 RW 002 DUSUN TEMPURAN 02
32151300090006;3215130;3215130009;130;009;0006;RT 006 RW 002 DUSUN TEMPURAN 02
32151300090007;3215130;3215130009;130;009;0007;RT 007 RW 003 DUSUN TEMPURAN 03
32151300090008;3215130;3215130009;130;009;0008;RT 008 RW 003 DUSUN TEMPURAN 03
32151300090009;3215130;3215130009;130;009;0009;RT 009 RW 003 DUSUN TEMPURAN 03
32151300090010;3215130;3215130009;130;009;0010;RT 010 RW 004 DUSUN KALEN ASEM
32151300090011;3215130;3215130009;130;009;0011;RT 011 RW 004 DUSUN KALEN ASEM
32151300091001;3215130;3215130009;130;009;1001;PESAWAHAN TEMPURAN
32151300100001;3215130;3215130010;130;010;0001;RT 001 RW 001 DUSUN MUARA 01
32151300100002;3215130;3215130010;130;010;0002;RT 002 RW 001 DUSUN MUARA 01
32151300100003;3215130;3215130010;130;010;0003;RT 003 RW 001 DUSUN MUARA 01
32151300100004;3215130;3215130010;130;010;0004;RT 004 RW 001 DUSUN MUARA 01
32151300100005;3215130;3215130010;130;010;0005;RT 005 RW 002 DUSUN MUARA 02
32151300100006;3215130;3215130010;130;010;0006;RT 006 RW 002 DUSUN MUARA 02
32151300100007;3215130;3215130010;130;010;0007;RT 007 RW 002 DUSUN MUARA 02
32151300100008;3215130;3215130010;130;010;0008;RT 008 RW 002 DUSUN MUARA 02
32151300100009;3215130;3215130010;130;010;0009;RT 009 RW 003 DUSUN PULOMULYA
32151300100010;3215130;3215130010;130;010;0010;RT 010 RW 003 DUSUN PULOMULYA
32151300100011;3215130;3215130010;130;010;0011;RT 011 RW 003 DUSUN PULOMULYA
32151300100012;3215130;3215130010;130;010;0012;RT 012 RW 004 DUSUN MANGUNKARYA
32151300100013;3215130;3215130010;130;010;0013;RT 013 RW 004 DUSUN MANGUNKARYA
32151300100014;3215130;3215130010;130;010;0014;RT 014 RW 004 DUSUN MANGUNKARYA
32151300100015;3215130;3215130010;130;010;0015;RT 015 RW 005 DUSUN CIBANJAR
32151300100016;3215130;3215130010;130;010;0016;RT 016 RW 005 DUSUN CIBANJAR
32151300101001;3215130;3215130010;130;010;1001;BLOK EMPANG CIBANJAR
32151300110001;3215130;3215130011;130;011;0001;RT 001 RW 001 DUSUN CIKUNTUL BARAT
32151300110002;3215130;3215130011;130;011;0002;RT 002 RW 001 DUSUN CIKUNTUL BARAT
32151300110003;3215130;3215130011;130;011;0003;RT 003 RW 001 DUSUN CIKUNTUL BARAT
32151300110004;3215130;3215130011;130;011;0004;RT 004 RW 001 DUSUN CIKUNTUL BARAT
32151300110005;3215130;3215130011;130;011;0005;RT 005 RW 002 DUSUN CIKUNTUL TIMUR
32151300110006;3215130;3215130011;130;011;0006;RT 006 RW 002 DUSUN CIKUNTUL TIMUR
32151300110007;3215130;3215130011;130;011;0007;RT 007 RW 002 DUSUN CIKUNTUL TIMUR
32151300110008;3215130;3215130011;130;011;0008;RT 008 RW 002 DUSUN CIKUNTUL TIMUR
32151300110009;3215130;3215130011;130;011;0009;RT 009 RW 003 DUSUN KOSAMBIRANGRANG
32151300110010;3215130;3215130011;130;011;0010;RT 010 RW 003 DUSUN KOSAMBIRANGRANG
32151300110011;3215130;3215130011;130;011;0011;RT 011 RW 003 DUSUN KOSAMBIRANGRANG
32151300110012;3215130;3215130011;130;011;0012;RT 012 RW 003 DUSUN KOSAMBIRANGRANG
32151300110013;3215130;3215130011;130;011;0013;RT 013 RW 004 DUSUN RAWAKANDANG
32151300110014;3215130;3215130011;130;011;0014;RT 014 RW 004 DUSUN RAWAKANDANG
32151300110015;3215130;3215130011;130;011;0015;RT 015 RW 004 DUSUN RAWAKANDANG
32151300110016;3215130;3215130011;130;011;0016;RT 016 RW 004 DUSUN RAWAKANDANG
32151300111001;3215130;3215130011;130;011;1001;BLOK SAWAH CIKUNTUL
32151300120001;3215130;3215130012;130;012;0001;RT 001 RW 001 DUSUN KALENJAYA
32151300120002;3215130;3215130012;130;012;0002;RT 002 RW 001 DUSUN KALENJAYA
32151300120003;3215130;3215130012;130;012;0003;RT 003 RW 001 DUSUN KALENJAYA
32151300120004;3215130;3215130012;130;012;0004;RT 004 RW 002 DUSUN BELENDUNG 01
32151300120005;3215130;3215130012;130;012;0005;RT 005 RW 002 DUSUN BELENDUNG 01
32151300120006;3215130;3215130012;130;012;0006;RT 006 RW 002 DUSUN BELENDUNG 01
32151300120007;3215130;3215130012;130;012;0007;RT 007 RW 002 DUSUN BELENDUNG 01
32151300120008;3215130;3215130012;130;012;0008;RT 008 RW 003 DUSUN BELENDUNG 02
32151300120009;3215130;3215130012;130;012;0009;RT 009 RW 003 DUSUN BELENDUNG 02
32151300120010;3215130;3215130012;130;012;0010;RT 010 RW 004 DUSUN BELENDUNG 03
32151300120011;3215130;3215130012;130;012;0011;RT 011 RW 004 DUSUN BELENDUNG 03
32151300120012;3215130;3215130012;130;012;0012;RT 012 RW 005 DUSUN KALENKALONG
32151300120013;3215130;3215130012;130;012;0013;RT 013 RW 005 DUSUN KALENKALONG
32151300121001;3215130;3215130012;130;012;1001;BLOK SAWAH WAGIRGANDU
32151300121002;3215130;3215130012;130;012;1002;BLOK SAWAH KALEN SEMUT
32151300130001;3215130;3215130013;130;013;0001;RT 001 RW 001 DUSUN BENGLE
32151300130002;3215130;3215130013;130;013;0002;RT 002 RW 001 DUSUN BENGLE
32151300130003;3215130;3215130013;130;013;0003;RT 003 RW 002 DUSUN BENGLE
32151300130004;3215130;3215130013;130;013;0004;RT 004 RW 002 DUSUN BENGLE
32151300130005;3215130;3215130013;130;013;0005;RT 005 RW 001 DUSUN BUER
32151300130006;3215130;3215130013;130;013;0006;RT 006 RW 001 DUSUN BUER
32151300130007;3215130;3215130013;130;013;0007;RT 007 RW 002 DUSUN BUER
32151300130008;3215130;3215130013;130;013;0008;RT 008 RW 002 DUSUN BUER
32151300130009;3215130;3215130013;130;013;0009;RT 009 RW 001 DUSUN BAROS
32151300130010;3215130;3215130013;130;013;0010;RT 010 RW 001 DUSUN BAROS
32151300130011;3215130;3215130013;130;013;0011;RT 011 RW 002 DUSUN BAROS
32151300130012;3215130;3215130013;130;013;0012;RT 012 RW 002 DUSUN BAROS
32151300131001;3215130;3215130013;130;013;1001;PESAWAHAN
32151300140001;3215130;3215130014;130;014;0001;RT 001 RW 001 DUSUN TURI TIMUR
32151300140002;3215130;3215130014;130;014;0002;RT 002 RW 001 DUSUN TURI TIMUR
32151300140003;3215130;3215130014;130;014;0003;RT 003 RW 002 DUSUN TURI TIMUR
32151300140004;3215130;3215130014;130;014;0004;RT 004 RW 002 DUSUN TURI TIMUR
32151300140005;3215130;3215130014;130;014;0005;RT 005 RW 003 DUSUN BUER
32151300140006;3215130;3215130014;130;014;0006;RT 006 RW 003 DUSUN BUER
32151300140007;3215130;3215130014;130;014;0007;RT 007 RW 003 DUSUN BUER
32151300140008;3215130;3215130014;130;014;0008;RT 008 RW 004 DUSUN BUER
32151300140009;3215130;3215130014;130;014;0009;RT 009 RW 004 DUSUN BUER
32151300140010;3215130;3215130014;130;014;0010;RT 010 RW 005 DUSUN KEDUNGWOWO
32151300140011;3215130;3215130014;130;014;0011;RT 011 RW 005 DUSUN KEDUNGWOWO
32151300140012;3215130;3215130014;130;014;0012;RT 012 RW 006 DUSUN KEDUNGWOWO
32151300140013;3215130;3215130014;130;014;0013;RT 013 RW 006 DUSUN KEDUNGWOWO
32151300140014;3215130;3215130014;130;014;0014;RT 013 RW 007 DUSUN KATIMAHA
32151300140015;3215130;3215130014;130;014;0015;RT 014 RW 007 DUSUN KATIMAHA
32151300140016;3215130;3215130014;130;014;0016;RT 015 RW 008 DUSUN KATIMAHA
32151300140017;3215130;3215130014;130;014;0017;RT 016 RW 008 DUSUN KATIMAHA
32151300141001;3215130;3215130014;130;014;1001;PESAWAHAN
32151300141002;3215130;3215130014;130;014;1002;PESAWAHAN
32151300141003;3215130;3215130014;130;014;1003;PESAWAHAN
32151400010001;3215140;3215140001;140;001;0001;RT 001 RW 001 DUSUN KRAJAN IA
32151400010002;3215140;3215140001;140;001;0002;RT 002 RW 001 DUSUN KRAJAN IA
32151400010003;3215140;3215140001;140;001;0003;RT 003 RW 001 DUSUN KRAJAN IA
32151400010004;3215140;3215140001;140;001;0004;RT 004 RW 002 DUSUN KRAJAN IB
32151400010005;3215140;3215140001;140;001;0005;RT 005 RW 002 DUSUN KRAJAN IB
32151400010006;3215140;3215140001;140;001;0006;RT 006 RW 002 DUSUN KRAJAN IB
32151400010007;3215140;3215140001;140;001;0007;RT 007 RW 003 DUSUN KOBAK BALI
32151400010008;3215140;3215140001;140;001;0008;RT 008 RW 003 DUSUN KOBAK BALI
32151400010009;3215140;3215140001;140;001;0009;RT 009 RW 003 DUSUN KOBAK BALI
32151400010010;3215140;3215140001;140;001;0010;RT 010 RW 003 DUSUN KOBAK BALI
32151400010011;3215140;3215140001;140;001;0011;RT 011 RW 004 DUSUN BABAKAN LOA
32151400010012;3215140;3215140001;140;001;0012;RT 012 RW 004 DUSUN BABAKAN LOA
32151400011001;3215140;3215140001;140;001;1001;SAWAH
32151400020001;3215140;3215140002;140;002;0001;RT 001 RW 001 DUSUN KAMURANG JATI
32151400020002;3215140;3215140002;140;002;0002;RT 002 RW 001 DUSUN KAMURANG JATI
32151400020003;3215140;3215140002;140;002;0003;RT 002 RW 002 DUSUN RAWA KEPUH
32151400020004;3215140;3215140002;140;002;0004;RT 003 RW 002 DUSUN RAWA KEPUH
32151400020005;3215140;3215140002;140;002;0005;RT 004 RW 002 DUSUN RAWA KEPUH
32151400020006;3215140;3215140002;140;002;0006;RT 005 RW 003 DUSUN CILIGUR 1
32151400020007;3215140;3215140002;140;002;0007;RT 006 RW 003 DUSUN CILIGUR 1
32151400020008;3215140;3215140002;140;002;0008;RT 007 RW 004 DUSUN CILIGUR 1
32151400020009;3215140;3215140002;140;002;0009;RT 008 RW 004 DUSUN CILIGUR 2
32151400020010;3215140;3215140002;140;002;0010;RT 009 RW 005 DUSUN CILIGUR 2
32151400020011;3215140;3215140002;140;002;0011;RT 010 RW 005 DUSUN CILIGUR 2
32151400020012;3215140;3215140002;140;002;0012;RT 011 RW 005 DUSUN CILIGUR 2
32151400021001;3215140;3215140002;140;002;1001;SAWAH
32151400021002;3215140;3215140002;140;002;1002;SAWAH
32151400021003;3215140;3215140002;140;002;1003;SAWAH
32151400030001;3215140;3215140003;140;003;0001;RT 001 RW 001 DUSUN CIAMPEL
32151400030002;3215140;3215140003;140;003;0002;RT 002 RW 001 DUSUN CIAMPEL
32151400030003;3215140;3215140003;140;003;0003;RT 003 RW 001 DUSUN CIAMPEL
32151400030004;3215140;3215140003;140;003;0004;RT 004 RW 002 DUSUN RAWA BAMBU 1
32151400030005;3215140;3215140003;140;003;0005;RT 005 RW 002 DUSUN RAWA BAMBU 1
32151400030006;3215140;3215140003;140;003;0006;RT 006 RW 002 DUSUN RAWA BAMBU 1
32151400030007;3215140;3215140003;140;003;0007;RT 007 RW 003 DUSUN RAWA BAMBU 2
32151400030008;3215140;3215140003;140;003;0008;RT 008 RW 003 DUSUN RAWA BAMBU 2
32151400030009;3215140;3215140003;140;003;0009;RT 009 RW 003 DUSUN RAWA BAMBU 2
32151400030010;3215140;3215140003;140;003;0010;RT 010 RW 004 DUSUN TAMIANG
32151400030011;3215140;3215140003;140;003;0011;RT 011 RW 004 DUSUN TAMIANG
32151400030012;3215140;3215140003;140;003;0012;RT 012 RW 004 DUSUN TAMIANG
32151400031001;3215140;3215140003;140;003;1001;SAWAH
32151400031002;3215140;3215140003;140;003;1002;SAWAH
32151400031003;3215140;3215140003;140;003;1003;SAWAH
32151400040001;3215140;3215140004;140;004;0001;RT 001 RW 001 DUSUN CIBANTENG 1
32151400040002;3215140;3215140004;140;004;0002;RT 002 RW 001 DUSUN CIBANTENG 1
32151400040003;3215140;3215140004;140;004;0003;RT 003 RW 001 DUSUN CIBANTING 1
32151400040004;3215140;3215140004;140;004;0004;RT 004 RW 001 DUSUN CIBANTENG 1
32151400040005;3215140;3215140004;140;004;0005;RT 005 RW 002 DUSUN CIBANTENG 2
32151400040006;3215140;3215140004;140;004;0006;RT 006 RW 002 DUSUN CIBANTENG 2
32151400040007;3215140;3215140004;140;004;0007;RT 007 RW 002 DUSUN CIBANTENG 2
32151400040008;3215140;3215140004;140;004;0008;RT 008 RW 003 DUSUN CIBANTENG 2
32151400040009;3215140;3215140004;140;004;0009;RT 009 RW 003 DUSUN CIBANTENG 2
32151400041001;3215140;3215140004;140;004;1001;SAWAH
32151400050001;3215140;3215140005;140;005;0001;RT 001 RW 001 DUSUN DUKUH 1
32151400050002;3215140;3215140005;140;005;0002;RT 002 RW 001 DUSUN DUKUH 1
32151400050003;3215140;3215140005;140;005;0003;RT 003 RW 001 DUSUN DUKUH 1
32151400050004;3215140;3215140005;140;005;0004;RT 004 RW 001 DUSUN DUKUH 1
32151400050005;3215140;3215140005;140;005;0005;RT 005 RW 002 DUSUN DUKUH 2
32151400050006;3215140;3215140005;140;005;0006;RT 006 RW 002 DUSUN DUKUH 2
32151400050007;3215140;3215140005;140;005;0007;RT 007 RW 002 DUSUN DUKUH 2
32151400050008;3215140;3215140005;140;005;0008;RT 008 RW 003 DUSUN KEDUNGMUNDU TIMUR
32151400050009;3215140;3215140005;140;005;0009;RT 009 RW 003 DUSUN KEDUNGMUNDU TIMUR
32151400050010;3215140;3215140005;140;005;0010;RT 010 RW 003 DUSUN KEDUNGMUNDU TIMUR
32151400050011;3215140;3215140005;140;005;0011;RT 011 RW 004 DUSUN KEDUNGMUNDU BARAT
32151400050012;3215140;3215140005;140;005;0012;RT 012 RW 004 DUSUN KEDUNGMUNDU BARAT
32151400050013;3215140;3215140005;140;005;0013;RT 013 RW 005 DUSUN KARANGANYAR
32151400050014;3215140;3215140005;140;005;0014;RT 014 RW 005 DUSUN KARANGANYAR
32151400051001;3215140;3215140005;140;005;1001;SAWAH
32151400051002;3215140;3215140005;140;005;1002;SAWAH
32151400051003;3215140;3215140005;140;005;1003;SAWAH
32151400060001;3215140;3215140006;140;006;0001;RT 001 RW 001 DUSUN KRAJAN IA
32151400060002;3215140;3215140006;140;006;0002;RT 002 RW 001 DUSUN KRAJAN IA
32151400060003;3215140;3215140006;140;006;0003;RT 003 RW 002 DUSUN KRAJAN IB
32151400060004;3215140;3215140006;140;006;0004;RT 004 RW 002 DUSUN KRAJAN IB
32151400060005;3215140;3215140006;140;006;0005;RT 005 RW 003 DUSUN PULOKAIM
32151400060006;3215140;3215140006;140;006;0006;RT 006 RW 004 DUSUN KRAJAN II
32151400060007;3215140;3215140006;140;006;0007;RT 007 RW 004 DUSUN KRAJAN II
32151400060008;3215140;3215140006;140;006;0008;RT 008 RW 005 DUSUN JUNTI BARAT
32151400060009;3215140;3215140006;140;006;0009;RT 009 RW 005 DUSUN JUNTI BARAT
32151400060010;3215140;3215140006;140;006;0010;RT 010 RW 006 DUSUN JUNTI KAUM
32151400060011;3215140;3215140006;140;006;0011;RT 011 RW 006 DUSUN JUNTI KAUM
32151400060012;3215140;3215140006;140;006;0012;RT 012 RW 007 DUSUN JUNTI TIMUR
32151400060013;3215140;3215140006;140;006;0013;RT 013 RW 007 DUSUN JUNTI TIMUR
32151400061001;3215140;3215140006;140;006;1001;SAWAH
32151400061002;3215140;3215140006;140;006;1002;SAWAH
32151400061003;3215140;3215140006;140;006;1003;SAWAH
32151400070001;3215140;3215140007;140;007;0001;RT 001 RW 001 DUSUN PANGASINAN
32151400070002;3215140;3215140007;140;007;0002;RT 002 RW 001 DUSUN PANGASINAN
32151400070003;3215140;3215140007;140;007;0003;RT 003 RW 001 DUSUN PANGASINAN
32151400070004;3215140;3215140007;140;007;0004;RT 004 RW 002 DUSUN WALUYA
32151400070005;3215140;3215140007;140;007;0005;RT 005 RW 002 DUSUN WALUYA
32151400070006;3215140;3215140007;140;007;0006;RT 006 RW 002 DUSUN WALUYA
32151400070007;3215140;3215140007;140;007;0007;RT 007 RW 003 DUSUN CIKERIS I
32151400070008;3215140;3215140007;140;007;0008;RT 008 RW 003 DUSUN CIKERIS I
32151400070009;3215140;3215140007;140;007;0009;RT 009 RW 004 DUSUN CIKERIS I
32151400070010;3215140;3215140007;140;007;0010;RT 010 RW 004 DUSUN CIKERIS II
32151400070011;3215140;3215140007;140;007;0011;RT 011 RW 005 DUSUN CIKERIS II
32151400070012;3215140;3215140007;140;007;0012;RT 012 RW 005 DUSUN CIKERIS II
32151400071001;3215140;3215140007;140;007;1001;SAWAH
32151400080001;3215140;3215140008;140;008;0001;RT 1 RW 001 DUSUN KRAJAN 1 A
32151400080002;3215140;3215140008;140;008;0002;RT 2 RW 001 DUSUN KRAJAN 1 A
32151400080003;3215140;3215140008;140;008;0003;RT 3 RW 001 DUSUN KRAJAN 1 A
32151400080004;3215140;3215140008;140;008;0004;RT 4 RW 001 DUSUN KRAJAN 1 A
32151400080005;3215140;3215140008;140;008;0005;RT 5 RW 001 DUSUN KRAJAN 1 A
32151400080006;3215140;3215140008;140;008;0006;RT 6 RW 001 DUSUN KRAJAN 1 A
32151400080007;3215140;3215140008;140;008;0007;RT 7 RW 002 DUSUN KRAJAN 1 B
32151400080008;3215140;3215140008;140;008;0008;RT 8 RW 002 DUSUN KRAJAN 1 B
32151400080009;3215140;3215140008;140;008;0009;RT 9 RW 002 DUSUN KRAJAN 1 B
32151400080010;3215140;3215140008;140;008;0010;RT 10 RW 003 DUSUN KRAJAN 1 B
32151400080011;3215140;3215140008;140;008;0011;RT 11 RW 003 DUSUN KRAJAN 1 B
32151400080012;3215140;3215140008;140;008;0012;RT 12 RW 003 DUSUN KRAJAN 1 B
32151400080013;3215140;3215140008;140;008;0013;RT 13 RW 003 DUSUN KRAJAN 2 B
32151400080014;3215140;3215140008;140;008;0014;RT 14 RW 004 DUSUN KRAJAN 2 B
32151400080015;3215140;3215140008;140;008;0015;RT 15 RW 004 DUSUN KRAJAN 2
32151400080016;3215140;3215140008;140;008;0016;RT 16 RW 004 DUSUN KRAJAN 2
32151400080017;3215140;3215140008;140;008;0017;RT 17 RW 004 DUSUN KRAJAN 2
32151400080018;3215140;3215140008;140;008;0018;RT 18 RW 004 DUSUN KRAJAN 2
32151400080019;3215140;3215140008;140;008;0019;RT 19 RW 005 DUSUN KRAJAN 2 A
32151400080020;3215140;3215140008;140;008;0020;RT 20 RW 005 DUSUN KRAJAN 2 A
32151400080021;3215140;3215140008;140;008;0021;RT 21 RW 005 DUSUN SEMPLEK
32151400080022;3215140;3215140008;140;008;0022;RT 22 RW 005 DUSUN SEMPLEK
32151400080023;3215140;3215140008;140;008;0023;RT 23 RW 005 DUSUN SEMPLEK
32151400080024;3215140;3215140008;140;008;0024;RT 24 RW 005 DUSUN SEMPLEK
32151400081001;3215140;3215140008;140;008;1001;SAWAH
32151400081002;3215140;3215140008;140;008;1002;SAWAH
32151400090001;3215140;3215140009;140;009;0001;RT 001 RW 001 DUSUN BORONTOK BARAT
32151400090002;3215140;3215140009;140;009;0002;RT 002 RW 001 DUSUN BORONTOK BARAT
32151400090003;3215140;3215140009;140;009;0003;RT 003 RW 001 DUSUN BORONTOK BARAT
32151400090004;3215140;3215140009;140;009;0004;RT 004 RW 001 DUSUN BORONTOK BARAT
32151400090005;3215140;3215140009;140;009;0005;RT 005 RW 001 DUSUN BORONTOK BARAT
32151400090006;3215140;3215140009;140;009;0006;RT 006 RW 002 DUSUN BORONTOK TIMUR
32151400090007;3215140;3215140009;140;009;0007;RT 007 RW 002 DUSUN BORONTOK TIMUR
32151400090008;3215140;3215140009;140;009;0008;RT 008 RW 002 DUSUN BORONTOK TIMUR
32151400090009;3215140;3215140009;140;009;0009;RT 009 RW 003 DUSUN TEGAL ASEM
32151400090010;3215140;3215140009;140;009;0010;RT 010 RW 003 DUSUN TEGAL ASEM
32151400090011;3215140;3215140009;140;009;0011;RT 011 RW 003 DUSUN TEGAL ASEM
32151400090012;3215140;3215140009;140;009;0012;RT 012 RW 003 DUSUN TEGAL ASEM
32151400090013;3215140;3215140009;140;009;0013;RT 013 RW 004 DUSUN GEBANG MALANG
32151400090014;3215140;3215140009;140;009;0014;RT 014 RW 004 DUSUN GEBANG MALANG
32151400090015;3215140;3215140009;140;009;0015;RT 015 RW 004 DUSUN GEBANG MALANG
32151400090016;3215140;3215140009;140;009;0016;RT 016 RW 005 DUSUN CUKANGGALEUH
32151400090017;3215140;3215140009;140;009;0017;RT 017 RW 005 DUSUN CUKANGGALEUH
32151400090018;3215140;3215140009;140;009;0018;RT 018 RW 005 DUSUN CUKANGGALEUH
32151400091001;3215140;3215140009;140;009;1001;SAWAH
32151400100001;3215140;3215140010;140;010;0001;RT 001 RW 001 DUSUN RAWA MANUK
32151400100002;3215140;3215140010;140;010;0002;RT 002 RW 001 DUSUN RAWA MANUK
32151400100003;3215140;3215140010;140;010;0003;RT 003 RW 001 DUSUN RAWA MANUK
32151400100004;3215140;3215140010;140;010;0004;RT 004 RW 001 DUSUN RAWA MANUK
32151400100005;3215140;3215140010;140;010;0005;RT 005 RW 002 DUSUN RAWA MACAN
32151400100006;3215140;3215140010;140;010;0006;RT 006 RW 002 DUSUN RAWA MACAN
32151400100007;3215140;3215140010;140;010;0007;RT 007 RW 002 DUSUN RAWA MACAN
32151400100008;3215140;3215140010;140;010;0008;RT 008 RW 002 DUSUN RAWA MACAN
32151400100009;3215140;3215140010;140;010;0009;RT 009 RW 002 DUSUN RAWA MACAN
32151400101001;3215140;3215140010;140;010;1001;SAWAH
32151400110001;3215140;3215140011;140;011;0001;RT 001 RW 001 DUSUN CITEUREUP
32151400110002;3215140;3215140011;140;011;0002;RT 002 RW 001 DUSUN CITEUREUP
32151400110003;3215140;3215140011;140;011;0003;RT 003 RW 002 DUSUN CITEUREUP
32151400110004;3215140;3215140011;140;011;0004;RT 004 RW 002 DUSUN CITEUREUP
32151400110005;3215140;3215140011;140;011;0005;RT 005 RW 002 DUSUN CITEUREUP
32151400110006;3215140;3215140011;140;011;0006;RT 006 RW 003 DUSUN CITEUREUP
32151400110007;3215140;3215140011;140;011;0007;RT 007 RW 003 DUSUN CITEUREUP
32151400110008;3215140;3215140011;140;011;0008;RT 008 RW 003 DUSUN CITEUREUP
32151400110009;3215140;3215140011;140;011;0009;RT 009 RW 004 DUSUN PORIS
32151400110010;3215140;3215140011;140;011;0010;RT 010 RW 004 DUSUN PORIS
32151400111001;3215140;3215140011;140;011;1001;SAWAH
32151400111002;3215140;3215140011;140;011;1002;SAWAH
32151400120001;3215140;3215140012;140;012;0001;RT 001 RW 001 DUSUN KARAJAN
32151400120002;3215140;3215140012;140;012;0002;RT 002 RW 001 DUSUN KARAJAN
32151400120003;3215140;3215140012;140;012;0003;RT 003 RW 001 DUSUN KARAJAN
32151400120004;3215140;3215140012;140;012;0004;RT 004 RW 001 DUSUN KARAJAN
32151400120005;3215140;3215140012;140;012;0005;RT 005 RW 002 DUSUN BEDENG
32151400120006;3215140;3215140012;140;012;0006;RT 006 RW 002 DUSUN BEDENG
32151400120007;3215140;3215140012;140;012;0007;RT 007 RW 002 DUSUN BEDENG
32151400120008;3215140;3215140012;140;012;0008;RT 008 RW 002 DUSUN BEDENG
32151400120009;3215140;3215140012;140;012;0009;RT 009 RW 003 DUSUN BABAKAN
32151400120010;3215140;3215140012;140;012;0010;RT 010 RW 003 DUSUN BABAKAN
32151400120011;3215140;3215140012;140;012;0011;RT 011 RW 003 DUSUN BABAKAN
32151400120012;3215140;3215140012;140;012;0012;RT 012 RW 003 DUSUN BABAKAN
32151400121001;3215140;3215140012;140;012;1001;SAWAH
32151400121002;3215140;3215140012;140;012;1002;SAWAH
32151500010001;3215150;3215150001;150;001;0001;RT 001 RW 001 DUSUN KRAJAN
32151500010002;3215150;3215150001;150;001;0002;RT 002 RW 001 DUSUN KRAJAN
32151500010003;3215150;3215150001;150;001;0003;RT 003 RW 001 DUSUN KRAJAN
32151500010004;3215150;3215150001;150;001;0004;RT 004 RW 001 DUSUN KRAJAN
32151500010005;3215150;3215150001;150;001;0005;RT 005 RW 001 DUSUN KRAJAN
32151500010006;3215150;3215150001;150;001;0006;RT 006 RW 002 DUSUN SINAR SARI
32151500010007;3215150;3215150001;150;001;0007;RT 007 RW 002 DUSUN SINAR SARI
32151500010008;3215150;3215150001;150;001;0008;RT 008 RW 002 DUSUN SINAR SARI
32151500010009;3215150;3215150001;150;001;0009;RT 009 RW 002 DUSUN SINAR SARI
32151500010010;3215150;3215150001;150;001;0010;RT 010 RW 002 DUSUN SINAR SARI
32151500010011;3215150;3215150001;150;001;0011;RT 011 RW 003 DUSUN MEKARSARI
32151500010012;3215150;3215150001;150;001;0012;RT 012 RW 003 DUSUN MEKARSARI
32151500010013;3215150;3215150001;150;001;0013;RT 013 RW 003 DUSUN MEKARSARI
32151500010014;3215150;3215150001;150;001;0014;RT 014 RW 003 DUSUN MEKARSARI
32151500010015;3215150;3215150001;150;001;0015;RT 015 RW 004 DUSUN JATIMULYA
32151500010016;3215150;3215150001;150;001;0016;RT 016 RW 004 DUSUN JATIMULYA
32151500010017;3215150;3215150001;150;001;0017;RT 017 RW 004 DUSUN JATIMULYA
32151500010018;3215150;3215150001;150;001;0018;RT 018 RW 004 DUSUN JATIMULYA
32151500010019;3215150;3215150001;150;001;0019;RT 019 RW 004 DUSUN JATIMULYA
32151500010020;3215150;3215150001;150;001;0020;RT 020 RW 004 DUSUN TARIKOLOT
32151500010021;3215150;3215150001;150;001;0021;RT 021 RW 005 DUSUN TARIKOLOT
32151500010022;3215150;3215150001;150;001;0022;RT 022 RW 005 DUSUN TARIKOLOT
32151500010023;3215150;3215150001;150;001;0023;RT 023 RW 005 DUSUN TARIKOLOT
32151500010024;3215150;3215150001;150;001;0024;RT 024 RW 005 DUSUN TARIKOLOT
32151500010025;3215150;3215150001;150;001;0025;RT 025 RW 005 DUSUN TARIKOLOT
32151500010026;3215150;3215150001;150;001;0026;RT 026 RW 006 DUSUN WANAJAYA
32151500010027;3215150;3215150001;150;001;0027;RT 027 RW 006 DUSUN WANAJAYA
32151500010028;3215150;3215150001;150;001;0028;RT 028 RW 006 DUSUN WANAJAYA
32151500010029;3215150;3215150001;150;001;0029;RT 029 RW 006 DUSUN WANAJAYA
32151500010030;3215150;3215150001;150;001;0030;RT 030 RW 004 DUSUN JATIMULYA
32151500010031;3215150;3215150001;150;001;0031;RT 031 RW 007 DUSUN PERUM ADIMIX
32151500010032;3215150;3215150001;150;001;0032;RT 032 RW 007 DUSUN PERUM ADIMIX
32151500010033;3215150;3215150001;150;001;0033;RT 033 RW 007 DUSUN PERUM ADIMIX
32151500010034;3215150;3215150001;150;001;0034;RT 034 RW 007 DUSUN PERUM ADIMIX
32151500010035;3215150;3215150001;150;001;0035;RT 035 RW 007 DUSUN PERUM KALANGSARI
32151500010036;3215150;3215150001;150;001;0036;RT 036 RW 007 DUSUN PERUM KALANGSARI
32151500020001;3215150;3215150002;150;002;0001;RT 001 RW 001 DUSUN BAKAN BUAH
32151500020002;3215150;3215150002;150;002;0002;RT 002 RW 001 DUSUN BAKAN BUAH
32151500020003;3215150;3215150002;150;002;0003;RT 003 RW 001 DUSUN BAKAN BUAH
32151500020004;3215150;3215150002;150;002;0004;RT 004 RW 001 DUSUN BAKAN BUAH
32151500020005;3215150;3215150002;150;002;0005;RT 005 RW 002 DUSUN GAMBAR SARI 1
32151500020006;3215150;3215150002;150;002;0006;RT 006 RW 002 DUSUN GAMBAR SARI 1
32151500020007;3215150;3215150002;150;002;0007;RT 007 RW 002 DUSUN GAMBAR SARI 1
32151500020008;3215150;3215150002;150;002;0008;RT 008 RW 003 DUSUN GANBAR SARI 2
32151500020009;3215150;3215150002;150;002;0009;RT 009 RW 003 DUSUN GAMBAR SARI 2
32151500020010;3215150;3215150002;150;002;0010;RT 010 RW 003 DUSUN GAMBAR SARI 2
32151500020011;3215150;3215150002;150;002;0011;RT 011 RW 004 DUSUN KOBAK KARIM
32151500020012;3215150;3215150002;150;002;0012;RT 012 RW 004 DUSUN KOBAK KARIM
32151500020013;3215150;3215150002;150;002;0013;RT 013 RW 004 DUSUN KOBAK KARIM
32151500020014;3215150;3215150002;150;002;0014;RT 014 RW 005 DUSUN PULO SARI
32151500020015;3215150;3215150002;150;002;0015;RT 015 RW 005 DUSUN PULO SARI
32151500020016;3215150;3215150002;150;002;0016;RT 016 RW 005 DUSUN PULO SARI
32151500020017;3215150;3215150002;150;002;0017;RT 017 RW 005 DUSUN PULO SARI
32151500020018;3215150;3215150002;150;002;0018;RT 018 RW 006 DUSUN PERUM PESONA
32151500020019;3215150;3215150002;150;002;0019;RT 019 RW 006 DUSUN PERUM PESONA
32151500020020;3215150;3215150002;150;002;0020;RT 020 RW 006 DUSUN PERUM PESONA
32151500020021;3215150;3215150002;150;002;0021;RT 021 RW 006 DUSUN PERUM PESONA
32151500020022;3215150;3215150002;150;002;0022;RT 022 RW 006 DUSUN PERUM PESONA
32151500020023;3215150;3215150002;150;002;0023;RT 023 RW 006 DUSUN PERUM PESONA
32151500020024;3215150;3215150002;150;002;0024;RT 024 RW  006 DUSUN PERUM PESONA
32151500021001;3215150;3215150002;150;002;1001;PESAWAHAN SASAK BODAS-KOBAK JIMAN
32151500021002;3215150;3215150002;150;002;1002;PESAWAHAN BAKAN NGANTAI
32151500021003;3215150;3215150002;150;002;1003;PESAWAHAN GAMBAR SARI BAKAN BUAH
32151500024005;3215150;3215150002;150;002;4005;PESAWAHAN SASAK BODAS-KOBAK JIMAN
32151500030001;3215150;3215150003;150;003;0001;RT 001 RW 001 DUSUN KRAJAN UTARA
32151500030002;3215150;3215150003;150;003;0002;RT 002 RW 001 DUSUN KRAJAN UTARA
32151500030003;3215150;3215150003;150;003;0003;RT 003 RW 001 DUSUN KRAJAN UTARA
32151500030004;3215150;3215150003;150;003;0004;RT 004 RW 002 DUSUN KRAJAN UTARA
32151500030005;3215150;3215150003;150;003;0005;RT 005 RW 002 DUSUN KRAJAN UTARA
32151500030006;3215150;3215150003;150;003;0006;RT 006 RW 003 DUSUN KRAJAN UTARA
32151500030007;3215150;3215150003;150;003;0007;RT 007 RW 003 DUSUN KRAJAN UTARA
32151500030008;3215150;3215150003;150;003;0008;RT 008 RW 004 DUSUN KRAJAN SELATAN
32151500030009;3215150;3215150003;150;003;0009;RT 009 RW 004 DUSUN KRAJAN SELATAN
32151500030010;3215150;3215150003;150;003;0010;RT 010 RW 005 DUSUN KRAJAN SELATAN
32151500030011;3215150;3215150003;150;003;0011;RT 011 RW 005 DUSUN KRAJAN SELATAN
32151500030012;3215150;3215150003;150;003;0012;RT 012 RW 006 DUSUN KRAJAN SELATAN
32151500030013;3215150;3215150003;150;003;0013;RT 013 RW 006 DUSUN KRAJAN SELATAN
32151500030014;3215150;3215150003;150;003;0014;RT 014 RW 006 DUSUN KRAJAN SELATAN
32151500030015;3215150;3215150003;150;003;0015;RT 015 RW 007 DUSUN KRAJAN SELATAN
32151500030016;3215150;3215150003;150;003;0016;RT 016 RW 007 DUSUN KRAJAN SELATAN
32151500030017;3215150;3215150003;150;003;0017;RT 017 RW 007 DUSUN KRAJAN SELATAN
32151500030018;3215150;3215150003;150;003;0018;RT 018 RW 008 DUSUN KRAJAN SELATAN
32151500030019;3215150;3215150003;150;003;0019;RT 019 RW 008 DUSUN KRAJAN SELATAN
32151500030020;3215150;3215150003;150;003;0020;RT 020 RW 009 DUSUN BAKAN LIO
32151500030021;3215150;3215150003;150;003;0021;RT 021 RW 009 DUSUN BAKAN LIO
32151500030022;3215150;3215150003;150;003;0022;RT 022 RW 009 DUSUN BAKAN LIO
32151500030023;3215150;3215150003;150;003;0023;RT 023 RW 009 DUSUN BAKAN LIO
32151500030024;3215150;3215150003;150;003;0024;RT 024 RW 010 DUSUN BAKAN LIO
32151500030025;3215150;3215150003;150;003;0025;RT 025 RW 010 DUSUN BAKAN LIO
32151500030026;3215150;3215150003;150;003;0026;RT 026 RW 011 DUSUN BAKAN LIO
32151500030027;3215150;3215150003;150;003;0027;RT 027 RW 011 DUSUN BAKAN LIO
32151500030028;3215150;3215150003;150;003;0028;RT 028 RW 012 DUSUN BAKAN LIO
32151500030029;3215150;3215150003;150;003;0029;RT 029 RW 012 DUSUN BAKAN LIO
32151500030030;3215150;3215150003;150;003;0030;RT 030 RW 012 DUSUN BAKAN LIO
32151500030031;3215150;3215150003;150;003;0031;RT 031 RW 013 DUSUN BAKAN LIO
32151500030032;3215150;3215150003;150;003;0032;RT 054 RW 010 DUSUN PERUM PESONA
32151500030033;3215150;3215150003;150;003;0033;RT 055 RW 010 DUSUN PERUM PESONA
32151500030034;3215150;3215150003;150;003;0034;RT 032 RW 014 DUSUN BAKAN TENGAH
32151500030035;3215150;3215150003;150;003;0035;RT 033 RW 014 DUSUN BAKAN TENGAH
32151500030036;3215150;3215150003;150;003;0036;RT 034 RW 015 DUSUN BAKAN TENGAH
32151500030037;3215150;3215150003;150;003;0037;RT 035 RW 015 DUSUN BAKAN TENGAH
32151500030038;3215150;3215150003;150;003;0038;RT 036 RW 015 DUSUN BAKAN TENGAH
32151500030039;3215150;3215150003;150;003;0039;RT 037 RW 016 DUSUN BAKAN TENGAH
32151500030040;3215150;3215150003;150;003;0040;RT 038 RW 016 DUSUN BAKAN TENGAH
32151500030041;3215150;3215150003;150;003;0041;RT 039 RW 018 DUSUN BAKAN TENGAH
32151500030042;3215150;3215150003;150;003;0042;RT 042 RW 018 DUSUN BAKAN TENGAH
32151500030043;3215150;3215150003;150;003;0043;RT 040 RW 017 DUSUN BAKAN JATI
32151500030044;3215150;3215150003;150;003;0044;RT 041 RW 017 DUSUN BAKAN JATI
32151500030045;3215150;3215150003;150;003;0045;RT 044 RW 019 DUSUN BAKAN JATI
32151500030046;3215150;3215150003;150;003;0046;RT 045 RW 019 DUSUN BAKAN JATI
32151500030047;3215150;3215150003;150;003;0047;RT 046 RW 020 DUSUN BAKAN  JATI
32151500030048;3215150;3215150003;150;003;0048;RT 047 RW 020 DUSUN BAKAN JATI
32151500030049;3215150;3215150003;150;003;0049;RT 048 RW 021 DUSUN BAKAN JATI
32151500030050;3215150;3215150003;150;003;0050;RT 049 RW 021 DUSUN BAKAN JATI
32151500030051;3215150;3215150003;150;003;0051;RT 050 RW 022 DUSUN BAKAN JATI
32151500030052;3215150;3215150003;150;003;0052;RT 051 RW 022 DUSUN BAKAN JATI
32151500030053;3215150;3215150003;150;003;0053;RT 052 RW 023 DUSUN BAKAN JATI
32151500030054;3215150;3215150003;150;003;0054;RT 053 RW 023 DUSUN BAKAN JATI
32151500040001;3215150;3215150004;150;004;0001;RT 001 RW 001 DUSUN DUKUH BARAT
32151500040002;3215150;3215150004;150;004;0002;RT 002 RW 001 DUSUN DUKUH BARAT
32151500040003;3215150;3215150004;150;004;0003;RT 003 RW 001 DUSUN DUKUH BARAT
32151500040004;3215150;3215150004;150;004;0004;RT 004 RW 001 DUSUN DUKUH BARAT
32151500040005;3215150;3215150004;150;004;0005;RT 005 RW 002 DUSUN DUKUH TIMUR
32151500040006;3215150;3215150004;150;004;0006;RT 006 RW 002 DUSUN DUKUH TIMUR
32151500040007;3215150;3215150004;150;004;0007;RT 007 RW 002 DUSUN DUKUH TIMUR
32151500040008;3215150;3215150004;150;004;0008;RT 008 RW 003 DUSUN JATI HURIP
32151500040009;3215150;3215150004;150;004;0009;RT 009 RW 003 DUSUN JATI HURIP
32151500040010;3215150;3215150004;150;004;0010;RT 010 RW 003 DUSUN JATI HURIP
32151500041001;3215150;3215150004;150;004;1001;PESAWAHAN DESA
32151500050001;3215150;3215150005;150;005;0001;RT 001 RW 01 DUSUN KARAJAN BARAT
32151500050002;3215150;3215150005;150;005;0002;RT 002 RW 01 DUSUN KARAJAN BARAT
32151500050003;3215150;3215150005;150;005;0003;RT 003 RW 01 DUSUN KARAJAN BARAT
32151500050004;3215150;3215150005;150;005;0004;RT 004 RW 02 DUSUN KARAJAN TIMUR
32151500050005;3215150;3215150005;150;005;0005;RT 005 RW 02 DUSUN KARAJAN TIMUR
32151500050006;3215150;3215150005;150;005;0006;RT 006 RW 02 DUSUN KARAJAN TIMUR
32151500050007;3215150;3215150005;150;005;0007;RT 007 RW 02 DUSUN KARAJAN TIMUR
32151500050008;3215150;3215150005;150;005;0008;RT 008 RW 03 DUSUN SASAK
32151500050009;3215150;3215150005;150;005;0009;RT 009 RW 03 DUSUN SASAK
32151500050010;3215150;3215150005;150;005;0010;RT 010 RW 03 DUSUN SASAK
32151500050011;3215150;3215150005;150;005;0011;RT 011 RW 03 DUSUN SASAK
32151500050012;3215150;3215150005;150;005;0012;RT 012 RW 03 DUSUN SASAK
32151500050013;3215150;3215150005;150;005;0013;RT 013 RW 04 DUSUN JATI PEUREUH
32151500050014;3215150;3215150005;150;005;0014;RT 014 RW 04 DUSUN JATI PEUREUH
32151500050015;3215150;3215150005;150;005;0015;RT 015 RW 005 DUSUN CIKELOR
32151500050016;3215150;3215150005;150;005;0016;RT 016 RW 005 DUSUN CIKELOR
32151500050017;3215150;3215150005;150;005;0017;RT 017 RW 05 DUSUN
32151500050018;3215150;3215150005;150;005;0018;RT 018 RW 005 DUSUN CIKELOR
32151500050019;3215150;3215150005;150;005;0019;RT 019 RW 02 DUSUN KARAJAN TIMUR
32151500050020;3215150;3215150005;150;005;0020;RT 020 RW 04 DUSUN JATI PEUREUH
32151500050021;3215150;3215150005;150;005;0021;RT 021 RW 04 DUSUN JATI PEUREUH
32151500060001;3215150;3215150006;150;006;0001;RT 001 RW 001 DUSUN BOJONG KARYA 1
32151500060002;3215150;3215150006;150;006;0002;RT 002 RW 001 DUSUN BOJONG KARYA 1
32151500060003;3215150;3215150006;150;006;0003;RT 003 RW 001 DUSUN BOJONG KARYA 1
32151500060004;3215150;3215150006;150;006;0004;RT 004 RW 001 DUSUN BOJONG KARYA 1
32151500060005;3215150;3215150006;150;006;0005;RT 005 RW 001 DUSUN BOJONG KARYA 1
32151500060006;3215150;3215150006;150;006;0006;RT 006 RW 001 DUSUN BOJONG KARYA 1
32151500060007;3215150;3215150006;150;006;0007;RT 007 RW 002 DUSUN BOJONG KARYA 2
32151500060008;3215150;3215150006;150;006;0008;RT 008 RW 002 DUSUN BOJONG KARYA 2
32151500060009;3215150;3215150006;150;006;0009;RT 009 RW 002 DUSUN BOJONG KARYA 2
32151500060010;3215150;3215150006;150;006;0010;RT 010 RW 002 DUSUN BOJONG KARYA 2
32151500060011;3215150;3215150006;150;006;0011;RT 011 RW 002 DUSUN BOJONG KARYA 2
32151500060012;3215150;3215150006;150;006;0012;RT 012 RW 003 DUSUN BOJONG TUGU 1
32151500060013;3215150;3215150006;150;006;0013;RT 013 RW 003 DUSUN BOJONG TUGU 1
32151500060014;3215150;3215150006;150;006;0014;RT 014 RW 003 DUSUN BOJONG TUGU 1
32151500060015;3215150;3215150006;150;006;0015;RT 015 RW 003 DUSUN BOJONG TUGU 1
32151500060016;3215150;3215150006;150;006;0016;RT 016 RW 003 DUSUN BOJONG TUGU 1
32151500060017;3215150;3215150006;150;006;0017;RT 017 RW 004 DUSUN BOJONG TUGU II
32151500060018;3215150;3215150006;150;006;0018;RT 018 RW 004 DUSUN BOJONG TUGU II
32151500060019;3215150;3215150006;150;006;0019;RT 019 RW 004 DUSUN BOJONG TUGU II
32151500060020;3215150;3215150006;150;006;0020;RT 020 RW 004 DUSUN BOJONG TUGU II
32151500060021;3215150;3215150006;150;006;0021;RT 021 RW 004 DUSUN BOJONG TUGU II
32151500060022;3215150;3215150006;150;006;0022;RT 022 RW 012 DUSUN RENGAS JAYA 2
32151500060023;3215150;3215150006;150;006;0023;RT 023 RW 005 DUSUN BLOK KRATON
32151500060024;3215150;3215150006;150;006;0024;RT 024 RW 005 DUSUN BLOK KRATON
32151500060025;3215150;3215150006;150;006;0025;RT 025 RW 005 DUSUN BLOK KRATON
32151500060026;3215150;3215150006;150;006;0026;RT 026 RW 006 DUSUN BLOK KRATON
32151500060027;3215150;3215150006;150;006;0027;RT 027 RW 006 DUSUN BLOK KRATON
32151500060028;3215150;3215150006;150;006;0028;RT 028 RW 006 DUSUN BLOK KRATON
32151500060029;3215150;3215150006;150;006;0029;RT 029 RW 006 DUSUN BLOK KRATON
32151500060030;3215150;3215150006;150;006;0030;RT 030 RW 007 DUSUN WARUDOYONG UTARA
32151500060031;3215150;3215150006;150;006;0031;RT 031 RW 007 DUSUN WARUDOYONG UTARA
32151500060032;3215150;3215150006;150;006;0032;RT 032 RW 007 DUSUN WARUDOYONG UTARA
32151500060033;3215150;3215150006;150;006;0033;RT 033 RW 007 DUSUN WARUDOYONG UTARA
32151500060034;3215150;3215150006;150;006;0034;RT 034 RW 008 DUSUN WARUDOYONG UTARA
32151500060035;3215150;3215150006;150;006;0035;RT 035 RW 008 DUSUN WARUDOYONG UTARA
32151500060036;3215150;3215150006;150;006;0036;RT 036 RW 008 DUSUN WARUDOYONG UTARA
32151500060037;3215150;3215150006;150;006;0037;RT 037 RW 008 DUSUN WARUDOYONG UTARA
32151500060038;3215150;3215150006;150;006;0038;RT 038 RW 009 DUSUN WARUDOYONG SELATAN
32151500060039;3215150;3215150006;150;006;0039;RT 039 RW 009 DUSUN WARUDOYONG SELATAN
32151500060040;3215150;3215150006;150;006;0040;RT 040 RW 009 DUSUN WARUDOYONG SELATAN
32151500060041;3215150;3215150006;150;006;0041;RT 041 RW 009 DUSUN WARUDOYONG SELATAN
32151500060042;3215150;3215150006;150;006;0042;RT 042 RW 009 DUSUN WARUDOYONG SELATAN
32151500060043;3215150;3215150006;150;006;0043;RT 043 RW 010 DUSUN WARUDOYONG SELATAN
32151500060044;3215150;3215150006;150;006;0044;RT 044 RW 010 DUSUN WARUDOYONG SELATAN
32151500060045;3215150;3215150006;150;006;0045;RT 045 RW 010 DUSUN WARUDOYONG SELATAN
32151500060046;3215150;3215150006;150;006;0046;RT 046 RW 010 DUSUN WARUDOYONG SELATAN
32151500060047;3215150;3215150006;150;006;0047;RT 047 RW 010 DUSUN WARUDOYONG SELATAN
32151500060048;3215150;3215150006;150;006;0048;RT 048 RW 010 DUSUN WARUDOYONG SELATAN
32151500060049;3215150;3215150006;150;006;0049;RT 049 RW 011 DUSUN RENGASJAYA 1
32151500060050;3215150;3215150006;150;006;0050;RT 050 RW 011 DUSUN RENGASJAYA 1
32151500060051;3215150;3215150006;150;006;0051;RT 051 RW 011 DUSUN RENGASJAYA 1
32151500060052;3215150;3215150006;150;006;0052;RT 052 RW 011 DUSUN RENGASJAYA 1
32151500060053;3215150;3215150006;150;006;0053;RT 053 RW 012 DUSUN RENGASJAYA 1
32151500060054;3215150;3215150006;150;006;0054;RT 054 RW 012 DUSUN RENGASJAYA 2
32151500060055;3215150;3215150006;150;006;0055;RT 055 RW 012 DUSUN RENGASJAYA 2
32151500060056;3215150;3215150006;150;006;0056;RT 056 RW 012 DUSUN RENGASJAYA 2
32151500060057;3215150;3215150006;150;006;0057;RT 057 RW 012 DUSUN RENGASJAYA 2
32151500061001;3215150;3215150006;150;006;1001;SAWAH BLOK
32151500065002;3215150;3215150006;150;006;5002;PASAR UPTD
32151500065003;3215150;3215150006;150;006;5003;PASAR UMUM
32151500070001;3215150;3215150007;150;007;0001;RT 001 RW 001 DUSUN CIKANGKUNG BARAT I
32151500070002;3215150;3215150007;150;007;0002;RT 002 RW 001 DUSUN CIKANGKUNG BARAT I
32151500070003;3215150;3215150007;150;007;0003;RT 002 RW 001 DUSUN CIKANGKUNG BARAT I
32151500070004;3215150;3215150007;150;007;0004;RT 004 RW 001 DUSUN CIKANGKUNG BARAT I
32151500070005;3215150;3215150007;150;007;0005;RT 005 RW 001 DUSUN CIKANGKUNG BARAT I
32151500070006;3215150;3215150007;150;007;0006;RT 006 RW 002 DUSUN CIKANGKUNG BARAT I
32151500070007;3215150;3215150007;150;007;0007;RT 007 RW 002 DUSUN CIKANGKUNG BARAT 2
32151500070008;3215150;3215150007;150;007;0008;RT 008 RW 002 DUSUN CIKANGKUNG BARAT 2
32151500070009;3215150;3215150007;150;007;0009;RT 009 RW 002 DUSUN CIKANGKUNG BARAT 2 
32151500070010;3215150;3215150007;150;007;0010;RT 010 RW 002  DUSUN CIKANGKUNG BARAT 2
32151500070011;3215150;3215150007;150;007;0011;RT 011 RW 002 DUSUN CIKANGKUNG BARAT 2
32151500070012;3215150;3215150007;150;007;0012;RT 012 RW 002 DUSUN CIKANGKUNG BARAT 2
32151500070013;3215150;3215150007;150;007;0013;RT 001 RW 003 DUSUN CIKANGKUNG TIMUR
32151500070014;3215150;3215150007;150;007;0014;RT 002 RW 003 DUSUN CIKANGKUNG TIMUR 
32151500070015;3215150;3215150007;150;007;0015;RT 003 RW 003 DUSUN CIKANGKUNG TIMUR
32151500070016;3215150;3215150007;150;007;0016;RT 004 RW 004 DUSUN CIKANGKUNG TIMUR
32151500070017;3215150;3215150007;150;007;0017;RT 005 RW 004 DUSUN CIKANGKUNG TIMUR
32151500070018;3215150;3215150007;150;007;0018;RT 006 RW 004 DUSUN CIKANGKUNG TIMUR
32151500070019;3215150;3215150007;150;007;0019;RT 001 RW 005 DUSUN JATI
32151500070020;3215150;3215150007;150;007;0020;RT 002 RW 005 DUSUN JATI
32151500070021;3215150;3215150007;150;007;0021;RT 003 RW 005 DUSUN JATI
32151500070022;3215150;3215150007;150;007;0022;RT 004 RW 005 DUSUN JATI
32151500070023;3215150;3215150007;150;007;0023;RT 005 RW 005 DUSUN JATI
32151500070024;3215150;3215150007;150;007;0024;RT 006 RW 006 DUSUN JATI
32151500070025;3215150;3215150007;150;007;0025;RT 007 RW 006 DUSUN JATI
32151500070026;3215150;3215150007;150;007;0026;RT 008 RW 006 DUSUN JATI
32151500070027;3215150;3215150007;150;007;0027;RT 009 RW 006 DUSUN JATI
32151500070028;3215150;3215150007;150;007;0028;RT 010 RW 006 DUSUN JATI
32151500070029;3215150;3215150007;150;007;0029;RT 011 RW 006 DUSUN JATI
32151500070030;3215150;3215150007;150;007;0030;RT 001 RW 007 DUSUN KARAJAN
32151500070031;3215150;3215150007;150;007;0031;RT 002 RW 007 DUSUN KARAJAN
32151500070032;3215150;3215150007;150;007;0032;RT 003 RW 007 DUSUN KARAJAN
32151500070033;3215150;3215150007;150;007;0033;RT 004 RW 008 DUSUN KARAJAN
32151500070034;3215150;3215150007;150;007;0034;RT 005 RW 008 DUSUN KARAJAN
32151500070035;3215150;3215150007;150;007;0035;RT 006 RW 008 DUSUN KARAJAN
32151500070036;3215150;3215150007;150;007;0036;RT 001 RW 009 DUSUN KALIJAYA I
32151500070037;3215150;3215150007;150;007;0037;RT 002 RW 009 DUSUN KALIJAYA I
32151500070038;3215150;3215150007;150;007;0038;RT 003 RW 009 DUSUN KALIJAYA I
32151500070039;3215150;3215150007;150;007;0039;RT 004 RW 009 DUSUN KALIJAYA I
32151500070040;3215150;3215150007;150;007;0040;RT 005 RW 009 DUSUN KALIJAYA I
32151500070041;3215150;3215150007;150;007;0041;RT 006 RW 009 DUSUN KALIJAYA I
32151500070042;3215150;3215150007;150;007;0042;RT 007 RW 009 DUSUN KALIJAYA I
32151500070043;3215150;3215150007;150;007;0043;RT 008 RW 009 DUSUN KALIJAYA I
32151500070044;3215150;3215150007;150;007;0044;RT 009 RW 009 DUSUN KALIJAYA I
32151500070045;3215150;3215150007;150;007;0045;RT 010 RW 009 DUSUN KALIJAYA I
32151500070046;3215150;3215150007;150;007;0046;RT 004 RW 010 DUSUN KALIJAYA II
32151500070047;3215150;3215150007;150;007;0047;RT 005 RW 010 DUSUN KALIJAYA II
32151500070048;3215150;3215150007;150;007;0048;RT 006 RW 010 DUSUN KALIJAYA II
32151500070049;3215150;3215150007;150;007;0049;RT 007 RW 010 DUSUN KALIJAYA II
32151500070050;3215150;3215150007;150;007;0050;RT 001 RW 011 DUSUN BALONGJAMBE
32151500070051;3215150;3215150007;150;007;0051;RT 002 RW 011 DUSUN BALONGJAMBE
32151500080001;3215150;3215150008;150;008;0001;RT 001 RW 001 DUSUN KARAJAN A
32151500080002;3215150;3215150008;150;008;0002;RT 002 RW 001 DUSUN KARAJAN A
32151500080003;3215150;3215150008;150;008;0003;RT 003 RW 002 DUSUN KARAJAN A
32151500080004;3215150;3215150008;150;008;0004;RT 004 RW 002 DUSUN KARAJAN A
32151500080005;3215150;3215150008;150;008;0005;RT 005 RW 002 DUSUN KARAJAN A
32151500080006;3215150;3215150008;150;008;0006;RT 006 RW 003 DUSUN KARAJAN B
32151500080007;3215150;3215150008;150;008;0007;RT 007 RW 003 DUSUN KARAJAN B
32151500080008;3215150;3215150008;150;008;0008;RT 008 RW 004 DUSUN KARAJAN B
32151500080009;3215150;3215150008;150;008;0009;RT 009 RW 004 DUSUN KARAJAN B
32151500080010;3215150;3215150008;150;008;0010;RT 010 RW 004 DUSUN KARAJAN B
32151500080011;3215150;3215150008;150;008;0011;RT 011 RW 005 DUSUN TEGAL ASEM
32151500080012;3215150;3215150008;150;008;0012;RT 012 RW 005 DUSUN TEGAL ASEM
32151500080013;3215150;3215150008;150;008;0013;RT 013 RW 006 DUSUN TEGAL ASEM
32151500080014;3215150;3215150008;150;008;0014;RT 014 RW 006 DUSUN TEGAL ASEM
32151500080015;3215150;3215150008;150;008;0015;RT 015 RW 006 DUSUN TEGAL ASEM
32151500081001;3215150;3215150008;150;008;1001;SAWAH KAVLING KRAJAN
32151500081002;3215150;3215150008;150;008;1002;SAWAH TEGAL ASEM
32151500090001;3215150;3215150009;150;009;0001;RT 001 RW 001 DUSUN TELUK BUNDER
32151500090002;3215150;3215150009;150;009;0002;RT 002 RW 001 DUSUN TELUK BUNDER
32151500090003;3215150;3215150009;150;009;0003;RT 003 RW 001 DUSUN TELUK BUNDER
32151500090004;3215150;3215150009;150;009;0004;RT 004 RW 002 DUSUN PACING SELATAN
32151500090005;3215150;3215150009;150;009;0005;RT 005 RW 002 DUSUN PACING SELATAN
32151500090006;3215150;3215150009;150;009;0006;RT 006 RW 002 DUSUN PACING SELATAN
32151500090007;3215150;3215150009;150;009;0007;RT 007 RW 003 DUSUN PACING UTARA
32151500090008;3215150;3215150009;150;009;0008;RT 008 RW 003 DUSUN PACING UTARA
32151500090009;3215150;3215150009;150;009;0009;RT 009 RW 003 DUSUN PACING UTARA
32151500090010;3215150;3215150009;150;009;0010;RT 010 RW 004 DUSUN BENGLE
32151500090011;3215150;3215150009;150;009;0011;RT 011 RW 004 DUSUN BENGLE
32151500090012;3215150;3215150009;150;009;0012;RT 012 RW 004 DUSUN BENGLE
32151500090013;3215150;3215150009;150;009;0013;RT 013 RW 004 DUSUN BENGLE
32151510010001;3215151;3215151001;151;001;0001;RT 001 RW 001 DUSUN SUKAJAYA I
32151510010002;3215151;3215151001;151;001;0002;RT 002 RW 001 DUSUN SUKAJAYA I
32151510010003;3215151;3215151001;151;001;0003;RT 003 RW 001 DUSUN SUKAJAYA I
32151510010004;3215151;3215151001;151;001;0004;RT 004 RW 001 DUSUN SUKAJAYA I
32151510010005;3215151;3215151001;151;001;0005;RT 005 RW 001 DUSUN SUKAJAYA I
32151510010006;3215151;3215151001;151;001;0006;RT 006 RW 002 DUSUN SUKAJAYA I
32151510010007;3215151;3215151001;151;001;0007;RT 007 RW 002 DUSUN SUKAJAYA I
32151510010008;3215151;3215151001;151;001;0008;RT 008 RW 002 DUSUN SUKAJAYA 1
32151510010009;3215151;3215151001;151;001;0009;RT 009 RW 002 DUSUN SUKAJAYA II
32151510010010;3215151;3215151001;151;001;0010;RT 010 RW 002 DUSUN SUKAJAYA II
32151510010011;3215151;3215151001;151;001;0011;RT 011 RW 003 DUSUN SUKAJAYA II
32151510010012;3215151;3215151001;151;001;0012;RT 012 RW 003 DUSUN SUKAJAYA II
32151510010013;3215151;3215151001;151;001;0013;RT 013 RW 003 DUSUN SUKAJAYA II
32151510010014;3215151;3215151001;151;001;0014;RT 014 RW 003 DUSUN SUKAJAYA II
32151510010015;3215151;3215151001;151;001;0015;RT 015 RW 003 DUSUN SUKAJAYA II
32151510010016;3215151;3215151001;151;001;0016;RT 016 RW 004 DUSUN KARAJAN A
32151510010017;3215151;3215151001;151;001;0017;RT 017 RW 004 DUSUN KARAJAN A
32151510010018;3215151;3215151001;151;001;0018;RT 018 RW 004 DUSUN KARAJAN A
32151510010019;3215151;3215151001;151;001;0019;RT 019 RW 004 DUSUN KARAJAN A
32151510010020;3215151;3215151001;151;001;0020;RT 020 RW 004 DUSUN KARAJAN A
32151510010021;3215151;3215151001;151;001;0021;RT 021 RW 004 DUSUN KARAJAN A
32151510010022;3215151;3215151001;151;001;0022;RT 022 RW 005 DUSUN KARAJAN A
32151510010023;3215151;3215151001;151;001;0023;RT 023 RW 005 DUSUN KARAJAN A
32151510010024;3215151;3215151001;151;001;0024;RT 024 RW 005 DUSUN KARAJAN B
32151510010025;3215151;3215151001;151;001;0025;RT 025 RW 005 DUSUN KARAJAN B
32151510010026;3215151;3215151001;151;001;0026;RT 026 RW 005 DUSUN KARAJAN B
32151510010027;3215151;3215151001;151;001;0027;RT 027 RW 006 DUSUN KARAJAN B
32151510010028;3215151;3215151001;151;001;0028;RT 028 RW 006 DUSUN KARAJAN B
32151510010029;3215151;3215151001;151;001;0029;RT 029 RW 006 DUSUN KARAJAN B
32151510010030;3215151;3215151001;151;001;0030;RT 030 RW 006 DUSUN KARAJAN B
32151510010031;3215151;3215151001;151;001;0031;RT 031 RW 006 DUSUN KARAJAN B
32151510010032;3215151;3215151001;151;001;0032;RT 032 RW 006 DUSUN KARAJAN B
32151510011001;3215151;3215151001;151;001;1001;SAWAH PERTANIAN
32151510011002;3215151;3215151001;151;001;1002;SAWAH PERTANIAN
32151510020001;3215151;3215151002;151;002;0001;RT 001 RW 001 DUSUN KARAJAN
32151510020002;3215151;3215151002;151;002;0002;RT 002 RW 001 DUSUN KARAJAN
32151510020003;3215151;3215151002;151;002;0003;RT 003 RW 001 DUSUN KARAJAN
32151510020004;3215151;3215151002;151;002;0004;RT 004 RW 002 DUSUN KARAJAN
32151510020005;3215151;3215151002;151;002;0005;RT 005 RW 002 DUSUN KARAJAN
32151510020006;3215151;3215151002;151;002;0006;RT 006 RW 002 DUSUN KARAJAN
32151510020007;3215151;3215151002;151;002;0007;RT 007 RW 002 DUSUN KARAJAN
32151510020008;3215151;3215151002;151;002;0008;RT 008 RW 003 DUSUN CIBENDA
32151510020009;3215151;3215151002;151;002;0009;RT 009 RW 003 DUSUN CIBENDA
32151510020010;3215151;3215151002;151;002;0010;RT 010 RW 003 DUSUN CIBENDA
32151510020011;3215151;3215151002;151;002;0011;RT 011 RW 003 DUSUN CIBENDA
32151510020012;3215151;3215151002;151;002;0012;RT 012 RW 004 DUSUN CIBENDA
32151510020013;3215151;3215151002;151;002;0013;RT 013 RW 004 DUSUN CIBENDA
32151510020014;3215151;3215151002;151;002;0014;RT 014 RW 004 DUSUN CIBENDA
32151510021001;3215151;3215151002;151;002;1001;SAWAH PERTANIAN
32151510021002;3215151;3215151002;151;002;1002;SAWAH PERTANIAN
32151510030001;3215151;3215151003;151;003;0001;RT 001 RW 01 DUSUN KARAJAN
32151510030002;3215151;3215151003;151;003;0002;RT 002 RW 01 DUSUN KARAJAN
32151510030003;3215151;3215151003;151;003;0003;RT 003 RW 01 DUSUN KARAJAN
32151510030004;3215151;3215151003;151;003;0004;RT 004 RW 01 DUSUN KARAJAN
32151510030005;3215151;3215151003;151;003;0005;RT 005 RW 02 DUSUN KARAJAN
32151510030006;3215151;3215151003;151;003;0006;RT 006 RW 02 DUSUN KARAJAN
32151510030007;3215151;3215151003;151;003;0007;RT 007 RW 02 DUSUN KARAJAN
32151510030008;3215151;3215151003;151;003;0008;RT 008 RW 02 DUSUN KARAJAN
32151510030009;3215151;3215151003;151;003;0009;RT 009 RW 02 DUSUN KARAJAN
32151510030010;3215151;3215151003;151;003;0010;RT 010 RW 02 DUSUN KARAJAN
32151510030011;3215151;3215151003;151;003;0011;RT 011 RW 03 DUSUN CIAGEM
32151510030012;3215151;3215151003;151;003;0012;RT 012 RW 03 DUSUN CIAGEM
32151510030013;3215151;3215151003;151;003;0013;RT 013 RW 03 DUSUN CIAGEM
32151510030014;3215151;3215151003;151;003;0014;RT 014 RW 03 DUSUN CIAGEM
32151510030015;3215151;3215151003;151;003;0015;RT 015 RW 03 DUSUN CIAGEM
32151510030016;3215151;3215151003;151;003;0016;RT 016 RW 03 DUSUN CIAGEM
32151510030017;3215151;3215151003;151;003;0017;RT 017 RW 03 DUSUN CIAGEM
32151510030018;3215151;3215151003;151;003;0018;RT 018 RW 04 DUSUN CIAGEM
32151510030019;3215151;3215151003;151;003;0019;RT 019 RW 04 DUSUN CIAGEM
32151510030020;3215151;3215151003;151;003;0020;RT 020 RW 04 DUSUN CIAGEM
32151510030021;3215151;3215151003;151;003;0021;RT 021 RW 04 DUSUN CIAGEM
32151510030022;3215151;3215151003;151;003;0022;RT 022 RW 04 DUSUN CIAGEM
32151510030023;3215151;3215151003;151;003;0023;RT 023 RW 04 DUSUN CIAGEM
32151510031001;3215151;3215151003;151;003;1001;PERSAWAHAN
32151510040001;3215151;3215151004;151;004;0001;RT 001 RW 001 DUSUN KARAJAN A
32151510040002;3215151;3215151004;151;004;0002;RT 002 RW 001 DUSUN KARAJAN A
32151510040003;3215151;3215151004;151;004;0003;RT 003 RW 001 DUSUN KARAJAN A
32151510040004;3215151;3215151004;151;004;0004;RT 004 RW 002 DUSUN KARAJAN B
32151510040005;3215151;3215151004;151;004;0005;RT 005 RW 002 DUSUN KARAJAN B
32151510040006;3215151;3215151004;151;004;0006;RT 006 RW 002 DUSUN KARAJAN B
32151510040007;3215151;3215151004;151;004;0007;RT 007 RW 003 DUSUN KARAJAN C
32151510040008;3215151;3215151004;151;004;0008;RT 008 RW 003 DUSUN KARAJAN C
32151510040009;3215151;3215151004;151;004;0009;RT 009 RW 003 DUSUN KARAJAN C
32151510040010;3215151;3215151004;151;004;0010;RT 010 RW 001 DUSUN KARAJAN A
32151510040011;3215151;3215151004;151;004;0011;RT 011 RW 001 DUSUN KARAJAN A
32151510040012;3215151;3215151004;151;004;0012;RT 012 RW 002 DUSUN KARAJAN B
32151510040013;3215151;3215151004;151;004;0013;RT 013 RW 003 DUSUN KARAJAN C
32151510040014;3215151;3215151004;151;004;0014;RT 014 RW 003 DUSUN KARAJAN C
32151510041001;3215151;3215151004;151;004;1001;PERTANIAN/PESAWAHAN
32151510050001;3215151;3215151005;151;005;0001;RT 001 RW 001 DUSUN KARAJAN
32151510050002;3215151;3215151005;151;005;0002;RT 002 RW 001 DUSUN KARAJAN
32151510050003;3215151;3215151005;151;005;0003;RT 003 RW 001 DUSUN KARAJAN
32151510050004;3215151;3215151005;151;005;0004;RT 004 RW 002 DUSUN KARAJAN
32151510050005;3215151;3215151005;151;005;0005;RT 005 RW 002 DUSUN KARAJAN
32151510050006;3215151;3215151005;151;005;0006;RT 006 RW 002 DUSUN KARAJAN
32151510050007;3215151;3215151005;151;005;0007;RT 007 RW 003 DUSUN JATIBOROS I
32151510050008;3215151;3215151005;151;005;0008;RT 008 RW 003 DUSUN JATIBOROS I
32151510050009;3215151;3215151005;151;005;0009;RT 009 RW 003 DUSUN JATIBOROS I
32151510050010;3215151;3215151005;151;005;0010;RT 010 RW 004 DUSUN JATIBOROS I
32151510050011;3215151;3215151005;151;005;0011;RT 011 RW 004 DUSUN JATIBOROS I
32151510050012;3215151;3215151005;151;005;0012;RT 012 RW 004 DUSUN JATIBOROS I
32151510050013;3215151;3215151005;151;005;0013;RT 013 RW 004 DUSUN JATIBOROS II
32151510050014;3215151;3215151005;151;005;0014;RT 014 RW 005 DUSUN JATIBOROS II
32151510050015;3215151;3215151005;151;005;0015;RT 015 RW 005 DUSUN JATIBOROS II
32151510050016;3215151;3215151005;151;005;0016;RT 016 RW 005 DUSUN JATIBOROS II
32151510050017;3215151;3215151005;151;005;0017;RT 017 RW 005 DUSUN JATIBOROS II
32151510051001;3215151;3215151005;151;005;1001;SAWAH
32151510051002;3215151;3215151005;151;005;1002;SAWAH
32151510060001;3215151;3215151006;151;006;0001;RT 001 RW 001 DUSUN JUJULUK BARU
32151510060002;3215151;3215151006;151;006;0002;RT 002 RW 001 DUSUN JUJULUK BARU
32151510060003;3215151;3215151006;151;006;0003;RT 003 RW 001 DUSUN JUJULUK BARU
32151510060004;3215151;3215151006;151;006;0004;RT 004 RW 002 DUSUN JUJULUK BARU
32151510060005;3215151;3215151006;151;006;0005;RT 005 RW 002 DUSUN JUJULUK BARU
32151510060006;3215151;3215151006;151;006;0006;RT 006 RW 002 DUSUN JUJULUK BARU
32151510060007;3215151;3215151006;151;006;0007;RT 007 RW 002 DUSUN JUJULUK BARU
32151510060008;3215151;3215151006;151;006;0008;RT 008 RW 003 DUSUN KARAMAT
32151510060009;3215151;3215151006;151;006;0009;RT 009 RW 003 DUSUN KARAMAT
32151510060010;3215151;3215151006;151;006;0010;RT 010 RW 003 DUSUN KARAMAT
32151510060011;3215151;3215151006;151;006;0011;RT 011 RW 004 DUSUN KARAMAT
32151510060012;3215151;3215151006;151;006;0012;RT 012 RW 004 DUSUN KARAMAT
32151510060013;3215151;3215151006;151;006;0013;RT 013 RW 004 DUSUN KARAMAT
32151510060014;3215151;3215151006;151;006;0014;RT 014 RW 005 DUSUN KARAMAT
32151510060015;3215151;3215151006;151;006;0015;RT 015 RW 005 DUSUN KARAMAT
32151510060016;3215151;3215151006;151;006;0016;RT 016 RW 006 DUSUN PEUNDEUY
32151510060017;3215151;3215151006;151;006;0017;RT 017 RW 006 DUSUN PEUNDEUY
32151510060018;3215151;3215151006;151;006;0018;RT 018 RW 006 DUSUN PEUNDEUY
32151510060019;3215151;3215151006;151;006;0019;RT 019 RW 007 DUSUN PEUNDEUY
32151510060020;3215151;3215151006;151;006;0020;RT 020 RW 007 DUSUN PEUNDEUY
32151510060021;3215151;3215151006;151;006;0021;RT 021 RW 007 DUSUN PEUNDEUY
32151510060022;3215151;3215151006;151;006;0022;RT 022 RW 007 DUSUN PEUNDEUY
32151510060023;3215151;3215151006;151;006;0023;RT 023 RW 008 DUSUN CILOGO
32151510060024;3215151;3215151006;151;006;0024;RT 024 RW 008 DUSUN CILOGO
32151510060025;3215151;3215151006;151;006;0025;RT 025 RW 008 DUSUN CILOGO
32151510060026;3215151;3215151006;151;006;0026;RT 026 RW 009 DUSUN CILOGO
32151510060027;3215151;3215151006;151;006;0027;RT 027 RW 009 DUSUN CILOGO
32151510060028;3215151;3215151006;151;006;0028;RT 028 RW 009 DUSUN CILOGO
32151510060029;3215151;3215151006;151;006;0029;RT 029 RW 010 DUSUN CILOGO
32151510060030;3215151;3215151006;151;006;0030;RT 030 RW 010 DUSUN CILOGO
32151510060031;3215151;3215151006;151;006;0031;RT 031 RW 010 DUSUN CILOGO
32151510070001;3215151;3215151007;151;007;0001;RT 001 RW 001 DUSUN CILOGO
32151510070002;3215151;3215151007;151;007;0002;RT 002 RW 001 DUSUN CILOGO
32151510070003;3215151;3215151007;151;007;0003;RT 003 RW 001 DUSUN CILOGO
32151510070004;3215151;3215151007;151;007;0004;RT 004 RW 001 DUSUN CILOGO
32151510070005;3215151;3215151007;151;007;0005;RT 005 RW 001 DUSUN CILOGO
32151510070006;3215151;3215151007;151;007;0006;RT 006 RW 002 DUSUN KARAJAN
32151510070007;3215151;3215151007;151;007;0007;RT 007 RW 002 DUSUN KARAJAN
32151510070008;3215151;3215151007;151;007;0008;RT 008 RW 003 DUSUN BABAKAN
32151510070009;3215151;3215151007;151;007;0009;RT 009 RW 003 DUSUN BABAKAN
32151510070010;3215151;3215151007;151;007;0010;RT 010 RW 004 DUSUN PAWANDA
32151510070011;3215151;3215151007;151;007;0011;RT 011 RW 004 DUSUN PAWANDA
32151510070012;3215151;3215151007;151;007;0012;RT 012 RW 004 DUSUN PAWANDA
32151510070013;3215151;3215151007;151;007;0013;RT 013 RW 005 DUSUN BUBULAK
32151510070014;3215151;3215151007;151;007;0014;RT 014 RW 005 DUSUN BUBULAK
32151510071001;3215151;3215151007;151;007;1001;PERTANIAN
32151510071002;3215151;3215151007;151;007;1002;PERTANIAN
32151510071003;3215151;3215151007;151;007;1003;PERTANIAN
32151510071004;3215151;3215151007;151;007;1004;PERTANIAN
32151510080001;3215151;3215151008;151;008;0001;RT 001 RW 001 DUSUN PASAR
32151510080002;3215151;3215151008;151;008;0002;RT 002 RW 001 DUSUN PASAR
32151510080003;3215151;3215151008;151;008;0003;RT 003 RW 001 DUSUN PASAR
32151510080004;3215151;3215151008;151;008;0004;RT 004 RW 002 DUSUN PULOHARAPAN
32151510080005;3215151;3215151008;151;008;0005;RT 005 RW 002 DUSUN PULOHARAPAN
32151510080006;3215151;3215151008;151;008;0006;RT 006 RW 002 DUSUN PULOHARAPAN
32151510080007;3215151;3215151008;151;008;0007;RT 007 RW 003 DUSUN CAMPEA
32151510080008;3215151;3215151008;151;008;0008;RT 008 RW 003 DUSUN CAMPEA
32151510080009;3215151;3215151008;151;008;0009;RT 009 RW 003 DUSUN CAMPEA
32151510080010;3215151;3215151008;151;008;0010;RT 010 RW 004 DUSUN KARAJAN
32151510080011;3215151;3215151008;151;008;0011;RT 011 RW 004 DUSUN KARAJAN
32151510080012;3215151;3215151008;151;008;0012;RT 012 RW 004 DUSUN KARAJAN
32151600010001;3215160;3215160001;160;001;0001;RT 001 RW 001 DUSUN
32151600010002;3215160;3215160001;160;001;0002;RT 002 RW 001 DUSUN
32151600010003;3215160;3215160001;160;001;0003;RT 003 RW 002 DUSUN
32151600010004;3215160;3215160001;160;001;0004;RT 004 RW 002 DUSUN
32151600010005;3215160;3215160001;160;001;0005;RT 001 RW 003 DUSUN KAMURANG 1
32151600010006;3215160;3215160001;160;001;0006;RT 002 RW 003 DUSUN KAMURANG 1
32151600010007;3215160;3215160001;160;001;0007;RT 003 RW 004 DUSUN KAMURANG 1
32151600010008;3215160;3215160001;160;001;0008;RT 004 RW 004 DUSUN KAMURANG 1
32151600010009;3215160;3215160001;160;001;0009;RT 001 RW 005 DUSUN KAMURANG 2
32151600010010;3215160;3215160001;160;001;0010;RT 002 RW 005 DUSUN KAMURANG 2
32151600010011;3215160;3215160001;160;001;0011;RT 003 RW 006 DUSUN KAMURANG 2
32151600010012;3215160;3215160001;160;001;0012;RT 004 RW 006 DUSUN KAMURANG 2
32151600010013;3215160;3215160001;160;001;0013;RT 001 RW 007 DUSUN BABAKAN KEDAUNG
32151600010014;3215160;3215160001;160;001;0014;RT 002 RW 007 DUSUN BABAKAN KEDAUNG
32151600010015;3215160;3215160001;160;001;0015;RT 003 RW 008 DUSUN BABAKAN KEDAUNG
32151600010016;3215160;3215160001;160;001;0016;RT 004 RW 008 DUSUN BABAKAN KEDAUNG
32151600010017;3215160;3215160001;160;001;0017;RT 001 RW 009 DUSUN BABAKAN KARAJAN
32151600010018;3215160;3215160001;160;001;0018;RT 002 RW 009 DUSUN BABAKAN KARAJAN
32151600010019;3215160;3215160001;160;001;0019;RT 003 RW 010 DUSUN BABAKAN KARAJAN
32151600010020;3215160;3215160001;160;001;0020;RT 004 RW 010 DUSUN BABAKAN KARAJAN
32151600011001;3215160;3215160001;160;001;1001;SAWAH
32151600011002;3215160;3215160001;160;001;1002;SAWAH
32151600011003;3215160;3215160001;160;001;1003;SAWAH
32151600011004;3215160;3215160001;160;001;1004;SAWAH
32151600011005;3215160;3215160001;160;001;1005;SAWAH
32151600011006;3215160;3215160001;160;001;1006;SAWAH
32151600011007;3215160;3215160001;160;001;1007;SAWAH
32151600011008;3215160;3215160001;160;001;1008;SAWAH
32151600060001;3215160;3215160006;160;006;0001;RT 001 RW 001 DUSUN LANGSEB I
32151600060002;3215160;3215160006;160;006;0002;RT 002 RW 001 DUSUN LANGSEB I
32151600060003;3215160;3215160006;160;006;0003;RT 003 RW 001 DUSUN LANGSEB I
32151600060004;3215160;3215160006;160;006;0004;RT 004 RW 001 DUSUN LANGSEB I
32151600060005;3215160;3215160006;160;006;0005;RT 001 RW 002 DUSUN LANGSEB II
32151600060006;3215160;3215160006;160;006;0006;RT 002 RW 002 DUSUN LANGSEB II
32151600060007;3215160;3215160006;160;006;0007;RT 003 RW 002 DUSUN LANGSEB II
32151600060008;3215160;3215160006;160;006;0008;RT 004 RW 002 DUSUN LANGSEB II
32151600060009;3215160;3215160006;160;006;0009;RT 001 RW 003 DUSUN LANGSEB III
32151600060010;3215160;3215160006;160;006;0010;RT 002 RW 003 DUSUN LANGSEB III
32151600060011;3215160;3215160006;160;006;0011;RT 003 RW 003 DUSUN LANGSEB III
32151600060012;3215160;3215160006;160;006;0012;RT 004 RW 003 DUSUN LANGSEB III
32151600060013;3215160;3215160006;160;006;0013;RT 001 RW 004 DUSUN LANGSEB IV
32151600060014;3215160;3215160006;160;006;0014;RT 002 RW 004 DUSUN LANGSEB IV
32151600060015;3215160;3215160006;160;006;0015;RT 003 RW 004 DUSUN LANGSEB IV
32151600060016;3215160;3215160006;160;006;0016;RT 004 RW 004 DUSUN LANGSEB IV
32151600060017;3215160;3215160006;160;006;0017;RT 001 RW 005 DUSUN BABAKAN KIARA
32151600060018;3215160;3215160006;160;006;0018;RT 002 RW 005 DUSUN BABAKAN KIARA
32151600060019;3215160;3215160006;160;006;0019;RT 001 RW 006 DUSUN BALONG JAYA
32151600060020;3215160;3215160006;160;006;0020;RT 002 RW 006 DUSUN BALONG JAYA
32151600060021;3215160;3215160006;160;006;0021;RT 005 RW 001 DUSUN LANGSEB I
32151600060022;3215160;3215160006;160;006;0022;RT 005 RW 003 DUSUN LANGSEB III
32151600060023;3215160;3215160006;160;006;0023;RT 005 RW 004 DUSUN LANGSEB IV
32151600060024;3215160;3215160006;160;006;0024;RT 003 RW 006 DUSUN BALONGJAYA
32151600061001;3215160;3215160006;160;006;1001;SAWAH
32151600061002;3215160;3215160006;160;006;1002;SAWAH
32151600061003;3215160;3215160006;160;006;1003;SAWAH
32151600061004;3215160;3215160006;160;006;1004;SAWAH
32151600061005;3215160;3215160006;160;006;1005;SAWAH
32151600061006;3215160;3215160006;160;006;1006;SAWAH
32151600070001;3215160;3215160007;160;007;0001;RT 001 RW 001 DUSUN SALAM 1
32151600070002;3215160;3215160007;160;007;0002;RT 002 RW 001 DUSUN SALAM 1
32151600070003;3215160;3215160007;160;007;0003;RT 003 RW 002 DUSUN SALAM 1
32151600070004;3215160;3215160007;160;007;0004;RT 004 RW 002 DUSUN SALAM 1
32151600070005;3215160;3215160007;160;007;0005;RT 005 RW 003 DUSUN SALAM II
32151600070006;3215160;3215160007;160;007;0006;RT 006 RW 003 DUSUN SALAM II
32151600070007;3215160;3215160007;160;007;0007;RT 007 RW 004 DUSUN SALAM II
32151600070008;3215160;3215160007;160;007;0008;RT 008 RW 004 DUSUN SALAM II
32151600070009;3215160;3215160007;160;007;0009;RT 009 RW 005 DUSUN SUKAMULYA
32151600070010;3215160;3215160007;160;007;0010;RT 010 RW 005 DUSUN SUKAMULYA
32151600070011;3215160;3215160007;160;007;0011;RT 011 RW 006 DUSUN SUKAMULYA
32151600070012;3215160;3215160007;160;007;0012;RT 012 RW 006 DUSUN SUKAMULYA
32151600070013;3215160;3215160007;160;007;0013;RT 013 RW 007 DUSUN KONDANG
32151600070014;3215160;3215160007;160;007;0014;RT 014 RW 007 DUSUN KONDANG
32151600070015;3215160;3215160007;160;007;0015;RT 015 RW 007 DUSUN KONDANG
32151600070016;3215160;3215160007;160;007;0016;RT 016 RW 008 DUSUN KONDANG
32151600070017;3215160;3215160007;160;007;0017;RT 017 RW 008 DUSUN KONDANG
32151600070018;3215160;3215160007;160;007;0018;RT 018 RW 008 DUSUN KONDANG
32151600070019;3215160;3215160007;160;007;0019;RT 019 RW 009 DUSUN KARANG JATI
32151600070020;3215160;3215160007;160;007;0020;RT 020 RW 009 DUSUN KARANG JATI
32151600070021;3215160;3215160007;160;007;0021;RT 021 RW 009 DUSUN KARANG JATI
32151600070022;3215160;3215160007;160;007;0022;RT 022 RW 010 DUSUN KARANG JATI
32151600070023;3215160;3215160007;160;007;0023;RT 023 RW 010 DUSUN KARANG JATI
32151600071001;3215160;3215160007;160;007;1001;SAWAH
32151600071002;3215160;3215160007;160;007;1002;SAWAH
32151600071003;3215160;3215160007;160;007;1003;SAWAH
32151600071004;3215160;3215160007;160;007;1004;SAWAH
32151600080001;3215160;3215160008;160;008;0001;RT 001 RW 001 DUSUN MUNJULJAYA
32151600080002;3215160;3215160008;160;008;0002;RT 002 RW 001 DUSUN MUNJULJAYA
32151600080003;3215160;3215160008;160;008;0003;RT 001 RW 002 DUSUN BALONGSARI 1
32151600080004;3215160;3215160008;160;008;0004;RT 002 RW 002 DUSUN BALONGSARI 1
32151600080005;3215160;3215160008;160;008;0005;RT 001 RW 003 DUSUN JAYASARI
32151600080006;3215160;3215160008;160;008;0006;RT 002 RW 003 DUSUN JAYASARI
32151600080007;3215160;3215160008;160;008;0007;RT 001 RW 004 DUSUN BALONGSARI 2
32151600080008;3215160;3215160008;160;008;0008;RT 002 RW 004 DUSUN BALONGSARI 2
32151600081001;3215160;3215160008;160;008;1001;SAWAH
32151600081002;3215160;3215160008;160;008;1002;SAWAH
32151600090001;3215160;3215160009;160;009;0001;RT 002 RW 001 DUSUN SUKAWIJAYA
32151600090002;3215160;3215160009;160;009;0002;RT 002 RW 001 DUSUN SUKAWIJAYA
32151600090003;3215160;3215160009;160;009;0003;RT 003 RW 002 DUSUN SUKAWIJAYA
32151600090004;3215160;3215160009;160;009;0004;RT 004 RW 001 DUSUN SUKAWIJAYA
32151600090005;3215160;3215160009;160;009;0005;RT 005 RW 003 DUSUN SUKARELA
32151600090006;3215160;3215160009;160;009;0006;RT 006 RW 003 DUSUN SUKARELA
32151600090007;3215160;3215160009;160;009;0007;RT 007 RW 004 DUSUN SUKARELA
32151600090008;3215160;3215160009;160;009;0008;RT 008 RW 004 DUSUN SUKARELA
32151600090009;3215160;3215160009;160;009;0009;RT 009 RW 005 DUSUN JAYAMUKTI
32151600090010;3215160;3215160009;160;009;0010;RT 010 RW 005 DUSUN JAYAMUKTI
32151600090011;3215160;3215160009;160;009;0011;RT 011 RW 006 DUSUN JAYAMUKTI
32151600090012;3215160;3215160009;160;009;0012;RT 012 RW 006 DUSUN JAYAMUKTI
32151600090013;3215160;3215160009;160;009;0013;RT 013 RW 007 DUSUN
32151600090014;3215160;3215160009;160;009;0014;RT 014 RW 007 DUSUN
32151600090015;3215160;3215160009;160;009;0015;RT 015 RW 008 DUSUN
32151600090016;3215160;3215160009;160;009;0016;RT 016 RW 008 DUSUN
32151600091001;3215160;3215160009;160;009;1001;SAWAH
32151600091002;3215160;3215160009;160;009;1002;SAWAH
32151600091003;3215160;3215160009;160;009;1003;SAWAH
32151600100001;3215160;3215160010;160;010;0001;RT 001 RW 001 DUSUN PEDES 1
32151600100002;3215160;3215160010;160;010;0002;RT 002 RW 001 DUSUN PEDES 1
32151600100003;3215160;3215160010;160;010;0003;RT 001 RW 002 DUSUN PEDES 1
32151600100004;3215160;3215160010;160;010;0004;RT 002 RW 002 DUSUN PEDES 1
32151600100005;3215160;3215160010;160;010;0005;RT 001 RW 003 DUSUN PEDES 1
32151600100006;3215160;3215160010;160;010;0006;RT 002 RW 003 DUSUN PEDES 1
32151600100007;3215160;3215160010;160;010;0007;RT 001 RW 004 DUSUN PEDES 2
32151600100008;3215160;3215160010;160;010;0008;RT 002 RW 004 DUSUN PEDES 2
32151600100009;3215160;3215160010;160;010;0009;RT 001 RW 005 DUSUN PEDES 2
32151600100010;3215160;3215160010;160;010;0010;RT 002 RW 005 DUSUN PEDES 2
32151600100011;3215160;3215160010;160;010;0011;RT 003 RW 005 DUSUN PEDES 2
32151600100012;3215160;3215160010;160;010;0012;RT 001 RW 006 DUSUN JATIMUKA
32151600100013;3215160;3215160010;160;010;0013;RT 002 RW 006 DUSUN JATIMUKA
32151600100014;3215160;3215160010;160;010;0014;RT 001 RW 007 DUSUN BAYUR 1
32151600100015;3215160;3215160010;160;010;0015;RT 002 RW 007 DUSUN BAYUR 1
32151600100016;3215160;3215160010;160;010;0016;RT 003 RW 007 DUSUN BAYUR 1
32151600100017;3215160;3215160010;160;010;0017;RT 001 RW 008 DUSUN BAYUR 1
32151600100018;3215160;3215160010;160;010;0018;RT 002 RW 008 DUSUN BAYUR 1
32151600100019;3215160;3215160010;160;010;0019;RT 003 RW 008 DUSUN BAYUR 1
32151600100020;3215160;3215160010;160;010;0020;RT 001 RW 009 DUSUN BAYUR 2
32151600100021;3215160;3215160010;160;010;0021;RT 002 RW 009 DUSUN BAYUR 2
32151600100022;3215160;3215160010;160;010;0022;RT 001 RW 010 DUSUN BAYUR 2
32151600100023;3215160;3215160010;160;010;0023;RT 002 RW 010 DUSUN BAYUR 2
32151600101001;3215160;3215160010;160;010;1001;SAWAH
32151600101002;3215160;3215160010;160;010;1002;SAWAH
32151600101003;3215160;3215160010;160;010;1003;SAWAH
32151600101004;3215160;3215160010;160;010;1004;SAWAH
32151600101005;3215160;3215160010;160;010;1005;SAWAH
32151600101006;3215160;3215160010;160;010;1006;SAWAH
32151600101007;3215160;3215160010;160;010;1007;SAWAH
32151600110001;3215160;3215160011;160;011;0001;RT 001 RW 001 DUSUN RANGDU 1
32151600110002;3215160;3215160011;160;011;0002;RT 002 RW 001 DUSUN RANGDU 1
32151600110003;3215160;3215160011;160;011;0003;RT 003 RW 001 DUSUN RANGDU 1
32151600110004;3215160;3215160011;160;011;0004;RT 004 RW 002 DUSUN RANGDU 1
32151600110005;3215160;3215160011;160;011;0005;RT 005 RW 002 DUSUN RANGDU 1
32151600110006;3215160;3215160011;160;011;0006;RT 006 RW 002 DUSUN RANGDU 1
32151600110007;3215160;3215160011;160;011;0007;RT 007 RW 003 DUSUN RANGDU 2
32151600110008;3215160;3215160011;160;011;0008;RT 008 RW 003 DUSUN RANGDU 2
32151600110009;3215160;3215160011;160;011;0009;RT 009 RW 003 DUSUN RANGDU 2
32151600110010;3215160;3215160011;160;011;0010;RT 010 RW 004 DUSUN RANGDU 2
32151600110011;3215160;3215160011;160;011;0011;RT 011 RW 004 DUSUN RANGDU 2
32151600110012;3215160;3215160011;160;011;0012;RT 012 RW 005 DUSUN GULAMPOK
32151600110013;3215160;3215160011;160;011;0013;RT 013 RW 005 DUSUN GULAMPOK
32151600110014;3215160;3215160011;160;011;0014;RT 014 RW 006 DUSUN GULAMPOK
32151600110015;3215160;3215160011;160;011;0015;RT 015 RW 005 DUSUN GULAMPOK
32151600110016;3215160;3215160011;160;011;0016;RT 016 RW 006 DUSUN GULAMPOK
32151600110017;3215160;3215160011;160;011;0017;RT 017 RW 006 DUSUN GULAMPOK
32151600110018;3215160;3215160011;160;011;0018;RT 018 RW 007 DUSUN GULAMPOK
32151600110019;3215160;3215160011;160;011;0019;RT 019 RW 007 DUSUN GULAMPOK
32151600110020;3215160;3215160011;160;011;0020;RT 020 RW 007 DUSUN GULAMPOK
32151600110021;3215160;3215160011;160;011;0021;RT 021 RW 008 DUSUN GULAMPOK
32151600110022;3215160;3215160011;160;011;0022;RT 022 RW 008 DUSUN GULAMPOK
32151600110023;3215160;3215160011;160;011;0023;RT 023 RW 008 DUSUN GULAMPOK
32151600111001;3215160;3215160011;160;011;1001;SAWAH
32151600111002;3215160;3215160011;160;011;1002;SAWAH
32151600111003;3215160;3215160011;160;011;1003;SAWAH
32151600111004;3215160;3215160011;160;011;1004;SAWAH
32151600111005;3215160;3215160011;160;011;1005;SAWAH
32151600111006;3215160;3215160011;160;011;1006;SAWAH
32151600120001;3215160;3215160012;160;012;0001;RT 001 RW 001 DUSUN POJOK LABAN 1
32151600120002;3215160;3215160012;160;012;0002;RT 002 RW 001 DUSUN POJOK LABAN 1
32151600120003;3215160;3215160012;160;012;0003;RT 003 RW 001 DUSUN POJOK LABAN 1
32151600120004;3215160;3215160012;160;012;0004;RT 004 RW 002 DUSUN POJOK LABAN 2
32151600120005;3215160;3215160012;160;012;0005;RT 005 RW 002 DUSUN POJOK LABAN 2
32151600120006;3215160;3215160012;160;012;0006;RT 006 RW 002 DUSUN POJOK LABAN 2
32151600120007;3215160;3215160012;160;012;0007;RT 007 RW 003 DUSUN PANCANUNGGUL
32151600120008;3215160;3215160012;160;012;0008;RT 008 RW 003 DUSUN PANCANUNGGUL
32151600120009;3215160;3215160012;160;012;0009;RT 009 RW 004 DUSUN
32151600120010;3215160;3215160012;160;012;0010;RT 010 RW 004 DUSUN
32151600120011;3215160;3215160012;160;012;0011;RT 011 RW 004 DUSUN
32151600120012;3215160;3215160012;160;012;0012;RT 012 RW 005 DUSUN
32151600120013;3215160;3215160012;160;012;0013;RT 013 RW 005 DUSUN
32151600121001;3215160;3215160012;160;012;1001;SAWAH
32151600121002;3215160;3215160012;160;012;1002;SAWAH
32151600121003;3215160;3215160012;160;012;1003;SAWAH
32151600150001;3215160;3215160015;160;015;0001;RT 001 RW 001 DUSUN KARAJAN
32151600150002;3215160;3215160015;160;015;0002;RT 002 RW 001 DUSUN KARAJAN
32151600150003;3215160;3215160015;160;015;0003;RT 001 RW 002 DUSUN KARAJAN
32151600150004;3215160;3215160015;160;015;0004;RT 002 RW 002 DUSUN KARAJAN
32151600150005;3215160;3215160015;160;015;0005;RT 001 RW 003 DUSUN SUNGAI BAMBU
32151600150006;3215160;3215160015;160;015;0006;RT 002 RW 003 DUSUN SUNGAI BAMBU
32151600150007;3215160;3215160015;160;015;0007;RT 001 RW 004 DUSUN SUNGAI BAMBU
32151600150008;3215160;3215160015;160;015;0008;RT 002 RW 004 DUSUN SUNGAI BAMBU
32151600150009;3215160;3215160015;160;015;0009;RT 001 RW 005 DUSUN SUNGAI SARI
32151600150010;3215160;3215160015;160;015;0010;RT 002 RW 005 DUSUN SUNGAI SARI
32151600150011;3215160;3215160015;160;015;0011;RT 001 RW 006 DUSUN SUNGAI SARI
32151600150012;3215160;3215160015;160;015;0012;RT 002 RW 006 DUSUN SUNGAI SARI
32151600150013;3215160;3215160015;160;015;0013;RT 003 RW 006 DUSUN SUNGAI SARI
32151600150014;3215160;3215160015;160;015;0014;RT 001 RW 007 DUSUN SUNGAI MANUK
32151600150015;3215160;3215160015;160;015;0015;RT 002 RW 007 DUSUN SUNGAI MANUK
32151600150016;3215160;3215160015;160;015;0016;RT 001 RW 008 DUSUN SUNGAI BUNTU
32151600150017;3215160;3215160015;160;015;0017;RT 002 RW 008 DUSUN SUNGAI BUNTU
32151600150018;3215160;3215160015;160;015;0018;RT 001 RW 009 DUSUN SUNGAI BUNTU
32151600150019;3215160;3215160015;160;015;0019;RT 002 RW 009 DUSUN SUNGAI BUNTU
32151600150020;3215160;3215160015;160;015;0020;RT 001 RW 010 DUSUN SUNGAI TEGAL
32151600150021;3215160;3215160015;160;015;0021;RT 002 RW 010 DUSUN SUNGAI TEGAL
32151600150022;3215160;3215160015;160;015;0022;RT 001 RW 011 DUSUN SUNGAI TEGAL
32151600150023;3215160;3215160015;160;015;0023;RT 002 RW 011 DUSUN SUNGAI TEGAL
32151600151001;3215160;3215160015;160;015;1001;SAWAh
32151600151002;3215160;3215160015;160;015;1002;SAWAH
32151600151003;3215160;3215160015;160;015;1003;SAWAH
32151600160001;3215160;3215160016;160;016;0001;RT 001 RW 001 DUSUN KENDALJAYA BARAT
32151600160002;3215160;3215160016;160;016;0002;RT 002 RW 001 DUSUN KOJENGKANG
32151600160003;3215160;3215160016;160;016;0003;RT 003 RW 002 DUSUN PAJATEN
32151600160004;3215160;3215160016;160;016;0004;RT 004 RW 002 DUSUN PAJATEN
32151600160005;3215160;3215160016;160;016;0005;RT 005 RW 003 DUSUN PAJATEN
32151600160006;3215160;3215160016;160;016;0006;RT 006 RW 003 DUSUN PAJATEN
32151600160007;3215160;3215160016;160;016;0007;RT 007 RW 004 DUSUN KOBAK KENDAL
32151600160008;3215160;3215160016;160;016;0008;RT 008 RW 004 DUSUN KOBAK KENDAL
32151600160009;3215160;3215160016;160;016;0009;RT 009 RW 004 DUSUN KOBAK KENDAL
32151600160010;3215160;3215160016;160;016;0010;RT 010 RW 005 DUSUN PENGKI JAYA
32151600160011;3215160;3215160016;160;016;0011;RT 011 RW 005 DUSUN PENGKI JAYA
32151600160012;3215160;3215160016;160;016;0012;RT 012 RW 006 DUSUN KENDAL JAYA BARAT
32151600160013;3215160;3215160016;160;016;0013;RT 013 RW 006 DUSUN KENDAL JAYA BARAT
32151600161001;3215160;3215160016;160;016;1001;SAWAH
32151600161002;3215160;3215160016;160;016;1002;SAWAH
32151600161003;3215160;3215160016;160;016;1003;SAWAH
32151600161004;3215160;3215160016;160;016;1004;SAWAH
32151600161005;3215160;3215160016;160;016;1005;SAWAH
32151600161006;3215160;3215160016;160;016;1006;SAWAH
32151600161007;3215160;3215160016;160;016;1007;SAWAH
32151600170001;3215160;3215160017;160;017;0001;RT 001 RW 001 DUSUN DONGKAL 1
32151600170002;3215160;3215160017;160;017;0002;RT 002 RW 001 DUSUN DONGKAL 1
32151600170003;3215160;3215160017;160;017;0003;RT 003 RW 002 DUSUN DONGKAL 2
32151600170004;3215160;3215160017;160;017;0004;RT 004 RW 002 DUSUN DONGKAL 3
32151600170005;3215160;3215160017;160;017;0005;RT 005 RW 003 DUSUN DONGKAL 3
32151600170006;3215160;3215160017;160;017;0006;RT 006 RW 003 DUSUN DONGKAL 3
32151600170007;3215160;3215160017;160;017;0007;RT 007 RW 004 DUSUN DONGKAL 4
32151600170008;3215160;3215160017;160;017;0008;RT 008 RW 004 DUSUN DONGKAL 4
32151600170009;3215160;3215160017;160;017;0009;RT 009 RW 005 DUSUN DONGKAL 5
32151600170010;3215160;3215160017;160;017;0010;RT 010 RW 005 DUSUN DONGKAL 5
32151600170011;3215160;3215160017;160;017;0011;RT 011 RW 006 DUSUN DONGKAL 6
32151600170012;3215160;3215160017;160;017;0012;RT 012 RW 006 DUSUN DONGKAL 6
32151600170013;3215160;3215160017;160;017;0013;RT 013 RW 007 DUSUN DONGKAL 7
32151600170014;3215160;3215160017;160;017;0014;RT 014 RW 007 DUSUN DONGKAL 7
32151600170015;3215160;3215160017;160;017;0015;RT 015 RW 008 DUSUN DONGKAL 8
32151600170016;3215160;3215160017;160;017;0016;RT 016 RW 008 DUSUN DONGKAL 8
32151600171001;3215160;3215160017;160;017;1001;SAWAH
32151600171002;3215160;3215160017;160;017;1002;SAWAH
32151600180001;3215160;3215160018;160;018;0001;RT 001 RW 001 DUSUN BUNDER 1
32151600180002;3215160;3215160018;160;018;0002;RT 002 RW 001 DUSUN BUNDER 1
32151600180003;3215160;3215160018;160;018;0003;RT 003 RW 002 DUSUN BUNDER 1
32151600180004;3215160;3215160018;160;018;0004;RT 004 RW 002 DUSUN BUNDER 1
32151600180005;3215160;3215160018;160;018;0005;RT 001 RW 003 DUSUN BUNDER 2
32151600180006;3215160;3215160018;160;018;0006;RT 002 RW 003 DUSUN BUNDER 2
32151600180007;3215160;3215160018;160;018;0007;RT 003 RW 003 DUSUN BUNDER 2
32151600180008;3215160;3215160018;160;018;0008;RT 001 RW 005 DUSUN BUNDER 3
32151600180009;3215160;3215160018;160;018;0009;RT 002 RW 005 DUSUN BUNDER 3
32151600180010;3215160;3215160018;160;018;0010;RT 003 RW 005 DUSUN BUNDER 3
32151600180011;3215160;3215160018;160;018;0011;RT 001 RW 006 DUSUN BUBULAK
32151600180012;3215160;3215160018;160;018;0012;RT 002 RW 006 DUSUN BUBULAK
32151600180013;3215160;3215160018;160;018;0013;RT 003 RW 006 DUSUN BUBULAK
32151600181001;3215160;3215160018;160;018;1001;SAWAH
32151600181002;3215160;3215160018;160;018;1002;SAWAH
32151600181003;3215160;3215160018;160;018;1003;SAWAH
32151610010001;3215161;3215161001;161;001;0001;RT 001 RW 001 DUSUN CILENJOH
32151610010002;3215161;3215161001;161;001;0002;RT 002 RW 001 DUSUN CILENJOH
32151610010003;3215161;3215161001;161;001;0003;RT 003 RW 002 DUSUN CILENJOH
32151610010004;3215161;3215161001;161;001;0004;RT 004 RW 002 DUSUN CILENJOH
32151610010005;3215161;3215161001;161;001;0005;RT 005 RW 003 DUSUN RAWARADEN
32151610010006;3215161;3215161001;161;001;0006;RT 006 RW 003 DUSUN RAWARADEN
32151610010007;3215161;3215161001;161;001;0007;RT 007 RW 004 DUSUN KAUNGUCIP
32151610010008;3215161;3215161001;161;001;0008;RT 008 RW 004 DUSUN KAUNGUCIP
32151610010009;3215161;3215161001;161;001;0009;RT 009 RW 005 DUSUN KAUNGUCIP
32151610010010;3215161;3215161001;161;001;0010;RT 010 RW 005 DUSUN KAUNGUCIP
32151610011001;3215161;3215161001;161;001;1001;PESAWAHAN
32151610020001;3215161;3215161002;161;002;0001;RT 001 RW 001 DUSUN TEGALBUAH
32151610020002;3215161;3215161002;161;002;0002;RT 002 RW 001 DUSUN TEGALBUAH
32151610020003;3215161;3215161002;161;002;0003;RT 003 RW 001 DUSUN TEGALBUAH
32151610020004;3215161;3215161002;161;002;0004;RT 004 RW 002 DUSUN CILENJOH
32151610020005;3215161;3215161002;161;002;0005;RT 005 RW 002 DUSUN CILENJOH
32151610020006;3215161;3215161002;161;002;0006;RT 006 RW 002 DUSUN CILENJOH
32151610020007;3215161;3215161002;161;002;0007;RT 007 RW 003 DUSUN CIBADAR I
32151610020008;3215161;3215161002;161;002;0008;RT 008 RW 003 DUSUN CIBADAR I
32151610020009;3215161;3215161002;161;002;0009;RT 010 RW 004 DUSUN CIBADAR II
32151610020010;3215161;3215161002;161;002;0010;RT 011 RW 005 DUSUN CIKANGKUNG
32151610020011;3215161;3215161002;161;002;0011;RT 009 RW 006 DUSUN ANTARIEM
32151610021001;3215161;3215161002;161;002;1001;PESAWAHAN
32151610021002;3215161;3215161002;161;002;1002;PESAWAHAN
32151610030001;3215161;3215161003;161;003;0001;RT 001 RW 001 DUSUN TURI BARAT 1
32151610030002;3215161;3215161003;161;003;0002;RT 002 RW 001 DUSUN TURI BARAT 1
32151610030003;3215161;3215161003;161;003;0003;RT 003 RW 001 DUSUN TURI BARAT 1
32151610030004;3215161;3215161003;161;003;0004;RT 004 RW 001 DUSUN TURI BARAT 1
32151610030005;3215161;3215161003;161;003;0005;RT 005 RW 002 DUSUN TURI BARAT 2
32151610030006;3215161;3215161003;161;003;0006;RT 006 RW 002 DUSUN TURI BARAT 2
32151610030007;3215161;3215161003;161;003;0007;RT 007 RW 003 DUSUN TURI BARAT 3
32151610030008;3215161;3215161003;161;003;0008;RT 008 RW 003 DUSUN TURI BARAT 3
32151610030009;3215161;3215161003;161;003;0009;RT 009 RW 003 DUSUN TURI BARAT 3
32151610030010;3215161;3215161003;161;003;0010;RT 010 RW 004 DUSUN TALUNDADAP
32151610030011;3215161;3215161003;161;003;0011;RT 011 RW 004 DUSUN TALUNDADAP
32151610030012;3215161;3215161003;161;003;0012;RT 012 RW 005 DUSUN TALUNDADAP
32151610030013;3215161;3215161003;161;003;0013;RT 013 RW 005 DUSUN TALUNDADAP
32151610031001;3215161;3215161003;161;003;1001;PESAWAHAN
32151610040001;3215161;3215161004;161;004;0001;RT 001 RW 001 DUSUN JARONG 01
32151610040002;3215161;3215161004;161;004;0002;RT 002 RW 001 DUSUN JARONG 01
32151610040003;3215161;3215161004;161;004;0003;RT 003 RW 002 DUSUN JARONG 02
32151610040004;3215161;3215161004;161;004;0004;RT 004 RW 002 DUSUN JARONG 02
32151610040005;3215161;3215161004;161;004;0005;RT 005 RW 003 DUSUN CIGOBANG
32151610040006;3215161;3215161004;161;004;0006;RT 006 RW 004 DUSUN PASUNG
32151610040007;3215161;3215161004;161;004;0007;RT 007 RW 004 DUSUN PASUNG
32151610040008;3215161;3215161004;161;004;0008;RT 008 RW 005 DUSUN KEDUNGSOGA
32151610040009;3215161;3215161004;161;004;0009;RT 009 RW 006 DUSUN KALENPANDAN
32151610040010;3215161;3215161004;161;004;0010;RT 010 RW 006 DUSUN KALENPANDAN
32151610050001;3215161;3215161005;161;005;0001;RT 001 RW 001 DUSUN CILEBAR I
32151610050002;3215161;3215161005;161;005;0002;RT 002 RW 001 DUSUN CILEBAR I
32151610050003;3215161;3215161005;161;005;0003;RT 003 RW 001 DUSUN CILEBAR I
32151610050004;3215161;3215161005;161;005;0004;RT 004 RW 001 DUSUN CILEBAR I
32151610050005;3215161;3215161005;161;005;0005;RT 005 RW 001 DUSUN CILEBAR I
32151610050006;3215161;3215161005;161;005;0006;RT 006 RW 001 DUSUN CILEBAR I
32151610050007;3215161;3215161005;161;005;0007;RT 007 RW 001 DUSUN CILEBAR I
32151610050008;3215161;3215161005;161;005;0008;RT 008 RW 001 DUSUN CILEBAR I
32151610050009;3215161;3215161005;161;005;0009;RT 001 RW 002 DUSUN CILEBAR II
32151610050010;3215161;3215161005;161;005;0010;RT 002 RW 002 DUSUN CILEBAR II
32151610050011;3215161;3215161005;161;005;0011;RT 003 RW 002 DUSUN CILEBAR II
32151610050012;3215161;3215161005;161;005;0012;RT 001 RW 003 DUSUN KEPUHJAYA
32151610050013;3215161;3215161005;161;005;0013;RT 002 RW 003 DUSUN KEPUHJAYA
32151610050014;3215161;3215161005;161;005;0014;RT 003 RW 003 DUSUN KEPUHJAYA
32151610050015;3215161;3215161005;161;005;0015;RT 001 RW 004 DUSUN KALENJAYA
32151610050016;3215161;3215161005;161;005;0016;RT 002 RW 004 DUSUN KALENJAYA
32151610050017;3215161;3215161005;161;005;0017;RT 003 RW 004 DUSUN KALENJAYA
32151610051001;3215161;3215161005;161;005;1001;SAWAH
32151610060001;3215161;3215161006;161;006;0001;RT 001 RW 001 DUSUN CIKANDE I
32151610060002;3215161;3215161006;161;006;0002;RT 002 RW 001 DUSUN CIKANDE I
32151610060003;3215161;3215161006;161;006;0003;RT 003 RW 001 DUSUN CIKANDE I
32151610060004;3215161;3215161006;161;006;0004;RT 004 RW 001 DUSUN CIKANDE I
32151610060005;3215161;3215161006;161;006;0005;RT 005 RW 001 DUSUN CIKANDE I
32151610060006;3215161;3215161006;161;006;0006;RT 001 RW 002 DUSUN CIKANDE II
32151610060007;3215161;3215161006;161;006;0007;RT 002 RW 002 DUSUN CIKANDE II
32151610060008;3215161;3215161006;161;006;0008;RT 003 RW 002 DUSUN CIKANDE II
32151610060009;3215161;3215161006;161;006;0009;RT 004 RW 002 DUSUN CIKANDE II
32151610060010;3215161;3215161006;161;006;0010;RT 005 RW 002 DUSUN CIKANDE II
32151610060011;3215161;3215161006;161;006;0011;RT 001 RW 003 DUSUN CIKANDE III
32151610060012;3215161;3215161006;161;006;0012;RT 002 RW 003 DUSUN CIKANDE III
32151610060013;3215161;3215161006;161;006;0013;RT 003 RW 003 DUSUN CIKANDE III
32151610060014;3215161;3215161006;161;006;0014;RT 004 RW 003 DUSUN CIKANDE III
32151610060015;3215161;3215161006;161;006;0015;RT 001 RW 004 DUSUN CIKANDE IV
32151610061001;3215161;3215161006;161;006;1001;PESAWAHAN CIKANDE IV
32151610061002;3215161;3215161006;161;006;1002;PESAWAHAN CIKANDE I
32151610061003;3215161;3215161006;161;006;1003;PESAWAHAN CIKANDE II
32151610061004;3215161;3215161006;161;006;1004;PESAWAHAN CIKANDE III
32151610061005;3215161;3215161006;161;006;1005;PESAWAHAN
32151610070001;3215161;3215161007;161;007;0001;RT 001 RW 001 DUSUN RAWAKANDANG
32151610070002;3215161;3215161007;161;007;0002;RT 002 RW 001 DUSUN RAWAKANDANG
32151610070003;3215161;3215161007;161;007;0003;RT 003 RW 002 DUSUN PILAR
32151610070004;3215161;3215161007;161;007;0004;RT 004 RW 002 DUSUN PILAR
32151610070005;3215161;3215161007;161;007;0005;RT 005 RW 003 DUSUN PULOKALAPA
32151610070006;3215161;3215161007;161;007;0006;RT 006 RW 003 DUSUN PULOKALAPA
32151610071001;3215161;3215161007;161;007;1001;SAWAH
32151610071002;3215161;3215161007;161;007;1002;SAWAH
32151610080001;3215161;3215161008;161;008;0001;RT 001 RW 001 DUSUN KOSAMBIBATU I
32151610080002;3215161;3215161008;161;008;0002;RT 002 RW 001 DUSUN KOSAMBIBATU I
32151610080003;3215161;3215161008;161;008;0003;RT 003 RW 001 DUSUN KOSAMBIBATU I
32151610080004;3215161;3215161008;161;008;0004;RT 004 RW 002 DUSUN KOSAMBIBATU II
32151610080005;3215161;3215161008;161;008;0005;RT 005 RW 002 DUSUN KOSAMBIBATU II
32151610080006;3215161;3215161008;161;008;0006;RT 006 RW 002 DUSUN KOSAMBIBATU II
32151610080007;3215161;3215161008;161;008;0007;RT 007 RW 003 DUSUN SUBAD
32151610080008;3215161;3215161008;161;008;0008;RT 008 RW 004 DUSUN CIGUHA
32151610080009;3215161;3215161008;161;008;0009;RT 009 RW 004 DUSUN CINYEMPLAK
32151610081001;3215161;3215161008;161;008;1001;SAWAH
32151610081002;3215161;3215161008;161;008;1002;SAWAH
32151610081003;3215161;3215161008;161;008;1003;SAWAH
32151610081004;3215161;3215161008;161;008;1004;SAWAH
32151610090001;3215161;3215161009;161;009;0001;RT 001 RW 001 DUSUN CIKUNIR
32151610090002;3215161;3215161009;161;009;0002;RT 002 RW 001 DUSUN CIKUNIR
32151610090003;3215161;3215161009;161;009;0003;RT 001 RW 002 DUSUN SUMBERJAYA
32151610090004;3215161;3215161009;161;009;0004;RT 002 RW 002 DUSUN SUMBERJAYA
32151610090005;3215161;3215161009;161;009;0005;RT 001 RW 003 DUSUN SUMBERJATI
32151610090006;3215161;3215161009;161;009;0006;RT 002 RW 003 DUSUN SUMBERJATI
32151610090007;3215161;3215161009;161;009;0007;RT 001 RW 004 DUSUN CIMUNCLAK
32151610090008;3215161;3215161009;161;009;0008;RT 002 RW 004 DUSUN CIMUNCLAK
32151610091001;3215161;3215161009;161;009;1001;SAWAH
32151610091002;3215161;3215161009;161;009;1002;SAWAH
32151610091003;3215161;3215161009;161;009;1003;SAWAH
32151610100001;3215161;3215161010;161;010;0001;RT 001 RW 001 DUSUN KARAJAN
32151610100002;3215161;3215161010;161;010;0002;RT 002 RW 001 DUSUN KARAJAN
32151610100003;3215161;3215161010;161;010;0003;RT 001 RW 002 DUSUN SUKAMULYA
32151610100004;3215161;3215161010;161;010;0004;RT 002 RW 002 DUSUN SUKAMULYA
32151610100005;3215161;3215161010;161;010;0005;RT 001 RW 003 DUSUN SUKAJAYA
32151610100006;3215161;3215161010;161;010;0006;RT 002 RW 003 DUSUN SUKAJAYA
32151610100007;3215161;3215161010;161;010;0007;RT 003 RW 003 DUSUN SUKAJAYA
32151610100008;3215161;3215161010;161;010;0008;RT 001 RW 004 DUSUN SUKAJADI
32151610100009;3215161;3215161010;161;010;0009;RT 002 RW 004 DUSUN SUKAJADI
32151610100010;3215161;3215161010;161;010;0010;RT 001 RW 005 DUSUN PP TIR
32151610100011;3215161;3215161010;161;010;0011;RT 002 RW 005 DUSUN PP TIR
32151610100012;3215161;3215161010;161;010;0012;RT 001 RW 006 DUSUN MEKARJATI
32151610100013;3215161;3215161010;161;010;0013;RT 002 RW 006 DUSUN MEKARJATI
32151610100014;3215161;3215161010;161;010;0014;RT 003 RW 006 DUSUN MEKARJATI
32151610101001;3215161;3215161010;161;010;1001;SAWAH
32151610106002;3215161;3215161010;161;010;6002;EMPANG
32151610106003;3215161;3215161010;161;010;6003;EMPANG
32151700010001;3215170;3215170001;170;001;0001;RT 001 RW 001 DUSUN CIKUDA I
32151700010002;3215170;3215170001;170;001;0002;RT 002 RW 001 DUSUN CIKUDA I
32151700010003;3215170;3215170001;170;001;0003;RT 003 RW 002 DUSUN CIKUDA II
32151700010004;3215170;3215170001;170;001;0004;RT 004 RW 002 DUSUN CIKUDA II
32151700010005;3215170;3215170001;170;001;0005;RT 005 RW 003 DUSUN MEKARSARI
32151700010006;3215170;3215170001;170;001;0006;RT 006 RW 003 DUSUN MEKARSARI
32151700010007;3215170;3215170001;170;001;0007;RT 007 RW 003 DUSUN MEKARSARI
32151700011001;3215170;3215170001;170;001;1001;WILAYAH BERVEGETASI PERTANIAN
32151700011002;3215170;3215170001;170;001;1002;WILAYAH BERVEGETASI PERTANIAN
32151700011003;3215170;3215170001;170;001;1003;WILAYAH BERVEGETASI PERTANIAN
32151700020001;3215170;3215170002;170;002;0001;RT 001 RW 001 DUSUN SARENGSENG I
32151700020002;3215170;3215170002;170;002;0002;RT 002 RW 001 DUSUN SARENGSENG I
32151700020003;3215170;3215170002;170;002;0003;RT 003 RW 001 DUSUN SARENGSENG I
32151700020004;3215170;3215170002;170;002;0004;RT 004 RW 002 DUSUN SARENGSENG II
32151700020005;3215170;3215170002;170;002;0005;RT 005 RW 002 DUSUN SARENGSENG II
32151700020006;3215170;3215170002;170;002;0006;RT 006 RW 002 DUSUN SARENGSENG II
32151700020007;3215170;3215170002;170;002;0007;RT 007 RW 003 DUSUN SARENGSENG III
32151700020008;3215170;3215170002;170;002;0008;RT 008 RW 003 DUSUN SARENGSENG III
32151700020009;3215170;3215170002;170;002;0009;RT 009 RW 003 DUSUN SARENGSENG III
32151700020010;3215170;3215170002;170;002;0010;RT 010 RW 004 DUSUN SARENGSENG IV
32151700020011;3215170;3215170002;170;002;0011;RT 011 RW 004 DUSUN SARENGSENG IV
32151700020012;3215170;3215170002;170;002;0012;RT 012 RW 004 DUSUN SARENGSENG IV
32151700021001;3215170;3215170002;170;002;1001;WILAYAH BERVEGETASI PERTANIAN
32151700021002;3215170;3215170002;170;002;1002;WILAYAH BERVEGETASI PERTANIAN
32151700030001;3215170;3215170003;170;003;0001;RT 001 RW 001 DUSUN CIBUAYA I
32151700030002;3215170;3215170003;170;003;0002;RT 002 RW 001 DUSUN CIBUAYA I
32151700030003;3215170;3215170003;170;003;0003;RT 003 RW 001 DUSUN CIBUAYA I
32151700030004;3215170;3215170003;170;003;0004;RT 004 RW 002 DUSUN CIBUAYA I
32151700030005;3215170;3215170003;170;003;0005;RT 005 RW 002 DUSUN CIBUAYA I
32151700030006;3215170;3215170003;170;003;0006;RT 006 RW 002 DUSUN CIBUAYA I
32151700030007;3215170;3215170003;170;003;0007;RT 001 RW 003 DUSUN CIBUAYA II
32151700030008;3215170;3215170003;170;003;0008;RT 002 RW 003 DUSUN CIBUAYA II
32151700030009;3215170;3215170003;170;003;0009;RT 003 RW 003 DUSUN CIBUAYA II
32151700030010;3215170;3215170003;170;003;0010;RT 004 RW 004 DUSUN CIBUAYA II
32151700030011;3215170;3215170003;170;003;0011;RT 005 RW 004 DUSUN CIBUAYA II
32151700030012;3215170;3215170003;170;003;0012;RT 006 RW 004 DUSUN CIBUAYA II
32151700030013;3215170;3215170003;170;003;0013;RT 001 RW 005 DUSUN CIBUAYA III
32151700030014;3215170;3215170003;170;003;0014;RT 002 RW 005 DUSUN CIBUAYA III
32151700030015;3215170;3215170003;170;003;0015;RT 003 RW 005 DUSUN CIBUAYA III
32151700030016;3215170;3215170003;170;003;0016;RT 004 RW 006 DUSUN CIBUAYA III
32151700030017;3215170;3215170003;170;003;0017;RT 005 RW 006 DUSUN CIBUAYA III
32151700030018;3215170;3215170003;170;003;0018;RT 006 RW 006 DUSUN CIBUAYA III
32151700030019;3215170;3215170003;170;003;0019;RT 001 RW 007 DUSUN CIBUAYA IV
32151700030020;3215170;3215170003;170;003;0020;RT 002 RW 007 DUSUN CIBUAYA IV
32151700030021;3215170;3215170003;170;003;0021;RT 003 RW 007 DUSUN CIBUAYA IV
32151700030022;3215170;3215170003;170;003;0022;RT 004 RW 008 DUSUN CIBUAYA IV
32151700030023;3215170;3215170003;170;003;0023;RT 005 RW 008 DUSUN CIBUAYA IV
32151700030024;3215170;3215170003;170;003;0024;RT 006 RW 008 DUSUN CIBUAYA IV
32151700031001;3215170;3215170003;170;003;1001;WILAYAH BERVEGETASI PERTANIAN
32151700031002;3215170;3215170003;170;003;1002;WILAYAH BERVEGETASI PERTANIAN
32151700031003;3215170;3215170003;170;003;1003;WILAYAH BERVEGETASI PERTANIAN
32151700040001;3215170;3215170004;170;004;0001;RT 001 RW 001 DUSUN PAJATEN I
32151700040002;3215170;3215170004;170;004;0002;RT 002 RW 001 DUSUN PAJATEN I
32151700040003;3215170;3215170004;170;004;0003;RT 003 RW 001 DUSUN PAJATEN I
32151700040004;3215170;3215170004;170;004;0004;RT 004 RW 002 DUSUN BABAKAN KARAWANG
32151700040005;3215170;3215170004;170;004;0005;RT 005 RW 002 DUSUN BABAKAN KARAWANG
32151700040006;3215170;3215170004;170;004;0006;RT 001 RW 003 DUSUN PAJATEN II
32151700040007;3215170;3215170004;170;004;0007;RT 002 RW 003 DUSUN PAJATEN II
32151700040008;3215170;3215170004;170;004;0008;RT 003 RW 003 DUSUN PAJATEN II
32151700040009;3215170;3215170004;170;004;0009;RT 004 RW 003 DUSUN PAJATEN II
32151700040010;3215170;3215170004;170;004;0010;RT 001 RW 004 DUSUN PAJATEN III
32151700040011;3215170;3215170004;170;004;0011;RT 002 RW 004 DUSUN PAJATEN III
32151700040012;3215170;3215170004;170;004;0012;RT 003 RW 004 DUSUN PAJATEN III
32151700040013;3215170;3215170004;170;004;0013;RT 001 RW 005 DUSUN CIMERTA
32151700040014;3215170;3215170004;170;004;0014;RT 002 RW 005 DUSUN CIMERTA
32151700041001;3215170;3215170004;170;004;1001;WILAYAH BERVEGETASI PERTANIAN
32151700041002;3215170;3215170004;170;004;1002;WILAYAH BERVEGETASI PERTANIAN
32151700041003;3215170;3215170004;170;004;1003;WILAYAH BERVEGETASI PERTANIAN
32151700041004;3215170;3215170004;170;004;1004;WILAYAH BERVEGETASI PERTANIAN
32151700041005;3215170;3215170004;170;004;1005;WILAYAH BERVEGETASI PERTANIAN
32151700041006;3215170;3215170004;170;004;1006;WILAYAH BERVEGETASI PERTANIAN
32151700041007;3215170;3215170004;170;004;1007;WILAYAH BERVEGETASI PERTANIAN
32151700050001;3215170;3215170005;170;005;0001;RT 001 RW 001 DUSUN KRAJAN
32151700050002;3215170;3215170005;170;005;0002;RT 002 RW 001 DUSUN KRAJAN
32151700050003;3215170;3215170005;170;005;0003;RT 003 RW 001 DUSUN KRAJAN
32151700050004;3215170;3215170005;170;005;0004;RT 004 RW 001 DUSUN KRAJAN
32151700050005;3215170;3215170005;170;005;0005;RT 001 RW 002 DUSUN TANGKOLO
32151700050006;3215170;3215170005;170;005;0006;RT 002 RW 002 DUSUN TANGKOLO
32151700050007;3215170;3215170005;170;005;0007;RT 003 RW 002 DUSUN TANGKOLO
32151700050008;3215170;3215170005;170;005;0008;RT 004 RW 002 DUSUN TANGKOLO
32151700050009;3215170;3215170005;170;005;0009;RT 001 RW 003 DUSUN CIMAHI
32151700050010;3215170;3215170005;170;005;0010;RT 002 RW 003 DUSUN CIMAHI
32151700050011;3215170;3215170005;170;005;0011;RT 003 RW 003 DUSUN CIMAHI
32151700051001;3215170;3215170005;170;005;1001;WILAYAH BERVEGETASI PERTANIAN
32151700051002;3215170;3215170005;170;005;1002;WILAYAH BERVEGETASI PERTANIAN
32151700051003;3215170;3215170005;170;005;1003;WILAYAH BERVEGETASI PERTANIAN
32151700051004;3215170;3215170005;170;005;1004;WILAYAH BERVEGETASI PERTANIAN
32151700051005;3215170;3215170005;170;005;1005;WILAYAH BERVEGETASI PERTANIAN
32151700060001;3215170;3215170006;170;006;0001;RT 001 RW 001 DUSUN KALIDUNG I
32151700060002;3215170;3215170006;170;006;0002;RT 002 RW 001 DUSUN KALIDUNG I
32151700060003;3215170;3215170006;170;006;0003;RT 003 RW 002 DUSUN KALIDUNG I
32151700060004;3215170;3215170006;170;006;0004;RT 004 RW 002 DUSUN KALIDUNG I
32151700060005;3215170;3215170006;170;006;0005;RT 005 RW 003 DUSUN KALIDUNG I
32151700060006;3215170;3215170006;170;006;0006;RT 006 RW 003 DUSUN KALIDUNG II
32151700060007;3215170;3215170006;170;006;0007;RT 007 RW 004 DUSUN KALIDUNG II
32151700060008;3215170;3215170006;170;006;0008;RT 008 RW 004 DUSUN KALIDUNG II
32151700061001;3215170;3215170006;170;006;1001;WILAYAH BERVEGETASI PERTANIAN
32151700061002;3215170;3215170006;170;006;1002;WILAYAH BERVEGETASI PERTANIAN
32151700070001;3215170;3215170007;170;007;0001;RT 001 RW 001 DUSUN KRAJAN
32151700070002;3215170;3215170007;170;007;0002;RT 002 RW 001 DUSUN KRAJAN
32151700070003;3215170;3215170007;170;007;0003;RT 003 RW 001 DUSUN KRAJAN
32151700070004;3215170;3215170007;170;007;0004;RT 004 RW 001 DUSUN KRAJAN
32151700070005;3215170;3215170007;170;007;0005;RT 005 RW 002 DUSUN TEGALAMBA
32151700070006;3215170;3215170007;170;007;0006;RT 006 RW 002 DUSUN TEGALAMBA
32151700070007;3215170;3215170007;170;007;0007;RT 007 RW 002 DUSUN TEGALAMBA
32151700070008;3215170;3215170007;170;007;0008;RT 008 RW 002 DUSUN TEGALAMBA
32151700070009;3215170;3215170007;170;007;0009;RT 009 RW 003 DUSUN SADARIWAN
32151700070010;3215170;3215170007;170;007;0010;RT 010 RW 003 DUSUN SADARIWAN
32151700070011;3215170;3215170007;170;007;0011;RT 011 RW 003 DUSUN SADARIWAN
32151700070012;3215170;3215170007;170;007;0012;RT 012 RW 003 DUSUN SADARIWAN
32151700070013;3215170;3215170007;170;007;0013;RT 013 RW 004 DUSUN RAWASARI
32151700070014;3215170;3215170007;170;007;0014;RT 014 RW 004 DUSUN RAWASARI
32151700071001;3215170;3215170007;170;007;1001;WILAYAH BERVEGETASI PERTANIAN
32151700071002;3215170;3215170007;170;007;1002;WILAYAH BERVEGETASI PERTANIAN
32151700071003;3215170;3215170007;170;007;1003;WILAYAH BERVEGETASI PERTANIAN
32151700071004;3215170;3215170007;170;007;1004;WILAYAH BERVEGETASI PERTANIAN
32151700071005;3215170;3215170007;170;007;1005;WILAYAH BERVEGETASI PERTANIAN
32151700080001;3215170;3215170008;170;008;0001;RT 001 RW 001 DUSUN SUNGAI ULA 1
32151700080002;3215170;3215170008;170;008;0002;RT 002 RW 001 DUSUN SUNGAI ULA 1
32151700080003;3215170;3215170008;170;008;0003;RT 003 RW 001 DUSUN SUNGAI ULA 1
32151700080004;3215170;3215170008;170;008;0004;RT 004 RW 001 DUSUN SUNGAI ULA 1
32151700080005;3215170;3215170008;170;008;0005;RT 001 RW 002 DUSUN SUNGAI ULA 2
32151700080006;3215170;3215170008;170;008;0006;RT 002 RW 002 DUSUN SUNGAI ULA 2
32151700080007;3215170;3215170008;170;008;0007;RT 003 RW 002 DUSUN SUNGAI ULA 2
32151700080008;3215170;3215170008;170;008;0008;RT 001 RW 003 DUSUN PATIKUS
32151700080009;3215170;3215170008;170;008;0009;RT 002 RW 003 DUSUN PATIKUS
32151700080010;3215170;3215170008;170;008;0010;RT 003 RW 003 DUSUN PATIKUS
32151700080011;3215170;3215170008;170;008;0011;RT 004 RW 003 DUSUN PATIKUS
32151700080012;3215170;3215170008;170;008;0012;RT 001 RW 004 DUSUN KERSA JAYA
32151700080013;3215170;3215170008;170;008;0013;RT 002 RW 004 DUSUN KERSA JAYA
32151700080014;3215170;3215170008;170;008;0014;RT 003 RW 004 DUSUN KERSA JAYA
32151700080015;3215170;3215170008;170;008;0015;RT 004 RW 004 DUSUN KERSA JAYA
32151700080016;3215170;3215170008;170;008;0016;RT 001 RW 005 DUSUN PULO SATU
32151700080017;3215170;3215170008;170;008;0017;RT 002 RW 005 DUSUN PULO SATU
32151700081001;3215170;3215170008;170;008;1001;WILAYAH BERVEGETASI PERTANIAN
32151700081002;3215170;3215170008;170;008;1002;WILAYAH BERVEGETASI PERTANIAN
32151700081003;3215170;3215170008;170;008;1003;WILAYAH BERVEGETASI PERTANIAN
32151700081004;3215170;3215170008;170;008;1004;WILAYAH BERVEGETASI PERTANIAN
32151700081005;3215170;3215170008;170;008;1005;WILAYAH BERVEGETASI PERTANIAN
32151700081006;3215170;3215170008;170;008;1006;WILAYAH BERVEGETASI PERTANIAN
32151700090001;3215170;3215170009;170;009;0001;RT 001 RW 001 DUSUN KARANG TANJUNG
32151700090002;3215170;3215170009;170;009;0002;RT 002 RW 001 DUSUN KARANG TANJUNG
32151700090003;3215170;3215170009;170;009;0003;RT 003 RW 001 DUSUN KARANG TANJUNG
32151700090004;3215170;3215170009;170;009;0004;RT 001 RW 002 DUSUN KOSAMBI LAWANG
32151700090005;3215170;3215170009;170;009;0005;RT 002 RW 002 DUSUN KOSAMBI LAWANG
32151700090006;3215170;3215170009;170;009;0006;RT 001 RW 003 DUSUN TANJUNG GEBANG
32151700090007;3215170;3215170009;170;009;0007;RT 002 RW 003 DUSUN TANJUNG GEBANG
32151700090008;3215170;3215170009;170;009;0008;RT 003 RW 003 DUSUN TANJUNG GEBANG
32151700091001;3215170;3215170009;170;009;1001;WILAYAH BERVEGETASI PERTANIAN
32151700091002;3215170;3215170009;170;009;1002;WILAYAH BERVEGETASI PERTANIAN
32151700100001;3215170;3215170010;170;010;0001;RT 001 RW 001 DUSUN CEMARA I UTARA
32151700100002;3215170;3215170010;170;010;0002;RT 002 RW 001 DUSUN CEMARA I UTARA
32151700100003;3215170;3215170010;170;010;0003;RT 001 RW 002 DUSUN CEMARA I SELATAN
32151700100004;3215170;3215170010;170;010;0004;RT 002 RW 002 DUSUN CEMARA I SELATAN
32151700100005;3215170;3215170010;170;010;0005;RT 001 RW 003 DUSUN CEMARA II
32151700100006;3215170;3215170010;170;010;0006;RT 002 RW 003 DUSUN CEMARA II
32151700100007;3215170;3215170010;170;010;0007;RT 003 RW 003 DUSUN CEMARA II
32151700100008;3215170;3215170010;170;010;0008;RT 004 RW 003 DUSUN CEMARA II
32151700100009;3215170;3215170010;170;010;0009;RT 001 RW 004 DUSUN PISANGAN
32151700100010;3215170;3215170010;170;010;0010;RT 002 RW 004 DUSUN PISANGAN
32151700100011;3215170;3215170010;170;010;0011;RT 001 RW 005 DUSUN SEKONG
32151700100012;3215170;3215170010;170;010;0012;RT 002 RW 005 DUSUN SEKONG
32151700100013;3215170;3215170010;170;010;0013;RT 001 RW 006 DUSUN MEKARJAYA
32151700106001;3215170;3215170010;170;010;6001;WILAYAH PERAIRAN
32151700106002;3215170;3215170010;170;010;6002;WILAYAH PERAIRAN
32151700106003;3215170;3215170010;170;010;6003;WILAYAH PERAIRAN
32151700110001;3215170;3215170011;170;011;0001;RT 001 RW 001 DUSUN TIRTASARI
32151700110002;3215170;3215170011;170;011;0002;RT 002 RW 001 DUSUN TIRTASARI
32151700110003;3215170;3215170011;170;011;0003;RT 003 RW 001 DUSUN TIRTASARI
32151700110004;3215170;3215170011;170;011;0004;RT 004 RW 001 DUSUN TIRTASARI
32151700110005;3215170;3215170011;170;011;0005;RT 001 RW 002 DUSUN KARANGSARI
32151700110006;3215170;3215170011;170;011;0006;RT 002 RW 002 DUSUN KARANGSARI
32151700110007;3215170;3215170011;170;011;0007;RT 001 RW 003 DUSUN TANJUNGSARI
32151700110008;3215170;3215170011;170;011;0008;RT 002 RW 003 DUSUN TANJUNGSARI
32151700110009;3215170;3215170011;170;011;0009;RT 001 RW 004 DUSUN NEGLASARI
32151700110010;3215170;3215170011;170;011;0010;RT 002 RW 004 DUSUN NEGLASARI
32151700110011;3215170;3215170011;170;011;0011;RT 003 RW 004 DUSUN NEGLASARI
32151700110012;3215170;3215170011;170;011;0012;RT 004 RW 004 DUSUN NEGLASARI
32151700110013;3215170;3215170011;170;011;0013;RT 001 RW 005 DUSUN JAYASARI
32151700110014;3215170;3215170011;170;011;0014;RT 002 RW 005 DUSUN JAYASARI
32151700110015;3215170;3215170011;170;011;0015;RT 001 RW 006 DUSUN TELARSARI
32151700110016;3215170;3215170011;170;011;0016;RT 002 RW 006 DUSUN TELARSARI
32151700116001;3215170;3215170011;170;011;6001;WILAYAH PERAIRAN TAMBAK
32151700116002;3215170;3215170011;170;011;6002;WILAYAH PERAIRAN TAMBAK
32151800010001;3215180;3215180001;180;001;0001;RT 001 RW 001 DUSUN KARANGMULYA
32151800010002;3215180;3215180001;180;001;0002;RT 002 RW 001 DUSUN KARANGMULYA
32151800010003;3215180;3215180001;180;001;0003;RT 003 RW 001 DUSUN KARANGMULYA
32151800010004;3215180;3215180001;180;001;0004;RT 004 RW 002 DUSUN GUHAMULYA
32151800010005;3215180;3215180001;180;001;0005;RT 005 RW 002 DUSUN GUHAMULYA
32151800010006;3215180;3215180001;180;001;0006;RT 006 RW 002 DUSUN GUHAMULYA
32151800010007;3215180;3215180001;180;001;0007;RT 007 RW 003 DUSUN TANJUNGKERTA
32151800010008;3215180;3215180001;180;001;0008;RT 008 RW 003 DUSUN TANJUNGKERTA
32151800010009;3215180;3215180001;180;001;0009;RT 009 RW 003 DUSUN TANJUNGKERTA
32151800010010;3215180;3215180001;180;001;0010;RT 010 RW 003 DUSUN TANJUNGKERTA
32151800010011;3215180;3215180001;180;001;0011;RT 011 RW 004 DUSUN KARANGSETIA
32151800010012;3215180;3215180001;180;001;0012;RT 012 RW 004 DUSUN KARANGSETIA
32151800010013;3215180;3215180001;180;001;0013;RT 013 RW 004 DUSUN KARANGSETIA
32151800010014;3215180;3215180001;180;001;0014;RT 014 RW 004 DUSUN KARANGSETIA
32151800011001;3215180;3215180001;180;001;1001;SAWAH
32151800011002;3215180;3215180001;180;001;1002;SAWAH
32151800011003;3215180;3215180001;180;001;1003;SAWAH
32151800020001;3215180;3215180002;180;002;0001;RT 001 RW 001 DUSUN PISANGSAMBO
32151800020002;3215180;3215180002;180;002;0002;RT 002 RW 001 DUSUN PISANGSAMBO
32151800020003;3215180;3215180002;180;002;0003;RT 003 RW 001 DUSUN PISANGSAMBO
32151800020004;3215180;3215180002;180;002;0004;RT 004 RW 002 DUSUN MALAKA I
32151800020005;3215180;3215180002;180;002;0005;RT 005 RW 002 DUSUN MALAKA I
32151800020006;3215180;3215180002;180;002;0006;RT 006 RW 002 DUSUN MALAKA I
32151800020007;3215180;3215180002;180;002;0007;RT 007 RW 003 DUSUN MALAKA II
32151800020008;3215180;3215180002;180;002;0008;RT 008 RW 003 DUSUN MALAKA II
32151800020009;3215180;3215180002;180;002;0009;RT 009 RW 004 DUSUN TAMIANG
32151800020010;3215180;3215180002;180;002;0010;RT 010 RW 004 DUSUN TAMIANG
32151800020011;3215180;3215180002;180;002;0011;RT 011 RW 004 DUSUN TAMIANG
32151800020012;3215180;3215180002;180;002;0012;RT 012 RW 004 DUSUN TAMIANG
32151800021001;3215180;3215180002;180;002;1001;SAWAH
32151800021002;3215180;3215180002;180;002;1002;SAWAH
32151800021003;3215180;3215180002;180;002;1003;SAWAH
32151800030001;3215180;3215180003;180;003;0001;RT 001 RW 001 DUSUN TRIJAYA
32151800030002;3215180;3215180003;180;003;0002;RT 002 RW 001 DUSUN TRIJAYA
32151800030003;3215180;3215180003;180;003;0003;RT 003 RW 001 DUSUN TRIJAYA
32151800030004;3215180;3215180003;180;003;0004;RT 004 RW 002 DUSUN ARDAIJAYA
32151800030005;3215180;3215180003;180;003;0005;RT 005 RW 002 DUSUN ARDAIJAYA
32151800030006;3215180;3215180003;180;003;0006;RT 006 RW 002 DUSUN ARDAIJAYA
32151800030007;3215180;3215180003;180;003;0007;RT 007 RW 003 DUSUN JAMANTRI 1
32151800030008;3215180;3215180003;180;003;0008;RT 008 RW 003 DUSUN JAMANTRI 1
32151800030009;3215180;3215180003;180;003;0009;RT 009 RW 003 DUSUN JAMANTRI 1
32151800030010;3215180;3215180003;180;003;0010;RT 010 RW 004 DUSUN JAMANTRI 2
32151800030011;3215180;3215180003;180;003;0011;RT 011 RW 004 DUSUN JAMANTRI 2
32151800030012;3215180;3215180003;180;003;0012;RT 012 RW 004 DUSUN JAMANTRI 2
32151800030013;3215180;3215180003;180;003;0013;RT 013 RW 005 DUSUN JAMANTRI 3
32151800030014;3215180;3215180003;180;003;0014;RT 014 RW 005 DUSUN JAMANTRI 3
32151800030015;3215180;3215180003;180;003;0015;RT 015 RW 005 DUSUN JAMANTRI 3
32151800031001;3215180;3215180003;180;003;1001;SAWAH
32151800031002;3215180;3215180003;180;003;1002;SAWAH
32151800040001;3215180;3215180004;180;004;0001;RT 001 RW 001 DUSUN CIBARUSAH
32151800040002;3215180;3215180004;180;004;0002;RT 002 RW 001 DUSUN CIBARUSAH
32151800040003;3215180;3215180004;180;004;0003;RT 003 RW 001 DUSUN CIBARUSAH
32151800040004;3215180;3215180004;180;004;0004;RT 004 RW 001 DUSUN GEMPOL JAYA
32151800040005;3215180;3215180004;180;004;0005;RT 005 RW 002 DUSUN GEMPOL JAYA
32151800040006;3215180;3215180004;180;004;0006;RT 006 RW 002 DUSUN GEMPOL JAYA
32151800040007;3215180;3215180004;180;004;0007;RT 007 RW 003 DUSUN PANGKALAN
32151800040008;3215180;3215180004;180;004;0008;RT 008 RW 003 DUSUN PANGKALAN
32151800040009;3215180;3215180004;180;004;0009;RT 009 RW 003 DUSUN PANGKALAN
32151800040010;3215180;3215180004;180;004;0010;RT 010 RW 003 DUSUN PANGKALAN
32151800041001;3215180;3215180004;180;004;1001;SAWAH
32151800041002;3215180;3215180004;180;004;1002;SAWAH
32151800050001;3215180;3215180005;180;005;0001;RT 001 RW 001 DUSUN GULAMPOK
32151800050002;3215180;3215180005;180;005;0002;RT 002 RW 001 DUSUN GULAMPOK
32151800050003;3215180;3215180005;180;005;0003;RT 003 RW 001 DUSUN GULAMPOK
32151800050004;3215180;3215180005;180;005;0004;RT 004 RW 001 DUSUN GULAMPOK
32151800050005;3215180;3215180005;180;005;0005;RT 005 RW 002 DUSUN CICAU
32151800050006;3215180;3215180005;180;005;0006;RT 006 RW 002 DUSUN CICAU
32151800050007;3215180;3215180005;180;005;0007;RT 007 RW 002 DUSUN CICAU
32151800050008;3215180;3215180005;180;005;0008;RT 008 RW 003 DUSUN TANGKOLO
32151800050009;3215180;3215180005;180;005;0009;RT 009 RW 003 DUSUN TANGKOLO
32151800050010;3215180;3215180005;180;005;0010;RT 010 RW 003 DUSUN TANGKOLO
32151800050011;3215180;3215180005;180;005;0011;RT 011 RW 003 DUSUN TANGKOLO
32151800050012;3215180;3215180005;180;005;0012;RT 012 RW 004 DUSUN KEDUNGSARI
32151800050013;3215180;3215180005;180;005;0013;RT 013 RW 004 DUSUN KEDUNGSARI
32151800051001;3215180;3215180005;180;005;1001;SAWAH
32151800051002;3215180;3215180005;180;005;1002;SAWAH
32151800051003;3215180;3215180005;180;005;1003;SAWAH
32151800060001;3215180;3215180006;180;006;0001;RT 001 RW 001 DUSUN JATI
32151800060002;3215180;3215180006;180;006;0002;RT 002 RW 001 DUSUN JATI
32151800060003;3215180;3215180006;180;006;0003;RT 003 RW 002 DUSUN JATI
32151800060004;3215180;3215180006;180;006;0004;RT 004 RW 002 DUSUN JATI
32151800060005;3215180;3215180006;180;006;0005;RT 005 RW 003 DUSUN CIBATU
32151800060006;3215180;3215180006;180;006;0006;RT 006 RW 003 DUSUN CIBATU
32151800060007;3215180;3215180006;180;006;0007;RT 007 RW 004 DUSUN CITOPENG
32151800060008;3215180;3215180006;180;006;0008;RT 008 RW 004 DUSUN CITOPENG
32151800060009;3215180;3215180006;180;006;0009;RT 009 RW 005 DUSUN CITOPENG
32151800060010;3215180;3215180006;180;006;0010;RT 010 RW 005 DUSUN CITOPENG
32151800061001;3215180;3215180006;180;006;1001;PESAWAHAN
32151800061002;3215180;3215180006;180;006;1002;PESAWAHAN
32151800070001;3215180;3215180007;180;007;0001;RT 001 RW 001 DUSUN BOLANG
32151800070002;3215180;3215180007;180;007;0002;RT 002 RW 001 DUSUN BOLANG
32151800070003;3215180;3215180007;180;007;0003;RT 003 RW 001 DUSUN BOLANG
32151800070004;3215180;3215180007;180;007;0004;RT 004 RW 001 DUSUN BOLANG
32151800070005;3215180;3215180007;180;007;0005;RT 005 RW 002 DUSUN JATIMANGGAH
32151800070006;3215180;3215180007;180;007;0006;RT 006 RW 002 DUSUN JATIMANGGAH
32151800070007;3215180;3215180007;180;007;0007;RT 007 RW 002 DUSUN JATIMANGGAH
32151800070008;3215180;3215180007;180;007;0008;RT 008 RW 002 DUSUN JATIMANGGAH
32151800070009;3215180;3215180007;180;007;0009;RT 009 RW 003 DUSUN KARAJAN
32151800070010;3215180;3215180007;180;007;0010;RT 010 RW 003 DUSUN KARAJAN
32151800070011;3215180;3215180007;180;007;0011;RT 011 RW 003 DUSUN KARAJAN
32151800070012;3215180;3215180007;180;007;0012;RT 012 RW 003 DUSUN KARAJAN
32151800071001;3215180;3215180007;180;007;1001;PESAWAHAN
32151800071002;3215180;3215180007;180;007;1002;SAWAH
32151800080001;3215180;3215180008;180;008;0001;RT 001 RW 001 DUSUN KEDUNGASEM
32151800080002;3215180;3215180008;180;008;0002;RT 002 RW 001 DUSUN KEDUNGASEM
32151800080003;3215180;3215180008;180;008;0003;RT 003 RW 002 DUSUN JATI TENGAH
32151800080004;3215180;3215180008;180;008;0004;RT 004 RW 002 DUSUN JATI TENGAH
32151800080005;3215180;3215180008;180;008;0005;RT 005 RW 003 DUSUN CIWARU I
32151800080006;3215180;3215180008;180;008;0006;RT 006 RW 003 DUSUN CIWARU I
32151800080007;3215180;3215180008;180;008;0007;RT 007 RW 004 DUSUN CIWARU II
32151800080008;3215180;3215180008;180;008;0008;RT 008 RW 004 DUSUN CIWARU II
32151800081001;3215180;3215180008;180;008;1001;SAWAH
32151800081002;3215180;3215180008;180;008;1002;SAWAH
32151800090001;3215180;3215180009;180;009;0001;RT 001 RW 001 DUSUN PULOJAYA 1
32151800090002;3215180;3215180009;180;009;0002;RT 002 RW 001 DUSUN PULOJAYA 1
32151800090003;3215180;3215180009;180;009;0003;RT 003 RW 002 DUSUN PULOJAYA 2
32151800090004;3215180;3215180009;180;009;0004;RT 004 RW 002 DUSUN PULOJAYA 2
32151800090005;3215180;3215180009;180;009;0005;RT 005 RW 003 DUSUN SUMURJAYA 1
32151800090006;3215180;3215180009;180;009;0006;RT 006 RW 003 DUSUN SUMURJAYA 1
32151800090007;3215180;3215180009;180;009;0007;RT 007 RW 003 DUSUN SUMURJAYA1
32151800090008;3215180;3215180009;180;009;0008;RT 008 RW 004 DUSUN SUMURJAYA 2
32151800090009;3215180;3215180009;180;009;0009;RT 009 RW 004 DUSUN SUMURJAYA 2
32151800091001;3215180;3215180009;180;009;1001;SAWAH
32151800091002;3215180;3215180009;180;009;1002;SAWAH
32151800091003;3215180;3215180009;180;009;1003;SAWAH
32151800100001;3215180;3215180010;180;010;0001;RT 001 RW 001 DUSUN KRAJAN
32151800100002;3215180;3215180010;180;010;0002;RT 002 RW 001 DUSUN KRAJAN
32151800100003;3215180;3215180010;180;010;0003;RT 003 RW 001 DUSUN KRAJAN
32151800100004;3215180;3215180010;180;010;0004;RT 004 RW 002 DUSUN KRAJAN
32151800100005;3215180;3215180010;180;010;0005;RT 005 RW 002 DUSUN KRAJAN
32151800100006;3215180;3215180010;180;010;0006;RT 006 RW 002 DUSUN KRAJAN
32151800100007;3215180;3215180010;180;010;0007;RT 007 RW 003 DUSUN JATIMEKAR
32151800100008;3215180;3215180010;180;010;0008;RT 008 RW 003 DUSUN JATIMEKAR
32151800100009;3215180;3215180010;180;010;0009;RT 009 RW 004 DUSUN JATIMULYA
32151800100010;3215180;3215180010;180;010;0010;RT 010 RW 004 DUSUN JATIMULYA
32151800100011;3215180;3215180010;180;010;0011;RT 011 RW 004 DUSUN JATIMULYA
32151800100012;3215180;3215180010;180;010;0012;RT 012 RW 005 DUSUN CINARA
32151800100013;3215180;3215180010;180;010;0013;RT 013 RW 006 DUSUN KARANGMULYA
32151800100014;3215180;3215180010;180;010;0014;RT 014 RW 007 DUSUN SACA
32151800100015;3215180;3215180010;180;010;0015;RT 015 RW 007 DUSUN SACA
32151800100016;3215180;3215180010;180;010;0016;RT 016 RW 008 DUSUN MEKARJAYA
32151800101001;3215180;3215180010;180;010;1001;SAWAH
32151800101002;3215180;3215180010;180;010;1002;SAWAH
32151800101003;3215180;3215180010;180;010;1003;SAWAH
32151800101004;3215180;3215180010;180;010;1004;TAMBAK
32151800110001;3215180;3215180011;180;011;0001;RT 001 RW 001 DUSUN PILANG
32151800110002;3215180;3215180011;180;011;0002;RT 002 RW 001 DUSUN PILANG
32151800110003;3215180;3215180011;180;011;0003;RT 003 RW 001 DUSUN PILANG
32151800110004;3215180;3215180011;180;011;0004;RT 004 RW 001 DUSUN PILANG
32151800110005;3215180;3215180011;180;011;0005;RT 005 RW 002 DUSUN CINARA
32151800110006;3215180;3215180011;180;011;0006;RT 006 RW 002 DUSUN CINARA
32151800110007;3215180;3215180011;180;011;0007;RT 007 RW 003 DUSUN CISOMA
32151800110008;3215180;3215180011;180;011;0008;RT 008 RW 003 DUSUN CISOMA
32151800110009;3215180;3215180011;180;011;0009;RT 009 RW 004 DUSUN TAMBAK SUMUR 1
32151800110010;3215180;3215180011;180;011;0010;RT 010 RW 004 DUSUN TAMBAK SUMUR 1
32151800110011;3215180;3215180011;180;011;0011;RT 011 RW 005 DUSUN TAMBAK SUMUR 2
32151800110012;3215180;3215180011;180;011;0012;RT 012 RW 005 DUSUN TAMBAK SUMUR 2
32151800110013;3215180;3215180011;180;011;0013;RT 013 RW 005 DUSUN TAMBAK SUMUR 2
32151800110014;3215180;3215180011;180;011;0014;RT 014 RW 005 DUSUN TAMBAK SUMUR 2
32151800110015;3215180;3215180011;180;011;0015;RT 015 RW 006 DUSUN SARAKAN
32151800110016;3215180;3215180011;180;011;0016;RT 016 RW 006 DUSUN SARAKAN
32151800110017;3215180;3215180011;180;011;0017;RT 017 RW 007 DUSUN CIBESE
32151800111001;3215180;3215180011;180;011;1001;SAWAH
32151800111002;3215180;3215180011;180;011;1002;SAWAH
32151800111003;3215180;3215180011;180;011;1003;SAWAH
32151900010001;3215190;3215190001;190;001;0001;RT 001 RW 001 DUSUN TANGKIL
32151900010002;3215190;3215190001;190;001;0002;RT 002 RW 001 DUSUN TANGKIL
32151900010003;3215190;3215190001;190;001;0003;RT 003 RW 002 DUSUN PISANG SAMBO
32151900010004;3215190;3215190001;190;001;0004;RT 004 RW 002 DUSUN PISANG SAMBO
32151900010005;3215190;3215190001;190;001;0005;RT 005 RW 002 DUSUN PISANG SAMBO
32151900010006;3215190;3215190001;190;001;0006;RT 006 RW 002 DUSUN PISANG SAMBO
32151900010007;3215190;3215190001;190;001;0007;RT 007 RW 003 DUSUN LOLOHAN 1
32151900010008;3215190;3215190001;190;001;0008;RT 008 RW 003 DUSUN LOLOHAN 1
32151900010009;3215190;3215190001;190;001;0009;RT 009 RW 003 DUSUN LOLOHAN 1
32151900010010;3215190;3215190001;190;001;0010;RT 010 RW 003 DUSUN LOLOHAN 1
32151900010011;3215190;3215190001;190;001;0011;RT 011 RW 004 DUSUN LOLOHAN 2
32151900010012;3215190;3215190001;190;001;0012;RT 012 RW 004 DUSUN LOLOHAN 2
32151900010013;3215190;3215190001;190;001;0013;RT 013 RW 004 DUSUN LOLOHAN 2
32151900010014;3215190;3215190001;190;001;0014;RT 014 RW 004 DUSUN LOLOHAN 2
32151900010015;3215190;3215190001;190;001;0015;RT 015 RW 005 DUSUN GAMPRIT
32151900010016;3215190;3215190001;190;001;0016;RT 016 RW 005 DUSUN GAMPRIT
32151900010017;3215190;3215190001;190;001;0017;RT 017 RW 005 DUSUN GAMPRIT
32151900011001;3215190;3215190001;190;001;1001;SAWAH
32151900011002;3215190;3215190001;190;001;1002;SAWAH
32151900011003;3215190;3215190001;190;001;1003;SAWAH
32151900020001;3215190;3215190002;190;002;0001;RT 001 RW 001 DUSUN TELUKAMPEL I
32151900020002;3215190;3215190002;190;002;0002;RT 002 RW 001 DUSUN TELUKAMPEL I
32151900020003;3215190;3215190002;190;002;0003;RT 003 RW 001 DUSUN TELUKAMPEL I
32151900020004;3215190;3215190002;190;002;0004;RT 004 RW 002 DUSUN TELUKAMPEL II
32151900020005;3215190;3215190002;190;002;0005;RT 005 RW 002 DUSUN TELUKAMPEL II
32151900020006;3215190;3215190002;190;002;0006;RT 006 RW 002 DUSUN TELUKAMPEL II
32151900020007;3215190;3215190002;190;002;0007;RT 007 RW 003 DUSUN TAMBUN I
32151900020008;3215190;3215190002;190;002;0008;RT 008 RW 003 DUSUN TAMBUN I
32151900020009;3215190;3215190002;190;002;0009;RT 009 RW 004 DUSUN TAMBUNSARI
32151900020010;3215190;3215190002;190;002;0010;RT 010 RW 004 DUSUN TAMBUNSARI
32151900021001;3215190;3215190002;190;002;1001;SAWAH
32151900021002;3215190;3215190002;190;002;1002;SAWAH
32151900021003;3215190;3215190002;190;002;1003;SAWAH
32151900030001;3215190;3215190003;190;003;0001;RT 001 RW 001 DUSUN MEKARSARI
32151900030002;3215190;3215190003;190;003;0002;RT 002 RW 001 DUSUN MEKARSARI
32151900030003;3215190;3215190003;190;003;0003;RT 003 RW 001 DUSUN MEKARSARI
32151900030004;3215190;3215190003;190;003;0004;RT 004 RW 001 DUSUN MEKARSARI
32151900030005;3215190;3215190003;190;003;0005;RT 005 RW 002 DUSUN KARYAINDAH
32151900030006;3215190;3215190003;190;003;0006;RT 006 RW 002 DUSUN KARYAINDAH
32151900030007;3215190;3215190003;190;003;0007;RT 007 RW 002 DUSUN KARYAINDAH
32151900030008;3215190;3215190003;190;003;0008;RT 008 RW 002 DUSUN KARYAINDAH
32151900030009;3215190;3215190003;190;003;0009;RT 009 RW 003 DUSUN KARYAMEKAR
32151900030010;3215190;3215190003;190;003;0010;RT 010 RW 003 DUSUN KARYAMEKAR
32151900030011;3215190;3215190003;190;003;0011;RT 011 RW 003 DUSUN KARYAMEKAR
32151900030012;3215190;3215190003;190;003;0012;RT 012 RW 003 DUSUN KARYAMEKAR
32151900030013;3215190;3215190003;190;003;0013;RT 013 RW 004 DUSUN JATIMULYA
32151900030014;3215190;3215190003;190;003;0014;RT 014 RW 004 DUSUN JATIMULYA
32151900030015;3215190;3215190003;190;003;0015;RT 015 RW 004 DUSUN JATIMULYA
32151900030016;3215190;3215190003;190;003;0016;RT 016 RW 004 DUSUN JATIMULYA
32151900030017;3215190;3215190003;190;003;0017;RT 017 RW 005 DUSUN MULYASARI
32151900030018;3215190;3215190003;190;003;0018;RT 018 RW 005 DUSUN MULYASARI
32151900030019;3215190;3215190003;190;003;0019;RT 019 RW 005 DUSUN MULYASARI
32151900030020;3215190;3215190003;190;003;0020;RT 020 RW 005 DUSUN MULYASARI
32151900031001;3215190;3215190003;190;003;1001;WILAYAH BERVEGETASI PERTANIAN
32151900031002;3215190;3215190003;190;003;1002;WILAYAH BERVEGETASI PERTANIAN
32151900031003;3215190;3215190003;190;003;1003;WILAYAH BERVEGETASI PERTANIAN
32151900040001;3215190;3215190004;190;004;0001;RT 001 RW 001 DUSUN TENGAH I
32151900040002;3215190;3215190004;190;004;0002;RT 002 RW 001 DUSUN TENGAH I
32151900040003;3215190;3215190004;190;004;0003;RT 003 RW 001 DUSUN TENGAH I
32151900040004;3215190;3215190004;190;004;0004;RT 004 RW 002 DUSUN TENGAH II
32151900040005;3215190;3215190004;190;004;0005;RT 005 RW 002 DUSUN TENGAH II
32151900040006;3215190;3215190004;190;004;0006;RT 006 RW 002 DUSUN TENGAH II
32151900040007;3215190;3215190004;190;004;0007;RT 007 RW 003 DUSUN KRAMATJAYA
32151900040008;3215190;3215190004;190;004;0008;RT 008 RW 003 DUSUN KRAMATJAYA
32151900040009;3215190;3215190004;190;004;0009;RT 009 RW 003 DUSUN KRAMATJAYA
32151900040010;3215190;3215190004;190;004;0010;RT 010 RW 004 DUSUN GONGCAI II
32151900040011;3215190;3215190004;190;004;0011;RT 011 RW 004 DUSUN GONGCAI II
32151900040012;3215190;3215190004;190;004;0012;RT 012 RW 004 DUSUN GONGCAI II
32151900040013;3215190;3215190004;190;004;0013;RT 013 RW 005 DUSUN GONGCAI I
32151900040014;3215190;3215190004;190;004;0014;RT 014 RW 005 DUSUN GONGCAI I
32151900040015;3215190;3215190004;190;004;0015;RT 015 RW 005 DUSUN GONGCAI I
32151900040016;3215190;3215190004;190;004;0016;RT 016 RW 005 DUSUN GONGCAI I
32151900040017;3215190;3215190004;190;004;0017;RT 017 RW 005 DUSUN GONGCAI I
32151900041001;3215190;3215190004;190;004;1001;SAWAH
32151900050001;3215190;3215190005;190;005;0001;RT 001 RW 001 DUSUN KRAJAN I
32151900050002;3215190;3215190005;190;005;0002;RT 002 RW 001 DUSUN KRAJAN I
32151900050003;3215190;3215190005;190;005;0003;RT 003 RW 001 DUSUN KRAJAN I
32151900050004;3215190;3215190005;190;005;0004;RT 004 RW 002 DUSUN KRAJAN II
32151900050005;3215190;3215190005;190;005;0005;RT 005 RW 002 DUSUN KRAJAN II
32151900050006;3215190;3215190005;190;005;0006;RT 006 RW 002 DUSUN KRAJAN II
32151900050007;3215190;3215190005;190;005;0007;RT 007 RW 003 DUSUN JATIMULYA
32151900050008;3215190;3215190005;190;005;0008;RT 008 RW 003 DUSUN JATIMULYA
32151900051001;3215190;3215190005;190;005;1001;WILAYAH BERVEGETASI PERTANIAN
32151900060002;3215190;3215190006;190;006;0002;RT 002 RW 002 DUSUN BAKUNG SELATAN
32151900060004;3215190;3215190006;190;006;0004;RT 004 RW 002 DUSUN BAKUNG SELATAN
32151900060006;3215190;3215190006;190;006;0006;RT 006 RW 003 DUSUN BAKUNG UTARA
32151900060007;3215190;3215190006;190;006;0007;RT 007 RW 004 DUSUN MERAKAN
32151900060010;3215190;3215190006;190;006;0010;RT 010 RW 006 DUSUN SUNGAI TERONG
32151900060011;3215190;3215190006;190;006;0011;RT 001A RW 001 DUSUN RENGAS
32151900060012;3215190;3215190006;190;006;0012;RT 001B RW 001 DUSUN RENGAS
32151900060013;3215190;3215190006;190;006;0013;RT 003A RW 002 DUSUN BAKUNG SELATAN
32151900060014;3215190;3215190006;190;006;0014;RT 003B RW 002 DUSUN BAKUNG SELATAN
32151900060015;3215190;3215190006;190;006;0015;RT 005A RW 003 DUSUN BAKUNG UTARA
32151900060016;3215190;3215190006;190;006;0016;RT 005B RW 003 DUSUN BAKUNG UTARA
32151900060017;3215190;3215190006;190;006;0017;RT 008A RW 004 DUSUN KOBAK GABUS
32151900060018;3215190;3215190006;190;006;0018;RT 008B RW 004 DUSUN KOBAK GABUS
32151900060019;3215190;3215190006;190;006;0019;RT 009A RW 005 DUSUN CIKERUH
32151900060020;3215190;3215190006;190;006;0020;RT 009B RW 005 DUSUN CIKERUH
32151900061001;3215190;3215190006;190;006;1001;KARYABHAKTI
32151900061002;3215190;3215190006;190;006;1002;KARYABHAKTI
32151900061003;3215190;3215190006;190;006;1003;KARYABHAKTI
32151900070001;3215190;3215190007;190;007;0001;RT 001 RW 001 DUSUN RENGAS JAYA
32151900070002;3215190;3215190007;190;007;0002;RT 002 RW 001 DUSUN RENGAS JAYA
32151900070003;3215190;3215190007;190;007;0003;RT 004 RW 002 DUSUN KOSAMBI JAYA
32151900070004;3215190;3215190007;190;007;0004;RT 005 RW 002 DUSUN KOSAMBI JAYA
32151900070005;3215190;3215190007;190;007;0005;RT 006 RW 003 DUSUN KOSAMBI MEKAR
32151900070006;3215190;3215190007;190;007;0006;RT 007 RW 003 DUSUN KOSAMBI MEKAR
32151900070007;3215190;3215190007;190;007;0007;RT 008 RW 004 DUSUN MEKAR KEMBANG
32151900070008;3215190;3215190007;190;007;0008;RT 009 RW 004 DUSUN MEKAR KEMBANG
32151900070009;3215190;3215190007;190;007;0009;RT 010 RW 005 DUSUN MEDAN JAYA
32151900070010;3215190;3215190007;190;007;0010;RT 011 RW 005 DUSUN MEDAN JAYA
32151900070011;3215190;3215190007;190;007;0011;RT 003 RW 001 DUSUN RENGAS JAYA
32151900071001;3215190;3215190007;190;007;1001;SAWAH
32151900071002;3215190;3215190007;190;007;1002;SAWAH
32151900071003;3215190;3215190007;190;007;1003;SAWAH
32151900071004;3215190;3215190007;190;007;1004;SAWAH
32151900080001;3215190;3215190008;190;008;0001;RT 001 RW 001 DUSUN KRAJAN
32151900080003;3215190;3215190008;190;008;0003;RT 003 RW 001 DUSUN KRAJAN
32151900080004;3215190;3215190008;190;008;0004;RT 004 RW 002. DUSUN BATUJAYA
32151900080005;3215190;3215190008;190;008;0005;RT 005 RW 002 DUSUN BATUJAYA
32151900080006;3215190;3215190008;190;008;0006;RT 006 RW 002 DUSUN BATUJAYA
32151900080007;3215190;3215190008;190;008;0007;RT 007 A RW 003 DUSUN MEKARJAYA
32151900080008;3215190;3215190008;190;008;0008;RT 007 B RW 003 DUSUN MEKARJAYA
32151900080013;3215190;3215190008;190;008;0013;RT 012 RW 004 DUSUN BINAJAYA
32151900080014;3215190;3215190008;190;008;0014;RT 013 RW 004 DUSUN BINAJAYA
32151900080015;3215190;3215190008;190;008;0015;RT 011 RW 005 DUSUN BAKTIJAYA
32151900080016;3215190;3215190008;190;008;0016;RT 015 RW 005 DUSUN BAKTIJAYA
32151900080017;3215190;3215190008;190;008;0017;RT 002A RW 001 DUSUN KRAJAN
32151900080018;3215190;3215190008;190;008;0018;RT 002B RW 001 DUSUN KRAJAN
32151900080019;3215190;3215190008;190;008;0019;RT 008A RW 003 DUSUN MEKARJAYA
32151900080020;3215190;3215190008;190;008;0020;RT 008B RW 003 DUSUN MEKARJAYA
32151900080021;3215190;3215190008;190;008;0021;RT 009A RW 004 DUSUN BINAJAYA
32151900080022;3215190;3215190008;190;008;0022;RT 009B RW 004 DUSUN BINAJAYA
32151900080023;3215190;3215190008;190;008;0023;RT 014A RW 003 DUSUN MEKARJAYA
32151900080024;3215190;3215190008;190;008;0024;RT 014B RW 003 DUSUN MEKARJAYA
32151900080025;3215190;3215190008;190;008;0025;RT 010A RW 004 DUSUN BINAJAYA
32151900080026;3215190;3215190008;190;008;0026;RT 010B RW 004 DUSUN BINAJAYA
32151900081001;3215190;3215190008;190;008;1001;PERSAWAHAN
32151900081002;3215190;3215190008;190;008;1002;PERSAWAHAN
32151900081003;3215190;3215190008;190;008;1003;PERSAWAHAN
32151900081004;3215190;3215190008;190;008;1004;PERSAWAHAN
32151900081005;3215190;3215190008;190;008;1005;PERSAWAHAN
32151900081006;3215190;3215190008;190;008;1006;PERSAWAHAN
32151900090001;3215190;3215190009;190;009;0001;RT 001 RW 001 DUSUN RAWA INDAH
32151900090002;3215190;3215190009;190;009;0002;RT 002 RW 001 DUSUN RAWA INDAH
32151900090003;3215190;3215190009;190;009;0003;RT 003 RW 001 DUSUN RAWA INDAH
32151900090004;3215190;3215190009;190;009;0004;RT 004 RW 001 DUSUN RAWA INDAH
32151900090005;3215190;3215190009;190;009;0005;RT 005 RW 001 DUSUN RAWA INDAH
32151900090006;3215190;3215190009;190;009;0006;RT 006 RW 002 DUSUN SEGARAN
32151900090007;3215190;3215190009;190;009;0007;RT 007 RW 002 DUSUN SEGARAN
32151900090008;3215190;3215190009;190;009;0008;RT 008 RW 003 DUSUN SEGARAN
32151900090009;3215190;3215190009;190;009;0009;RT 009 RW 003 DUSUN SEGAR TANJUNG
32151900090010;3215190;3215190009;190;009;0010;RT 010 A RW 003 DUSUN SEGAR TANJUNG
32151900090011;3215190;3215190009;190;009;0011;RT 010 B RW 003 DUSUN SEGAR TANJUNG
32151900090012;3215190;3215190009;190;009;0012;RT 011 RW 004 DUSUN SUMUR JAYA
32151900090013;3215190;3215190009;190;009;0013;RT 012 RW 004 DUSUN SUMUR JAYA
32151900090014;3215190;3215190009;190;009;0014;RT 013 RW 004 DUSUN SUMUR JAYA
32151900090015;3215190;3215190009;190;009;0015;RT 014 RW 004 DUSUN SUMUR JAYA
32151900091001;3215190;3215190009;190;009;1001;PERSAWAHAN/PERTANIAN
32151900091002;3215190;3215190009;190;009;1002;PERSAWAHAN/PERTANIAN
32151900091003;3215190;3215190009;190;009;1003;PERSAWAHAN/PERTANIAN
32151900091004;3215190;3215190009;190;009;1004;PERSAWAHAN/PERTANIAN
32151900091005;3215190;3215190009;190;009;1005;PERSAWAHAN/PERTANIAN
32151900091006;3215190;3215190009;190;009;1006;PERSAWAHAN/PERTANIAN
32151900091007;3215190;3215190009;190;009;1007;PERSAWAHAN/PERTANIAN
32151900100001;3215190;3215190010;190;010;0001;RT 001 RW 001 DUSUN KALI ASIN 1
32151900100002;3215190;3215190010;190;010;0002;RT 002 RW 001 DUSUN KALI ASIN 1
32151900100003;3215190;3215190010;190;010;0003;RT 003 RW 001 DUSUN KALI ASIN 1
32151900100004;3215190;3215190010;190;010;0004;RT 004 RW 001 DUSUN KALI ASIN 1
32151900100005;3215190;3215190010;190;010;0005;RT 005A RW 001 DUSUN KALI ASIN 1
32151900100006;3215190;3215190010;190;010;0006;RT 006 RW 002 DUSUN KALI ASIN 2
32151900100007;3215190;3215190010;190;010;0007;RT 007A RW 002 DUSUN KALI ASIN 2
32151900100008;3215190;3215190010;190;010;0008;RT 008 RW 002 DUSUN KALI ASIN 2
32151900100009;3215190;3215190010;190;010;0009;RT 009 RW 002 DUSUN KALI ASIN 2
32151900100010;3215190;3215190010;190;010;0010;RT 010A RW 003 DUSUN KARANG MULYA
32151900100011;3215190;3215190010;190;010;0011;RT 011 RW 003 DUSUN KARANG MULYA
32151900100012;3215190;3215190010;190;010;0012;RT 012 RW 003 DUSUN KARANG MULYA
32151900100013;3215190;3215190010;190;010;0013;RT 013A RW 003 DUSUN KARANG MULYA
32151900100014;3215190;3215190010;190;010;0014;RT 005B RW 001 DUSUN KALI ASIN 1
32151900100015;3215190;3215190010;190;010;0015;RT 007B RW 002 DUSUN KALI ASIN 2
32151900100016;3215190;3215190010;190;010;0016;RT 010B RW 003 DUSUN KARANG MULYA
32151900100017;3215190;3215190010;190;010;0017;RT 013B RW 003 DUSUN KARANGMULYA
32151900101001;3215190;3215190010;190;010;1001;SAWAH
32151900101002;3215190;3215190010;190;010;1002;SAWAH
32151900101003;3215190;3215190010;190;010;1003;SAWAH
32151900101005;3215190;3215190010;190;010;1005;SAWAH
32151900101006;3215190;3215190010;190;010;1006;SAWAH
32151900101007;3215190;3215190010;190;010;1007;SAWAH
32151900103004;3215190;3215190010;190;010;3004;LAHAN TERBUKA
32152000010001;3215200;3215200001;200;001;0001;RT 001 RW 001 DUSUN PEGADUNGAN
32152000010002;3215200;3215200001;200;001;0002;RT 002 RW 001 DUSUN PEGADUNGAN
32152000010003;3215200;3215200001;200;001;0003;RT 003 RW 002 DUSUN KALI ASIN
32152000010004;3215200;3215200001;200;001;0004;RT 004 RW 002 DUSUN KALI ASIN
32152000010005;3215200;3215200001;200;001;0005;RT 005 RW 002 DUSUN KALI ASIN
32152000010006;3215200;3215200001;200;001;0006;RT 006 RW 003 DUSUN KALI JAYA
32152000010007;3215200;3215200001;200;001;0007;RT 007 RW 003 DUSUN KALI JAYA
32152000010008;3215200;3215200001;200;001;0008;RT 008 RW 003 DUSUN KALI JAYA
32152000010009;3215200;3215200001;200;001;0009;RT 009 RW 004 DUSUN WAGIR JAYA
32152000010010;3215200;3215200001;200;001;0010;RT 010 RW 004 DUSUN WAGIR JAYA
32152000010011;3215200;3215200001;200;001;0011;RT 011 RW 004 DUSUN WAGIR JAYA
32152000020001;3215200;3215200002;200;002;0001;RT 001 RW 001 DUSUN TENJOJAYA
32152000020002;3215200;3215200002;200;002;0002;RT 002 RW 001 DUSUN TENJOJAYA
32152000020003;3215200;3215200002;200;002;0003;RT 003 RW 001 DUSUN TENJOJAYA
32152000020004;3215200;3215200002;200;002;0004;RT 004 RW 002 DUSUN TELUKBUYUNG
32152000020005;3215200;3215200002;200;002;0005;RT 005 RW 002 DUSUN TELUKBUYUNG
32152000020006;3215200;3215200002;200;002;0006;RT 006 RW 003 DUSUN TANJUNGJAYA
32152000020007;3215200;3215200002;200;002;0007;RT 007 RW 003 DUSUN TANJUNGJAYA
32152000020008;3215200;3215200002;200;002;0008;RT 008 RW 004 DUSUN TELAGAHERANG
32152000020009;3215200;3215200002;200;002;0009;RT 009 RW 004 DUSUN TELAGAHERANG
32152000020010;3215200;3215200002;200;002;0010;RT 010 RW 004 DUSUN TELAGAHERANG
32152000020011;3215200;3215200002;200;002;0011;RT 011 RW 004 DUSUN TELAGAHERANG
32152000021001;3215200;3215200002;200;002;1001;SAWAH
32152000021002;3215200;3215200002;200;002;1002;SAWAH
32152000021003;3215200;3215200002;200;002;1003;SAWAH
32152000030001;3215200;3215200003;200;003;0001;RT 001 RW 001 DUSUN BUGIS SELATAN
32152000030002;3215200;3215200003;200;003;0002;RT 002 RW 001 DUSUN BUGIS SELATAN
32152000030003;3215200;3215200003;200;003;0003;RT 003 RW 001 DUSUN BUGIS SELATAN
32152000030004;3215200;3215200003;200;003;0004;RT 004 RW 001 DUSUN BUGIS SELATAN
32152000030005;3215200;3215200003;200;003;0005;RT 005 RW 001 DUSUN BUGIS SELATAN
32152000030006;3215200;3215200003;200;003;0006;RT 006 RW 002 DUSUN BUGIS SELATAN
32152000030007;3215200;3215200003;200;003;0007;RT 007 RW 002 DUSUN BUGIS UTARA
32152000030008;3215200;3215200003;200;003;0008;RT 008 RW 002 DUSUN BUGIS UTARA
32152000030009;3215200;3215200003;200;003;0009;RT 009 RW 002 DUSUN BUGIS UTARA
32152000030010;3215200;3215200003;200;003;0010;RT 010 RW 002 DUSUN BUGIS UTARA
32152000030011;3215200;3215200003;200;003;0011;RT 011 RW 003 DUSUN MELAYU
32152000030012;3215200;3215200003;200;003;0012;RT 012 RW 003 DUSUN MELAYU
32152000030013;3215200;3215200003;200;003;0013;RT 013 RW 003 DUSUN MELAYU
32152000030014;3215200;3215200003;200;003;0014;RT 014 RW 004 DUSUN KAMAL
32152000030015;3215200;3215200003;200;003;0015;RT 015 RW 004 DUSUN KAMAL
32152000031001;3215200;3215200003;200;003;1001;SAWAH
32152000031002;3215200;3215200003;200;003;1002;SAWAH
32152000031003;3215200;3215200003;200;003;1003;SAWAH
32152000040001;3215200;3215200004;200;004;0001;RT 001 RW 001 DUSUN 001
32152000040002;3215200;3215200004;200;004;0002;RT 002 RW 001 DUSUN 001
32152000040003;3215200;3215200004;200;004;0003;RT 003 RW 001 DUSUN 001
32152000040004;3215200;3215200004;200;004;0004;RT 004 RW 002 DUSUN 002
32152000040005;3215200;3215200004;200;004;0005;RT 005 RW 002 DUSUN 002
32152000040006;3215200;3215200004;200;004;0006;RT 006 RW 003 DUSUN 003
32152000040007;3215200;3215200004;200;004;0007;RT 007 RW 003 DUSUN 003
32152000040008;3215200;3215200004;200;004;0008;RT 008 RW 004 DUSUN 004
32152000040009;3215200;3215200004;200;004;0009;RT 009 RW 005 DUSUN 005
32152000040010;3215200;3215200004;200;004;0010;RT 010 RW 005 DUSUN 005
32152000040011;3215200;3215200004;200;004;0011;RT 011 RW 006 DUSUN 006
32152000041002;3215200;3215200004;200;004;1002;SAWAH
32152000046001;3215200;3215200004;200;004;6001;TAMBAK
32152000050001;3215200;3215200005;200;005;0001;RT 001 RW 001 DUSUN KELAPA DUA
32152000050002;3215200;3215200005;200;005;0002;RT 002 RW 001 DUSUN KELAPA DUA
32152000050003;3215200;3215200005;200;005;0003;RT 003 RW 001 DUSUN KELAPA DUA
32152000050004;3215200;3215200005;200;005;0004;RT 001 RW 002 DUSUN BABAKAN
32152000050005;3215200;3215200005;200;005;0005;RT 002 RW 002 DUSUN BABAKAN
32152000050006;3215200;3215200005;200;005;0006;RT 003 RW 002 DUSUN BABAKAN
32152000050007;3215200;3215200005;200;005;0007;RT 001 RW 003 DUSUN KEDAWUNG
32152000050008;3215200;3215200005;200;005;0008;RT 002 RW 003 DUSUN KEDAWUNG
32152000050009;3215200;3215200005;200;005;0009;RT 003 RW 003 DUSUN KEDAWUNG
32152000050010;3215200;3215200005;200;005;0010;RT 004 RW 003 DUSUN KEDAWUNG
32152000051001;3215200;3215200005;200;005;1001;SAWAH
32152000051002;3215200;3215200005;200;005;1002;SAWAH
32152000060001;3215200;3215200006;200;006;0001;RT 001 RW 001 DUSUN CABANG
32152000060002;3215200;3215200006;200;006;0002;RT 002 RW 001 DUSUN CABANG
32152000060003;3215200;3215200006;200;006;0003;RT 003 RW 001 DUSUN CABANG
32152000060004;3215200;3215200006;200;006;0004;RT 001 RW 002 DUSUN KALIJAYA
32152000060005;3215200;3215200006;200;006;0005;RT 002 RW 002 DUSUN KALIJAYA
32152000060006;3215200;3215200006;200;006;0006;RT 001 RW 003 DUSUN GALIAN
32152000060007;3215200;3215200006;200;006;0007;RT 002 RW 003 DUSUN GALIAN
32152000060008;3215200;3215200006;200;006;0008;RT 001 RW 004 DUSUN BUNGIN
32152000060009;3215200;3215200006;200;006;0009;RT 002 RW 004 DUSUN BUNGIN
32152000070001;3215200;3215200007;200;007;0001;RT 001 RW 001 DUSUN BUNGIN
32152000070002;3215200;3215200007;200;007;0002;RT 002 RW 001 DUSUN BUNGIN
32152000070003;3215200;3215200007;200;007;0003;RT 003 RW 002 DUSUN BUNGIN
32152000070004;3215200;3215200007;200;007;0004;RT 004 RW 002 DUSUN BUNGIN
32152000070005;3215200;3215200007;200;007;0005;RT 005 RW 002 DUSUN BUNGIN
32152000070006;3215200;3215200007;200;007;0006;RT 001 RW 003 DUSUN KARANG JAYA
32152000070007;3215200;3215200007;200;007;0007;RT 002 RW 003 DUSUN KARANG JAYA
32152000070008;3215200;3215200007;200;007;0008;RT 003 RW 004 DUSUN KARANG JAYA
32152000070009;3215200;3215200007;200;007;0009;RT 004 RW 004 DUSUN KARANG JAYA
32152000070010;3215200;3215200007;200;007;0010;RT 001 RW 005 DUSUN PAKIS I
32152000070011;3215200;3215200007;200;007;0011;RT 002 RW 005 DUSUN PAKIS I
32152000070012;3215200;3215200007;200;007;0012;RT 003 RW 006 DUSUN PAKIS I
32152000070013;3215200;3215200007;200;007;0013;RT 004 RW 006 DUSUN PAKIS I
32152000070014;3215200;3215200007;200;007;0014;RT 001 RW 007 DUSUN PAKIS II
32152000070015;3215200;3215200007;200;007;0015;RT 002 RW 007 DUSUN PAKIS II
32152000070016;3215200;3215200007;200;007;0016;RT 001 RW 008 DUSUN SOMPEK
32152000070017;3215200;3215200007;200;007;0017;RT 002 RW 009 DUSUN SOMPEK
32152000070018;3215200;3215200007;200;007;0018;RT 001 RW 010 DUSUN MEKAR JAYA
32152000070019;3215200;3215200007;200;007;0019;RT 002 RW 010 DUSUN MEKAR JAYA
32152000080001;3215200;3215200008;200;008;0001;RT 001 RW 001 DUSUN KERAJAN
32152000080002;3215200;3215200008;200;008;0002;RT 002 RW 001 DUSUN KERAJAN
32152000080003;3215200;3215200008;200;008;0003;RT 003 RW 001 DUSUN KERAJAN
32152000080004;3215200;3215200008;200;008;0004;RT 004 RW 002 DUSUN KENDAL
32152000080005;3215200;3215200008;200;008;0005;RT 005 RW 002 DUSUN KENDAL
32152000080006;3215200;3215200008;200;008;0006;RT 006 RW 002 DUSUN KENDAL
32152000080007;3215200;3215200008;200;008;0007;RT 007 RW 003 DUSUN BARU I
32152000080008;3215200;3215200008;200;008;0008;RT 008 RW 003 DUSUN BARU I
32152000080009;3215200;3215200008;200;008;0009;RT 009 RW 003 DUSUN BARU I
32152000080010;3215200;3215200008;200;008;0010;RT 010 RW 004 DUSUN BARU II
32152000080011;3215200;3215200008;200;008;0011;RT 011 RW 004 DUSUN BARU II
32152000080012;3215200;3215200008;200;008;0012;RT 012 RW 004 DUSUN BARU II
32152000080013;3215200;3215200008;200;008;0013;RT 013 RW 004 DUSUN BARU II
32152000080014;3215200;3215200008;200;008;0014;RT 014 RW 004 DUSUN BARU II
